rank,title,year,description,geek_rating,avg_rating,num_voters,price,number_of_players,play_time,suggested_age,complexity,designers,artists,publishers,developer,categories,mechanisms,relationship901,Coal Baron,2013,"Mine coal, fulfill and deliver orders as you vie to become the top coal baron.",6.709,7.26,5394,,2–4–,60–75–,10+,2.54 / 5,Michael Kiesling / Wolfgang Kramer,Frédéric Brogard / Dennis Lohausen,C and C Publishing / eggertspiele / Delta Vision Publishing / Gigamic / Lacerta / Ludonova / Passe Ton Tour Games / Pegasus Spiele / R&R Games,Viktor Kobilke,Industry / Manufacturing / Trains / Transportation,Action Points / Area Majority / Influence / Contracts / Pick-up and Deliver / Set Collection / Tile Placement / Worker Placement,Reimplemented by: + 0more
902,Unstoppable,2025,"Gather your allies and sharpen your skills, for the darkest days are yet to come.",6.709,8.36,1892,$65.10,1–2–,30–90–,14+,2.98 / 5,John D. Clair,Cold Castle Studios / Giuseppe De Iure / Bryant Grizzle / Gunship Revolution / Damien Mammoliti / Pippi Maza / Fabian Parente / Jacopo Schiavo / Darko Stojanovic,Renegade Game Studios / GaGa Games / Gen-X Games (GenX) / Intrafin Games / Rexhry / Schwerkraft-Verlag,John Brieger / Jordan Johnson / Jordan M. A. Johnson,Card Game / Fantasy / Science Fiction,"Cooperative Game / Deck Construction / Deck, Bag, and Pool Building / Hand Management / Solo / Solitaire Game",Reimplemented by: + 0more
903,Dogs of War,2014,"Command a mercenary army in a steampunk-influenced renaissance universe,",6.709,7.52,3681,,3–5–,75,14+,2.64 / 5,Paolo Mori,Mathieu Harlaut / Christophe Madura / Edu Valls,Cool Mini Or Not / asmodee / Edge Entertainment / Pendragon Game Studio / Play to Z / Spaghetti Western Games,N/A,Abstract Strategy / Fantasy / Negotiation / Renaissance / Wargame,Area Majority / Influence / Hand Management / Tug of War / Variable Player Powers / Worker Placement,
904,Black Rose Wars: Rebirth,2023,"In the ruins of the Black Rose Lodge, mages battle to become the new Grand Magister.",6.709,8.38,2127,,1–4–,90–240–,14+,3.74 / 5,Andrea Colletti / Diego Fonseca / Marco Montanaro,Simone de Paolis / Angelica Donarini / Cristian Casado Otazu / Giovanni Pirrotta / Vincenzo Pratticò,Ludus Magnus Studio / Czacha Games / Hobby World / Intrafin Games / Pegasus Spiele / Rawstone / Ігромаг,Marco Presentino,Card Game / Fantasy / Miniatures,"Card Play Conflict Resolution / Deck, Bag, and Pool Building / End Game Bonuses / Hand Management / Modular Board / Scenario / Mission / Campaign Game / Simultaneous Action Selection / Solo / Solitaire Game / Variable Player Powers",
905,Blokus,2000,Fit your tiles on a shared board with not enough space for everyone.,6.708,6.86,29696,$17.99,2–4–,30,7+,1.73 / 5,Bernard Tavitian,Alan D. Hoch,"Educational Insights / Mattel, Inc. / (Unknown) / Alary Games / Beverly Enterprises, Inc. / danspil / Divisible By Zero (DBZ) Aust Pty Ltd / Educa Korea / Euro World / FoxMind Israel / Granna / Green Board Game Co. / Heidelberger Spieleverlag / Hodin / Kaissa Chess & Games / Korea Boardgames / Piatnik Distribution / QfreeGames / Ravensburger AG / Sekkoia / Super Impulse / Winning Moves France / Winning Moves Germany",N/A,Abstract Strategy / Territory Building,Chaining / Enclosure / Grid Coverage / Hand Management / Player Elimination / Square Grid / Tile Placement,Reimplemented by: + 5more
906,Creature Caravan,2024,Caravans of fantasy creatures travel through a dangerous land.,6.707,7.79,2714,,1–4–,60–90–,8+,2.43 / 5,Ryan Laukat,Ryan Laukat,Red Raven Games / Ghenos Games / Lucky Duck Games / Reflexshop / Rexhry / Schwerkraft-Verlag,N/A,Card Game / Fantasy / Travel,Hand Management / Modular Board / Movement Points / Multi-Use Cards / Set Collection / Simultaneous Action Selection / Worker Placement with Dice Workers,
907,K2,2010,Compete to reach the top of an extremely dangerous Himalayan peak.,6.707,7.00,11020,,1–5–,60,8+,2.25 / 5,Adam Kałuża,Jarek Nocoń,"Rebel Sp. z o.o. / Common Man Games / Ediciones MasQueOca / Heidelberger Spieleverlag / IGAMES / Pygmalino / Rebel Studio / Swan Panasia Co., Ltd. / テンデイズゲームズ (TendaysGames) / White Goblin Games",N/A,Adventure / Exploration / Sports,Hand Management / Movement Points / Player Elimination / Point to Point Movement / Push Your Luck / Simultaneous Action Selection / Solo / Solitaire Game / Turn Order: Progressive / Variable Set-up,
908,Smash Up: Awesome Level 9000,2013,"Now you can fight with killer plants, ghosts, steampunk, and bear cavalry!",6.707,7.21,7202,,2,45,12+,2.12 / 5,Paul Peterson,Conceptopolis / Dinobot Illustration,Alderac Entertainment Group / Bard Centrum Gier / Edge Entertainment / Galápagos Jogos / Hobby World / IELLO / Kaissa Chess & Games / Pegasus Spiele / uplay.it edizioni,Todd Rowland / Mark Wootton,Card Game / Fantasy / Horror / Humor / Spies / Secret Agents,Area Majority / Influence / Hand Management / Take That / Variable Player Powers,
909,Between Two Cities,2015,Build a shared city with each of your neighbours. Can you make both thrive?,6.706,6.97,11821,,1–7–,25,14+,1.81 / 5,Matthew O'Malley / Ben Rosset,Beth Sobel,Stonemaier Games / 64 Ounce Games / Arclight Games / Broadway Toys LTD / Ghenos Games / Korea Boardgames / Morning / Reflexshop / SD Games,N/A,City Building / Negotiation,Closed Drafting / Highest-Lowest Scoring / Neighbor Scope / Set Collection / Simultaneous Action Selection / Solo / Solitaire Game / Tile Placement,Reimplemented by: + 0more
910,Evacuation,2023,"Evacuate the planet with spaceships before it burns up, and populate the new world.",6.706,7.48,3812,$39.99,1–4–,60–150–,12+,3.98 / 5,Vladimír Suchý,Michal Peichl,Delicious Games / Arrakis Games / Fox in the Box / Intrafin Games / Jumping Turtle Games / Mosaico Jogos / MTS Games / Pegasus Spiele / Portal Games / Rio Grande Games / 数寄ゲームズ (Suki Games) / Tesla Games / YOKA Games,Vladimír Suchý,Industry / Manufacturing / Racing / Science Fiction / Territory Building,Hand Management / Highest-Lowest Scoring / Income / Pick-up and Deliver / Solo / Solitaire Game,
911,Finca,2009,Use your farmers to acquire produce then deliver it where those goods are needed.,6.706,7.07,8476,$33.44,2–5–,45,10+,2.07 / 5,Wolfgang Sentker / Ralf zur Linde,Vincent Dutrait / Joan Guardiet / Franz Vohwinkel,"Hans im Glück / Pandasaurus Games / Albi / Arclight Games / Devir / Evrikus / Filosofia Éditions / franjos Spieleverlag / Ghenos Games / Giochi Uniti / Lautapelit.fi / Piatnik Distribution / Rio Grande Games / Swan Panasia Co., Ltd.",N/A,Economic / Farming,Contracts / Mancala / Once-Per-Game Abilities / Rondel / Set Collection,
912,Empire of the Sun: The Pacific War 1941-1945,2005,Strategic-level conflict simulation covering the Pacific War between US and Japan.,6.705,8.25,2175,,1–2–,360,12+,4.40 / 5,Mark Herman,Dave Lawrence / Rodger B. MacGowan / Mark Simonitch,GMT Games / Devir,N/A,Nautical / Wargame / World War II,Action Points / Campaign / Battle Card Driven / Dice Rolling / Grid Movement / Hexagon Grid / Ratio / Combat Results Table / Simulation,
913,Century: Eastern Wonders,2018,Explore the high seas to establish new spice trading networks among the islands.,6.705,7.10,8071,$29.98,2–4–,30–45–,8+,2.11 / 5,Emerson Matsuuchi,Atha Kanaani / Chris Quilliams,Plan B Games / Arclight Games / asmodee / Bright World Games / Broadway Toys LTD / Cube Factory of Ideas / Devir / Esdevium / Gamemasters Inc. / LudoSentinel / Mandoo Games / Pegasus Spiele / Piatnik / Piatnik Distribution,N/A,Nautical,Contracts / Grid Movement / Modular Board / Pick-up and Deliver / Point to Point Movement / Set Collection,Reimplemented by: + 0more
914,Tumblin' Dice,2004,Flick and push dice down wooden platforms and knock out the competition to win!,6.705,7.26,5202,,1–6–,20–45–,7+,1.05 / 5,Carey Grayson / Randy Nash / Rick Soued,Carey Grayson,Eagle-Gryphon Games / Ferti / JELLY JELLY GAMES / Nash Games / OPEN'N PLAY / Playte / Popcorn Games,N/A,Action / Dexterity / Dice / Party Game,Dice Rolling / Flicking,Reimplemented by: + 0more
915,Codex Naturalis,2021,"Compile a manuscript of overlapping pages revealing plants, animals, bugs, and fungi.",6.704,7.22,6461,,1–4–,20–30–,7+,1.76 / 5,Thomas Dupont,Maxime Morin,Bombyx / Cranio Creations / Dexker Games / HUCH! / Lifestyle Boardgames Ltd / Maldito Games / MINDOK / Mostafil Games / MTS Games / Pandasaurus Games / Yayoi The Dreamer,N/A,Card Game / Environmental,Hand Management / Layering / Open Drafting / Pattern Building,
916,The Networks: Primetime,2016,"TV executives compete for stars, shows, and ads to ensure their network is #1.",6.703,7.13,6943,,1–5–,60–90–,13+,2.60 / 5,Gil Hova,Heiko Günther / Travis Kinchy,Formal Ferret Games / Allplay / Board&Dice / Mandoo Games / One Moment Games,N/A,Economic / Humor / Movies / TV / Radio theme,End Game Bonuses / Income / Open Drafting / Set Collection / Solo / Solitaire Game / Turn Order: Stat-Based,Reimplemented by: + 0more
917,A War of Whispers,2019,Manipulate empires from the shadows as you outwit and outmaneuver the competition!,6.703,7.29,5263,$48.00,2–4–,30–60–,14+,2.57 / 5,Jeremy Stoltzfus,Tomasz Jedruszek / Dann May,Starling Games (II) / asmodee / Corax Games / Galakta / Hobby World / Jianjie Star Games / Matagot / Tycoon Games,Dann May / Brenna Noonan,Fantasy / Political / Spies / Secret Agents / Wargame,Area Majority / Influence / Betting and Bluffing / Hidden Victory Points / Take That / Worker Placement,
918,Blue Lagoon,2018,Explore an unsettled archipelago and connect your villages by land and sea...twice!,6.702,7.21,5851,$85.95,2–4–,30–45–,8+,2.04 / 5,Reiner Knizia,Tomasz Larek,Blue Orange (EU) / Blue Orange Games / ADC Blackfire Entertainment / Amo Oy / Arclight Games / Broadway Toys LTD / Funiverse / Gemblo Company / Grok Games / Happy Color / Mandoo Games / Zvezda,N/A,Abstract Strategy,Area Majority / Influence / Chaining / Connections / End Game Bonuses / Hexagon Grid / Network and Route Building / Set Collection / Variable Set-up,
919,My Little Scythe,2018,"Gather fruits and gems, encounter events, and start friendships (or pie fights!).",6.702,7.20,6371,$60.00,1–6–,45–60–,8+,2.03 / 5,Hoby Chou / Vienna Chou,Noah Adelman / Katie Khau,Stonemaier Games / (Web published) / Albi / Arclight Games / Automa Factory / CrowD Games / Delta Vision Publishing / Ghenos Games / Grok Games / Maldito Games / Matagot / Mirakulus / PHALANX / Spiele-Offensive.de,Joseph Pilkus,Children's Game / Exploration / Fantasy / Fighting,Area Majority / Influence / Card Play Conflict Resolution / Dice Rolling / Force Commitment / Grid Movement / Hexagon Grid / Movement Points / Narrative Choice / Paragraph / Pick-up and Deliver / Set Collection / Solo / Solitaire Game / Take That / Tech Trees / Tech Tracks / Variable Player Powers,Reimplements: Scythe
920,Circadians: First Light,2019,Open negotiations and build coalitions with new species in space.,6.701,7.51,3629,$55.50,1–4–,60–90–,12+,3.37 / 5,S J Macdonald,Sam Phillips,Garphill Games / Banana Games / Meeple / Mosaico Jogos / Pixie Games / Portal Games / Primigenio / Renegade Game Studios / Schwerkraft-Verlag,N/A,Dice / Science Fiction / Space Exploration,Contracts / Dice Rolling / Events / Secret Unit Deployment / Set Collection / Variable Player Powers / Worker Placement / Worker Placement with Dice Workers,
921,Blue Moon City,2006,Rebuild the city and call dragons to maximize your contribution to the tower.,6.700,7.04,9013,$47.42,2–4–,30–50–,14+,2.29 / 5,Reiner Knizia,Daren Bader / Scott Fischer / Nicolas Fructus / Lars Grant-West / Todd Lockwood / John Matson / James Nelson / Jim Nelson / Michael Phillippi / Franz Vohwinkel,CMON Global Limited / KOSMOS / Brain Games / Fantasy Flight Games / Galakta / Galápagos Jogos / Hobby Japan / Kaissa Chess & Games / Laser plus / Smart Ltd / Spaghetti Western Games,N/A,City Building / Fantasy,Area Majority / Influence / Grid Movement / Hand Management / Modular Board / Set Collection,Reimplemented by: + 0more
922,Villagers,2019,Draft cute medieval villagers to complete production chains & earn gold!,6.699,7.10,8303,,1–5–,30–60–,10+,2.23 / 5,Haakon Gaarder,Haakon Gaarder,Sinister Fish Games / Angry Lion Games / Arrakis Games / CMON Global Limited / Fractal Juegos / Gigamic / Hobby Japan / IUVI Games / KOSMOS / Magellan / Mosigra / MS Edizioni / White Goblin Games / YOKA Games,N/A,Card Game / City Building / Industry / Manufacturing / Medieval,Open Drafting / Set Collection / Solo / Solitaire Game,
923,Ricochet Robots,1999,Be the first to solve a spatial puzzle using hard-controlled robots to win!,6.698,7.04,9761,$38.61,1–99–,30,10+,2.37 / 5,Alex Randolph,Franz Vohwinkel,"Hans im Glück / ABACUSSPIELE / Devir / Gémklub / Happy Baobab / Korea Boardgames / Möbius Games / MS Edizioni / Oya / Playgo Hungary / Rio Grande Games / Swan Panasia Co., Ltd. / Z-Man Games",N/A,Abstract Strategy / Maze / Puzzle / Real-time,Grid Movement / Modular Board / Real-Time / Square Grid / Turn Order: Stat-Based / Variable Set-up,
924,Steampunk Rally,2015,Race in wacky contraptions as a variety of history’s greatest inventors.,6.698,7.13,7197,,2–8–,45–60–,14+,2.62 / 5,Orin Bishop,Lina Cossette / David Forest,"Roxley / (Web published) / Games Factory Publishing / MYBG Co., Ltd.",N/A,Dice / Racing / Science Fiction,"Closed Drafting / Deck, Bag, and Pool Building / Dice Rolling / Modular Board / Race / Resource to Move / Simultaneous Action Selection / Track Movement / Variable Player Powers / Worker Placement with Dice Workers",
925,Hoplomachus: Victorum,2023,Strategic gladiator combat and adventure featuring solo campaign play.,6.698,8.34,1950,,1,60–90–,14+,3.54 / 5,Josh J. Carlson / Adam Carlson / Logan Giannini,Yoann Boissonnet / Anthony LeTourneau / Federico Pompili,Chip Theory Games / Dice Realm / Frosted Games / HIT Games / Lavka Games / Lucky Duck Games / YOKA Games,N/A,Dice / Fighting,Dice Rolling / Solo / Solitaire Game,
926,Reef,2018,"Grow your reef, and arrange it beautifully on your seafloor to score more points.",6.698,7.00,10510,$34.97,2–4–,30–45–,8+,1.82 / 5,Emerson Matsuuchi,Chris Quilliams,Next Move Games / Arclight Games / Broadway Toys LTD / FoxGames / Galápagos Jogos / Ghenos Games / Happy Baobab / Pegasus Spiele,N/A,Abstract Strategy / Animals,Hand Management / Layering / Pattern Building / Tile Placement,
927,Defenders of the Realm,2010,Fantasy heroes join forces and cards to defeat the ever advancing enemy hordes.,6.697,7.27,5562,,1–4–,90,13+,2.69 / 5,Richard Launius,Larry Elmore,Eagle-Gryphon Games,N/A,Adventure / Fantasy / Fighting,Action Points / Cooperative Game / Dice Rolling / Hand Management / Point to Point Movement / Variable Player Powers,Reimplemented by: + 2more
928,Rhino Hero: Super Battle,2017,Build sprawling cardboard towers and see how heroes climb up to then duel clumsily.,6.697,7.20,6012,$29.99,2–4–,10–20–,5+,1.10 / 5,Scott Frisco / Steven Strumpf,Gus Batts / Thies Schwarz,HABA / Hobby World / Reflexshop,N/A,Action / Dexterity / Animals / Children's Game / Fighting,Dice Rolling / King of the Hill / Open Drafting / Single Loser Game / Stacking and Balancing / Three Dimensional Movement,
929,Paris: La Cité de la Lumière,2019,Players compete for their moment in the light by placing oddly shaped building tiles.,6.697,7.21,6184,,2,30,8+,2.03 / 5,José Antonio Abascal Acebo,Oriol Hernández,Devir / 999 Games / GaGa Games / Ideal Board Games / IELLO / KOSMOS / Lacerta / Mandoo Games / Reflexshop / Rexhry / テンデイズゲームズ (TendaysGames) / Ігромаг,David Esbri,Abstract Strategy / Puzzle / Territory Building,Action Drafting / Grid Coverage / Modular Board / Open Drafting / Square Grid / Tile Placement,
930,Rats of Wistar,2023,Intelligent rats explore their new house and expand their lair.,6.696,7.46,3899,$111.05,1–4–,90,13+,3.41 / 5,Simone Luciani / Danilo Sabia,Candida Corsi / Sara Valentino,Cranio Creations / Capstone Games / CrowD Games / DSV Games / Game Harbor / Grok Games / HIT Games / Intrafin Games / Maldito Games / PD-Verlag / Portal Games / TLAMA games,N/A,Animals,Contracts / Events / Hand Management / Turn Order: Claim Action / Variable Set-up / Worker Placement,
931,Prêt-à-Porter,2010,An economic strategy game set in the world of fashion.,6.695,7.26,5278,,2–4–,90,10+,3.56 / 5,Piotr Haraszczak / Ignacy Trzewiczek,Mariusz Gandzel / Maciej Janik / Tomasz Jedruszek / Mateusz Kopacz / Kwanchai Moriya / Michał Oracz / Darek Zabrocki,Portal Games / Brain Star / DiceTree Games / Maldito Games / Pegasus Spiele / Zvezda,N/A,Economic / Industry / Manufacturing,Loans / Open Drafting / Set Collection / Worker Placement,
932,Specter Ops,2015,Hide or hunt in this tactical game of cat and mouse!,6.694,7.15,6624,,2–5–,60–120–,9+,2.39 / 5,Emerson Matsuuchi,Steven Hamilton / Chad Hoverter / Emerson Matsuuchi / David Richards,Plaid Hat Games / Arclight Games / Devil Dice Games / Nazca Games,N/A,Deduction / Fighting / Miniatures / Science Fiction / Spies / Secret Agents,Dice Rolling / Grid Movement / Hidden Movement / Movement Points / Once-Per-Game Abilities / Secret Unit Deployment / Square Grid / Team-Based Game / Variable Player Powers,
933,Santiago,2003,"Auction, build, and bribe your way into a flourishing irrigation network.",6.693,7.19,5747,,2–5–,75,10+,2.48 / 5,Claudia Hely / Roman Pelek,Oliver Freudenreich / Tomasz Larek,AMIGO / Trefl / Primigenio / Z-Man Games,Paulina Kortas,Farming / Negotiation,Area Majority / Influence / Auction / Bidding / Auction: Once Around / Bribery / Commodity Speculation / Tile Placement / Victory Points as a Resource,
934,Leaving Earth,2015,Space agencies launch realistic rockets to explore space and nearby planets.,6.693,7.71,3021,,1–5–,60–180–,15+,3.77 / 5,Joseph Fatula,Joseph Fatula,"The Lumenaris Group, Inc.",N/A,Card Game / Math / Science Fiction / Space Exploration,Modular Board / Pick-up and Deliver / Point to Point Movement / Push Your Luck / Resource to Move / Scenario / Mission / Campaign Game / Simulation / Solo / Solitaire Game,
935,Warhammer Quest: The Adventure Card Game,2015,"Roll dice, pick skills, & smash vermin in a grim & dark narrative adventure.",6.692,7.30,5646,,1–4–,30–60–,14+,2.74 / 5,Justin Kemppainen / Adam Sadler / Brady Sadler,N/A,Fantasy Flight Games / ADC Blackfire Entertainment / Asterion Press / Edge Entertainment / Galakta / Heidelberger Spieleverlag / Hobby Japan,Jason Walden,Adventure / Card Game / Exploration / Fantasy / Fighting,Action Retrieval / Cooperative Game / Dice Rolling / Role Playing / Solo / Solitaire Game / Variable Player Powers,Reimplemented by: + 0more
936,New York Zoo,2020,"Build animal enclosures, introduce new animals to your zoo, and breed offspring.",6.690,7.00,10173,,1–5–,30–60–,10+,1.97 / 5,Uwe Rosenberg,Felix Wermke,Feuerland Spiele / Bard Centrum Gier / Capstone Games / Compaya.hu: Gamer Café Kft. / Cranio Creations / Grok Games / Hobby World / Maldito Games / MINDOK / Rozum / Super Meeple / White Goblin Games,N/A,Abstract Strategy / Animals / Puzzle,Automatic Resource Growth / Grid Coverage / Modular Board / Race / Rondel / Tile Placement,
937,Vegas Showdown,2005,"Bid on restaurants, slots & lounges to build the best hotel/casino in all of Vegas!",6.689,7.13,6542,$30.30,3–5–,75,12+,2.36 / 5,Henry Stern,David Hudnut / Scott Okumura / Peter Whitley,Avalon Hill / Renegade Game Studios / Wizards of the Coast,N/A,Economic,Auction / Bidding / Auction: Dutch / Auction: Fixed Placement / Income / Network and Route Building / Tile Placement,
938,Deep Sea Adventure,2014,2-6 Treasure Hunters share the same submarine. Who will prevail?,6.688,6.86,21007,$22.99,2–6–,30,8+,1.18 / 5,Jun Sasaki / Goro Sasaki,Jun Sasaki,Oink Games / 4 Kavky / Ghenos Games / Hachette Boardgames UK / Lavka Games / PopcornEdu / Tower Tactic Games,N/A,Dice / Exploration / Nautical / Party Game,Pick-up and Deliver / Push Your Luck / Roll / Spin and Move,Reimplemented by: + 0more
939,Stardew Valley: The Board Game,2021,"Build your farm, grow crops, and explore Stardew Valley!",6.688,7.41,5107,$61.32,1–4–,60–150–,13+,2.77 / 5,Eric Barone / Cole Medeiros,"Alex Van Der Aa / Luke Aiello / Gustavo ""Goose"" Gutierrez / Rachel Lapidow / Christine MacTernan / Ed Puella / Gina Salvador / Justin Williams",ConcernedApe,N/A,Animals / Farming / Video Game Theme,Cooperative Game / Dice Rolling / Die Icon Resolution / Events / Point to Point Movement / Random Production / Solo / Solitaire Game / Variable Set-up / Worker Placement,
940,Yspahan,2006,Take dice from the tower to stock souks with goods and manipulate the camel train.,6.686,7.04,8286,,2–4–,45–60–,8+,2.37 / 5,Sébastien Pauchon,Arnaud Demaegd / Mike Doyle (I),Ystari Games / HUCH! / MINDOK / Quined White Goblin Games / Rio Grande Games,N/A,Dice / Economic,Action Drafting / Area Majority / Influence / Dice Rolling,Reimplemented by: + 0more
941,SpaceCorp: 2025-2300AD,2018,Develop your enterprise through the eras and take humanity to the stars.,6.686,7.66,3075,$82.17,1–4–,60–240–,12+,2.98 / 5,John H. Butterfield,Chad Jensen / Kurt Miller / Douglas Shrock / Mark Simonitch,GMT Games / Nuts! Publishing,N/A,Economic / Exploration / Science Fiction / Space Exploration,Contracts / Hand Management / Point to Point Movement / Solo / Solitaire Game,
942,Shadows of Brimstone: Swamps of Death,2014,Co-op dungeon crawl the monster-ridden Old West mines and hot Jargono otherworld.,6.685,8.01,2525,$104.99,1–4–,90–180–,12+,3.40 / 5,Jason C. Hill,Gaël Goumon / Jack Scott Hill / Ralph Horsley / Tomasz Jedruszek / Brian Snoddy / Ben Wootten,Flying Frog Productions,N/A,Adventure / American West / Exploration / Fantasy / Horror / Miniatures,Cooperative Game / Dice Rolling / Grid Movement / Modular Board / Role Playing / Variable Player Powers,Reimplemented by: + 0more
943,ZhanGuo,2014,Carefully manage civil unrest while rebuilding China for the Emperor.,6.684,7.52,3388,$56.54,2–4–,60–120–,12+,3.82 / 5,Marco Canetta / Stefania Niccolini,Mariano Iannelli,What's Your Game? / asmodee / Ghenos Games / hobbity.eu,N/A,Ancient,Area Majority / Influence / Hand Management,Reimplemented by: + 0more
944,Eminent Domain,2011,"Survey planets, trade resources, and gain tech as your deck learns and grows.",6.684,6.96,10751,,2–4–,45,10+,2.51 / 5,Seth Jaffee,Gavan Brown / Eric J. Carter / Christine Conrad / Jeremy Deveraturda / Ryan Johnson / Patrick McEvoy / Hans-Georg Schneider / James Wolf Strehle,Tasty Minstrel Games / Baldar / Edge Entertainment / Hobby World / Pegasus Spiele,Seth Jaffee,Card Game / Civilization / Science Fiction / Space Exploration,"Deck, Bag, and Pool Building / Delayed Purchase / Follow / Hand Management / Income / Layering / Market / Open Drafting / Tags / Variable Phase Order",
945,CO₂: Second Chance,2018,Work together to create green energy sources to reduce the global carbon footprint.,6.683,7.47,3771,,1–4–,60–120–,12+,4.09 / 5,Vital Lacerda,Ian O'Toole / Paula Simonetti / Giacomo Tappainer,Giochix.it / Barbu Inc. / Ediciones MasQueOca / Mayfair Games / MeepleBR / Skellig Games / Stronghold Games / YOKA Games,Paul Incao,Economic / Environmental / Industry / Manufacturing,Area Majority / Influence / Cooperative Game / Market / Open Drafting / Semi-Cooperative Game / Solo / Solitaire Game / Tile Placement / Worker Placement,Reimplements: CO₂
946,Advanced Squad Leader: Starter Kit #1,2004,"Ease yourself into Advanced Squad Leader, the wargame of all wargames.",6.682,7.84,2786,,2,120,13+,3.76 / 5,Ken Dunn / Pete Shelling,Kurt Miller,Avalon Hill / Multi-Man Publishing,N/A,Wargame / World War II,Dice Rolling / Hexagon Grid / Line of Sight,
947,Earth Reborn,2010,"500 years after global war, two factions vie to control this strange new world.",6.682,7.59,3393,,2–4–,180,13+,3.90 / 5,Christophe Boelinger,David Goujard / Paul Mafayon / Thierry Masson / Jean-Charles Mourey,Ludically / Z-Man Games,N/A,Adventure / Bluffing / Fighting / Miniatures / Science Fiction / Spies / Secret Agents / Zombies,Action Points / Auction: Sealed Bid / Critical Hits and Failures / Dice Rolling / Grid Movement / Hand Management / Interrupts / Line of Sight / Modular Board / Open Drafting / Scenario / Mission / Campaign Game / Secret Unit Deployment / Square Grid / Variable Player Powers / Variable Set-up,
948,The Pursuit of Happiness,2015,"Live your life to the fullest! Start relationships, careers, hobbies, and many more.",6.682,7.15,6260,,1–4–,60–90–,12+,2.59 / 5,Adrian Abela / David Chircop,Panayiotis Lyris,Artipia Games / Czacha Games / Ediciones MasQueOca / GAMEARChive / Kobold Spieleverlag / Niza Gams / Playagame Edizioni / Rexhry / Stronghold Games / Super Meeple,Vangelis Bagiartakis,Economic,End Game Bonuses / Income / Open Drafting / Simulation / Solo / Solitaire Game / Turn Order: Stat-Based / Variable Player Powers / Worker Placement,
949,Galileo Galilei,2024,"Discover what Galileo himself didn't, find new planets and star systems!",6.681,7.63,3053,$59.95,1–4–,50–100–,12+,3.02 / 5,Tomáš Holek,Michal Peichl,Pink Troubadour / Capstone Games / Frosted Games / Galakta / Hobby Japan / Korea Boardgames / Maldito Games / Rexhry / Sylex / Tesla Games / Vagabund,Petr Plášil / Milan Zborník,Renaissance,Area Majority / Influence / End Game Bonuses / Rondel / Variable Set-up,
950,Lovecraft Letter,2017,Confront eldritch lore: win by staying sane or triumph through madness.,6.681,7.22,5778,,2–6–,5–15–,10+,1.44 / 5,Seiji Kanai,Vincent Dutrait / Kouji Ogata,Alderac Entertainment Group / Switch Games / Arclight Games / Pegasus Spiele,N/A,Card Game / Deduction / Fantasy / Horror,Deduction / Hand Management / Player Elimination / Score-and-Reset Game / Take That,Reimplements: Love Letter | Reimplemented by: + 0more
951,Imperial Steam,2021,"Plan, build, and expand your railway network during the Industrial Age of Austria.",6.681,7.73,2695,$24.90,2–4–,120,12+,4.22 / 5,Alexander Huemer,Andreas Resch,Capstone Games / Frosted Games / Game Harbor / Korea Boardgames / Maldito Games / Super Meeple / Tesla Games,N/A,Economic / Industry / Manufacturing / Post-Napoleonic / Trains,Action Points / Contracts / Delayed Purchase / End Game Bonuses / Income / Market / Network and Route Building / Open Drafting / Ownership / Pick-up and Deliver / Point to Point Movement / Sudden Death Ending / Tile Placement / Turn Order: Auction / Turn Order: Stat-Based / Variable Set-up / Victory Points as a Resource,
952,Caverna: Cave vs Cave,2017,"Excavate, dig and mine your way to victory in this 2 player version of the original.",6.680,7.08,7391,,1–2–,20–40–,10+,2.56 / 5,Uwe Rosenberg,Klemens Franz,Lookout Games / 999 Games / CrowD Games / Funforge / Hobby Japan / Lacerta / Ludofy Creative / Mayfair Games / SD Games / uplay.it edizioni,N/A,Economic / Fantasy / Farming,Tile Placement / Worker Placement,Reimplements: Caverna: The Cave Farmers
953,878 Vikings: Invasions of England,2017,Scramble to defend your home as the English or gamble on invasion as the Vikings.,6.677,7.47,3843,$80.00,2–4–,60–120–,12+,2.63 / 5,Beau Beckett / Dave Kimmel / Jeph Stahl,Allan Ball / Jarek Nocoń / Steve Paschal,"Academy Games, Inc. / ASYNCRON games / Banana Games / Ediciones MasQueOca / Giant Roc / Ogry Games / Wyrd Edizioni",Joseph Pilkus,Educational / Medieval / Wargame,Area Majority / Influence / Area Movement / Campaign / Battle Card Driven / Command Cards / Dice Rolling / Die Icon Resolution / Sudden Death Ending / Team-Based Game / Turn Order: Random / Variable Player Powers / Variable Set-up,
954,Disney Villainous: The Worst Takes it All,2018,Rule your realm and rewrite your tale to be the best at being the Worst.,6.677,6.91,22967,$29.99,2–6–,45–120–,10+,2.48 / 5,Aaron Donogh / Prospero Hall / Brian Kirk,N/A,Ravensburger AG / Wonder Forge,Chris Rowlands,Card Game / Fantasy / Medieval / Movies / TV / Radio theme / Mythology / Novel-based / Pirates,Hand Management / Take That / Variable Player Powers,Reimplemented by: + 5more
955,Railroad Ink: Blazing Red Edition,2018,Build a network of rails and roads throughout a fiery landscape.,6.677,7.05,7938,,1–6–,20–30–,8+,1.47 / 5,Hjalmar Hach / Lorenzo Silva,Marta Tranquilli,Horrible Guild / Albi / Angry Lion Games / asmodee / CMON Global Limited / Delta Vision Publishing / Divercentro / Edge Entertainment / FoxGames / Furinkazan board game / GaGa Games / Galápagos Jogos / Ghenos Games / Hobby Japan / InterHit / Kilogames / White Goblin Games,N/A,Dice / Trains,Bingo / Connections / Dice Rolling / Line Drawing / Network and Route Building / Paper-and-Pencil / Simultaneous Action Selection / Solo / Solitaire Game,
956,Las Vegas Royale,2019,"Las Vegas gets a make over, adding some new incentives to the classic dice game.",6.676,7.46,3684,$100.00,2–5–,45–60–,8+,1.44 / 5,Rüdiger Dorn,Antje Stephan / Claus Stephan,alea / Ravensburger AG / Broadway Toys LTD,N/A,Dice,Area Majority / Influence / Dice Rolling,Reimplements: Las Vegas / Las Vegas: Boulevard
957,Kanagawa,2016,Harmonize Japan's nature and culture to paint the most beautiful landscape.,6.676,7.00,9670,,2–4–,45,10+,1.99 / 5,Bruno Cathala / Charles Chevallier,Jade Mosch,IELLO / 2 Pionki / Albi / Bureau de Juegos / Devir / GoKids 玩樂小子 / Korea Boardgames / Lavka Games / Mancalamaro / Portal Games / Redbox Editora (Redbox) / Reflexshop / Ігрова Майстерня,N/A,Animals / Card Game,Hand Management / Open Drafting / Pattern Building / Push Your Luck / Set Collection / Turn Order: Claim Action / Worker Placement,
958,Black Sonata,2017,Search London to deduce the identity of a mysterious Shakespearean lady.,6.676,7.47,3764,,1,30,12+,2.11 / 5,John Kean,John Kean,(Web published) / Boardgame Mall / CrowD Games / GateOnGames / Melmac Games / Side Room Games / TGG Games / Treetato Studio,N/A,Deduction / Print & Play / Renaissance,Action Queue / Deduction / Hidden Movement / Point to Point Movement / Push Your Luck / Solo / Solitaire Game,
959,Challengers!,2022,Capture the flag and hold onto it to win the tournament!,6.675,7.06,8319,$34.98,1–8–,45,8+,1.79 / 5,Johannes Krenner / Markus Slawitscheck,Jeff Harvey,1 More Time Games / ADC Blackfire Entertainment / Choo Choo Games / Galápagos Jogos / Game Harbor / Gémklub / GoKids 玩樂小子 / Hobby Japan / Korea Boardgames / Lord of Boards / Rebel Sp. z o.o. / Tower Tactic Games / Z-Man Games,N/A,Animals / Card Game / Sports,"Deck Construction / Deck, Bag, and Pool Building / Finale Ending / Hand Management / Open Drafting",
960,Abomination: The Heir of Frankenstein,2019,Bring your monster to life by collecting body parts in 19th century Paris.,6.675,7.44,3954,,2–4–,90–180–,14+,3.24 / 5,Dan Blanchett,Mikhail Palamarchuk / Tony Sart,Plaid Hat Games / ADC Blackfire Entertainment / Corax Games / Rebel Sp. z o.o.,N/A,Horror / Novel-based / Science Fiction,"Dice Rolling / Events / Narrative Choice / Paragraph / Set Collection / Storytelling / Variable Player Powers / Worker Placement / Worker Placement, Different Worker Types",
961,Saltfjord,2024,Lead your fishing village through the harsh Nordic winters.,6.674,7.84,2409,$57.78,1–4–,45–90–,14+,3.03 / 5,Kristian Amundsen Østby / Eilif Svensson,Peter Bartels / Yan Moussu,Aporta Games / Arrakis Games / DSV Games / Galakta / Game Harbor / GateOnGames / HUCH! / IFROM Games / Lavka Games / Ludofun / テンデイズゲームズ (TendaysGames),N/A,City Building / Dice / Farming / Nautical,Dice Rolling / End Game Bonuses / Income / Open Drafting / Set Collection / Tile Placement / Variable Player Powers / Variable Set-up / Worker Placement / Worker Placement with Dice Workers,Reimplements: Santa Maria
962,Dice Hospital,2018,Hire staff and upgrade your facility to best treat and discharge your patients.,6.674,7.09,7173,,1–4–,45–90–,10+,2.34 / 5,Stan Kordonskiy / Mike Nudd,Sebastian Koziner / Sabrina Miramon,Alley Cat Games / Kobold Spieleverlag / Maldito Games / Super Meeple,Caezar Al-Jassar,Dice / Medical,"Action Drafting / Action Points / Dice Rolling / Hexagon Grid / I Cut, You Choose / Modular Board / Solo / Solitaire Game / Variable Phase Order / Worker Placement / Worker Placement with Dice Workers",Reimplemented by: + 0more
963,Warhammer: Invasion,2009,Resource management is vital in this clash of several races in the Warhammer universe,6.674,7.23,6152,,2,45,13+,2.74 / 5,Eric M. Lang,Kevin Childress / Paul Dainton / Clint Langley / Brian Schomburg / Adrian Smith / WiL Springer,Fantasy Flight Games / Edge Entertainment / Galakta / Heidelberger Spieleverlag / Stratelibri / Wargames Club Publishing,N/A,Card Game / Collectible Components / Fantasy / Fighting / Mythology,Hand Management / Variable Player Powers,
964,Thunderstone Advance: Towers of Ruin,2012,Defeat an ancient evil protecting and feeding on a thunderstone.,6.673,7.31,4808,,1–5–,45,12+,2.75 / 5,Edward Bolme / Mike Elliott / Mark Wootton,Jason Engle / Erich Schreiner / Mark Tarrisse / Shane Tyree,Alderac Entertainment Group / Pegasus Spiele / Wargames Club Publishing,N/A,Card Game / Fantasy,"Deck, Bag, and Pool Building / Hand Management / Open Drafting",Reimplements: Thunderstone | Reimplemented by: + 0more
965,Unlock!: Epic Adventures,2019,Escape room scenarios: The Seventh Screening; The Dragon's Seven Tests; Mission #07.,6.673,7.65,2867,$36.99,1–6–,60,10+,2.12 / 5,Mathieu Casnin / Cyril Demaegd / Guilaine Didier / Gabriel Durnerin / Luna Marie / Théo Rivière,Cyrille Bertin / Mahulda Jelly / Neriac,Space Cowboys / Hobby Japan / Korea Boardgames,N/A,Card Game / Exploration / Puzzle / Real-time,Cooperative Game / Real-Time / Scenario / Mission / Campaign Game,
966,Crown of Emara,2018,Win the crown and succeed the King of Emara!,6.673,7.35,4232,,1–4–,45–75–,12+,3.04 / 5,Benjamin Schwer,Dennis Lohausen,Pegasus Spiele / 999 Games / Ediciones MasQueOca / Hobby Japan / Matagot / Playfun Games,N/A,Economic / Medieval,Action Queue / Contracts / Events / Hand Management / Highest-Lowest Scoring / Modular Board / Rondel / Solo / Solitaire Game / Worker Placement,
967,Middle-Earth Quest,2009,A game of adventure and conflict set in the time of the creation of the Fellowship.,6.672,7.38,4304,$349.99,2–4–,180,13+,3.55 / 5,Corey Konieczka / Christian T. Petersen / Tim Uren,Tim Arney-O'Neil / Ryan Barger / Anna Christenson / Trevor Cook / Daarken / John Gravato / John Howe / Tomasz Jedruszek,Fantasy Flight Games / Devir / Edge Entertainment / Giochi Uniti / Hobby Japan / KOSMOS / Nexus Editrice,N/A,Adventure / Exploration / Fantasy / Novel-based,Hand Management / Point to Point Movement / Team-Based Game / Variable Player Powers,
968,Ex Libris,2017,Alphabetize your magical library while leveraging shifting location power-ups.,6.672,7.11,7021,$39.54,1–4–,45,10+,2.53 / 5,Adam P. McIver,Jacqui Davis / Adam P. McIver / Anita Osburn,Renegade Game Studios / 2 Pionki / Banana Games / Devir / Galápagos Jogos / Lavka Games / Origames / Portal Games / Raven Distribution / Rexhry / Schwerkraft-Verlag,N/A,Card Game / Fantasy,Hand Management / Open Drafting / Set Collection / Solo / Solitaire Game / Tile Placement / Variable Player Powers / Worker Placement,Reimplemented by: + 0more
969,Red7,2014,Art is so subjective! Don't like the color? Change the rules so you can win!,6.672,6.86,17405,,2–4–,5–30–,9+,1.70 / 5,Carl Chudyk / Chris Cieslik,Alanna Cervenak / TANSAN Inc.,Asmadi Games / 999 Games / Albi / Bureau de Juegos / Buró / Cranio Creations / Group SNE / Hobby World / Lucrum Games / MINDOK / MTS Games / Nuts! Publishing / PaperGames (III) / Reflexshop / Tranjis Games,N/A,Card Game / Number,Hand Management / Multi-Use Cards / Pattern Building / Player Elimination / Score-and-Reset Game / Set Collection,
970,Raccoon Tycoon,2018,"Build railroads, towns and goods to become the most prosperous critter in Astoria.",6.672,7.21,5723,,2–5–,60–90–,8+,2.16 / 5,Glenn Drover,Jacoby O'Connor / Annie Stegg,Forbidden Games / Arrakis Games / Pendragon Game Studio / Piatnik / Tavern Games,N/A,Animals / Economic,Auction / Bidding / Auction: Turn Order Until Pass / Commodity Speculation / Market / Set Collection,Reimplemented by: + 0more
971,Disney Villainous: Perfectly Wretched,2020,The cruelest of them all have come to conquer the spotlight.,6.671,7.55,3872,$34.98,2–3–,40–60–,10+,2.30 / 5,Prospero Hall / Brian Kirk / Peter Lee / Stephanie Straw,N/A,Ravensburger AG / IELLO,Stephanie Straw,Card Game / Fantasy / Movies / TV / Radio theme,Hand Management / Take That / Variable Player Powers,
972,"Heroes of Land, Air & Sea",2018,An epic battle for dominance across the mythical land of Aughmoore.,6.670,7.55,3541,$100.00,1–4–,120–180–,14+,3.31 / 5,Scott Almes,Chad Hoverter / Adam P. McIver / Ian Rosenthaler,Galakta / Gamelyn Games,Michael Coe,Exploration / Fantasy / Fighting / Wargame,Action Points / Area Majority / Influence / Card Play Conflict Resolution / Follow / Take That / Team-Based Game / Variable Player Powers / Worker Placement,
973,Wallenstein,2002,"Plan your strategy to control central Europe, but don't forget to feed your armies!",6.670,7.45,3703,,3–5–,150,12+,3.30 / 5,Dirk Henn,Jörg Asselborn / Christof Tisch,Queen Games,N/A,Economic / Pike and Shot / Territory Building / Wargame,Action Points / Action Queue / Area Majority / Influence / Area Movement / Cube Tower / Simulation / Simultaneous Action Selection / Variable Phase Order,Reimplemented by: + 0more
974,Unmatched: Houdini vs. The Genie,2022,Two magicians from history and legend join the fray!,6.669,8.20,2030,$24.95,2,20,9+,2.26 / 5,Noah Cohen / Sam Crane / Rob Daviau / Adil M. Geresu / Justin D. Jacobson / Brian Neff,Peter Diamond / Brian Patterson,Restoration Games / CMON Global Limited / GaGa Games / Geekach LLC / IELLO / MeepleBR / Ogry Games / Reflexshop / TCG Factory / White Goblin Games / YOKA Games,N/A,Card Game / Fantasy / Fighting / Mythology / Novel-based,Action Points / Card Play Conflict Resolution / Hand Management / Line of Sight / Point to Point Movement / Variable Player Powers,Reimplements: Star Wars: Epic Duels
975,Brazil: Imperial,2021,Build your own Brazilian empire in this 4X euro game!,6.668,7.51,3918,$36.95,1–4–,100,14+,3.01 / 5,Zé Mendes,Adalberto Junio / Isaias Junior / Carlos Eduardo Justino / Vinicius Menezes / Arthur Parisi / Girleyne Costa Ramalho / Victor Sales / Ryan Teo / Tom Ventre,MeepleBR / Board Game Rookie / CMON Global Limited / Gémklub / Geronimo Games / Giant Roc / Glyptodon / Hobby Japan / Lucrum Games / Maldito Games / Midnight Jungle / MUNDUS / Niza Gams / Portal Games / Super Meeple / TLAMA games / uplay.it edizioni,Michael Alves / Diego Bianchini,City Building / Civilization / Exploration / Industry / Manufacturing / Territory Building,Card Play Conflict Resolution / Contracts / Grid Movement / Hexagon Grid / Modular Board / Once-Per-Game Abilities / Open Drafting / Solo / Solitaire Game / Tile Placement / Variable Player Powers,
976,Sail,2023,Navigate your pirate ship together through tricky waters and avoid the Kraken!,6.668,7.26,4786,$24.00,2,20,11+,2.21 / 5,Akiyama Koryo / Kozu Yusei,Weberson Santiago,Allplay / BoardM Factory / CMON Global Limited / Crowd / Devir / Reflexshop / Schwerkraft-Verlag,Taylor Reiner,Card Game / Nautical / Pirates,Communication Limits / Cooperative Game / Hand Management / Modular Board / Scenario / Mission / Campaign Game / Track Movement / Trick-taking / Variable Player Powers,Reimplements: HAMELN CAVE | Reimplemented by: + 0more
977,Cities,2024,Travel through the most unique cities of the world and plan the best neighborhood.,6.668,7.29,4922,$27.39,2–4–,45,14+,1.89 / 5,Steve Finn / Phil Walker-Harding,Jorge Tabanera Redondo,Devir / 999 Games / Arclight Games / GaGa Games / Game Harbor / IELLO / KOSMOS / MINDOK / Nasza Księgarnia / Vagabund,N/A,Abstract Strategy / City Building,Closed Drafting / Contracts / Open Drafting / Pattern Building / Set Collection / Tile Placement / Turn Order: Claim Action / Variable Set-up / Worker Placement,Reimplemented by: + 0more
978,Last Bastion,2019,Work together and defend your last outpost against invading hordes of monsters.,6.667,7.44,3980,$39.44,1–4–,45,14+,2.59 / 5,Antoine Bauza,Nastya Lehn / Pierô,Repos Production / Gémklub / Rebel Sp. z o.o.,N/A,Fantasy / Fighting / Medieval,Cooperative Game / Dice Rolling / Die Icon Resolution / Grid Movement / Modular Board / Move Through Deck / Player Elimination / Solo / Solitaire Game / Square Grid / Variable Player Powers / Variable Set-up,Reimplements: Ghost Stories
979,Battle for Rokugan,2017,Misdirect your enemies and bluff your way to victory in order to honor your clan.,6.666,7.40,4271,,2–5–,60–90–,14+,2.74 / 5,Molly Glover / Tom Jolly,Mathias Kollros / Francesca Baerald / Nele Diel / ShenFei,Fantasy Flight Games / Asterion Press / Delta Vision Publishing / Emperor Penguin Games / Galápagos Jogos / Hobby World,N/A,Fantasy / Medieval / Wargame,Area Majority / Influence / Hand Management / Order Counters / Secret Unit Deployment / Variable Player Powers,
980,Not Alone,2016,The shipwrecked Hunted try to escape Artemia while eluding pursuit by the Creature.,6.666,6.95,11997,$19.95,2–7–,30–45–,10+,2.00 / 5,Ghislain Masson,Sébastien Caiveau,"Geek Attitude Games / Arclight Games / Corax Games / GaGa Games / Games Factory Publishing / GDM Games / IGAMES / MoveTheGame Edizioni / MYBG Co., Ltd. / Rexhry / Stronghold Games",N/A,Bluffing / Card Game / Deduction / Horror / Science Fiction,"Deck, Bag, and Pool Building / Hand Management / Hidden Movement / Race / Simultaneous Action Selection / Team-Based Game",Reimplemented by: + 0more
981,Saint Petersburg (Second Edition),2014,Hire workers and influence aristocrats to build prestigious buildings!,6.666,7.44,3607,,2–5–,60,13+,2.67 / 5,Bernd Brunnhofer / Karl-Heinz Schmiel,Irene Bressel / Anne Pätzke,"Hans im Glück / Arclight Games / Filosofia Éditions / Swan Panasia Co., Ltd. / White Goblin Games / Z-Man Games",N/A,Age of Reason / Card Game / City Building / Economic,Income / Open Drafting / Set Collection,Reimplements: Saint Petersburg
982,MLEM: Space Agency,2024,Send your cats throughout the solar system to occupy planets and moons.,6.664,7.15,6193,,2–5–,30–60–,8+,1.75 / 5,Reiner Knizia,Joanna Rzepecka,Rebel Studio / ADC Blackfire Entertainment / Galápagos Jogos / Geekach LLC / Gémklub / MIPL,Andrzej Olejarczyk / Michał Szewczyk (II) / Przemek Wojtkowiak,Animals / Dice / Space Exploration,Area Majority / Influence / Dice Rolling / Push Your Luck / Track Movement,
983,Merchants Cove,2021,Operate your own specialty goods shop with a unique set of components and mechanisms.,6.664,7.39,4170,,1–4–,60–90–,14+,2.74 / 5,Jonny Pac / Carl Van Ostrand / Drake Villareal,Mihajlo Dimitrievski,Final Frontier Games / Devil Dice Games / Fabrika Igr / Galakta / Mosaico Jogos / Pegasus Spiele / Super Meeple / TCG Factory / TLAMA games,Jonny Pac / Drake Villareal,Economic / Fantasy / Nautical,Commodity Speculation / Dice Rolling / Rondel / Solo / Solitaire Game / Tile Placement / Turn Order: Time Track / Variable Player Powers / Worker Placement,
984,Unfair,2017,"Create thematic fun parks, hire staff and attract guests galore!",6.663,7.28,5678,,2–5–,50–125–,14+,2.72 / 5,Joel Finch,Nicole Castles / Lina Cossette / David Forest / Philippe Poirier,Good Games Publishing / Choo Choo Games / CMON Global Limited / Corax Games / Jianjie Star Games / Light N Games Inc. / Rexhry,Kim Brebach / Kate Finch / Jaime Lawrence,Card Game / City Building / Economic / Print & Play,Hand Management / Income / Loans / Open Drafting / Set Collection / Take That / Turn Order: Progressive,Reimplemented by: + 0more
985,Beast,2023,Hunters cooperate to track and take down ancient Beasts threatening their settlements,6.663,7.43,4362,$47.96,2–4–,60–120–,14+,3.05 / 5,Aron Midhall / Elon Midhall / Assar Pettersson,Aron Midhall,Studio Midhall / Bumble3ee Interactive / Don't Panic Games / GaGa Games / Galakta / Geekach LLC / Little Rocket Games / Pegasus Spiele / Reflexshop / TLAMA games,N/A,Deduction / Fantasy / Fighting / Horror,Action Drafting / Closed Drafting / Hand Management / Hidden Movement / Multi-Use Cards / Point to Point Movement / Secret Unit Deployment / Team-Based Game / Variable Player Powers,
986,Celestia,2015,Players take turns as pilot and press their luck to win the greatest treasures!,6.662,6.92,12825,$26.99,2–6–,30,8+,1.32 / 5,Aaron Weissblum,Gaetan Noir,"BLAM ! / ABBA Games / ADC Blackfire Entertainment / Arclight Games / AURUM, Inc. / Blackrock Games / Circoctel / Devir / Esdevium / Evrikus / Geronimo Games / Ghenos Games / Hachette Boardgames USA / Heidelberger Spieleverlag / hobbity.eu / Jolly Thinkers / Lanlalen / Ludofy Creative / Paladium Games / Quick Simple Fun Games / WoodCat / Zhiyanjia",N/A,Adventure / Aviation / Flight / Card Game / Fantasy,Betting and Bluffing / Dice Rolling / Hidden Victory Points / Push Your Luck,Reimplements: Cloud 9 | Reimplemented by: + 0more
987,EXIT: The Game – The Secret Lab,2016,Solve difficult clues to escape this sinister lab -lest you become the test subject.,6.661,7.04,7398,$17.95,1–6–,45–150–,12+,2.52 / 5,Inka Brand / Markus Brand,Inka Brand / Markus Brand / Silvia Christoph / Michaela Kienle / Sensit Communication GmbH / Franz Vohwinkel,KOSMOS / 999 Games / Brädspel.se / Brain Games / Devir / Dino Toys s. r. o. / Galakta / Giochi Uniti / Group SNE / IELLO / Kaissa Chess & Games / Korea Boardgames / Lautapelit.fi / Piatnik Distribution / Spilbræt.dk / Thames & Kosmos / Vennerød Forlag AS / Zvezda,Sandra Dochtermann / Ralph Querfurth,Deduction / Puzzle / Real-time,Cooperative Game,
988,Shipyard,2009,Build ships that best match your objectives and send them on test runs for points.,6.661,7.31,4233,,2–4–,120,11+,3.50 / 5,Vladimír Suchý,Milan Vavroň,Czech Games Edition (CGE) / Heidelberger Spieleverlag / Rio Grande Games,N/A,Economic / Industry / Manufacturing / Nautical,Contracts / End Game Bonuses / Modular Board / Open Drafting / Rondel / Set Collection / Tile Placement,Reimplemented by: + 0more
989,World Without End,2009,"A board game based on the novel by Ken Follett, a sequel to The Pillars of the Earth.",6.661,7.22,5238,,2–4–,90–120–,12+,2.82 / 5,Michael Rieneck / Stefan Stadler,Michael Menzel,KOSMOS / 999 Games / Devir / Filosofia Éditions / Galakta / Giochi Uniti / Kaissa Chess & Games / Mayfair Games,N/A,Economic / Medieval / Novel-based / Religious,Hand Management / Random Production,
990,FUSE,2015,Hurry up! Disarm the bomb by collectively assembling the correct dice combinations.,6.661,6.98,9284,$27.41,1–5–,10,10+,1.66 / 5,Kane Klenko,Hokunin / Marc Mejia / Chris Ostrowski / Sean Thurlow,Renegade Game Studios / 2 Pionki / Banana Games / Origames / Portal Games / Rexhry / Schwerkraft-Verlag,N/A,Action / Dexterity / Dice / Real-time / Science Fiction,Cooperative Game / Dice Rolling / Die Icon Resolution / Elapsed Real Time Ending / Open Drafting / Pattern Building / Real-Time / Solo / Solitaire Game,Reimplemented by: + 0more
991,Qwixx,2012,Use everyone's dice rolls to mark off numbers—but you can't go back once you pass.,6.658,6.88,15602,$11.99,2–5–,15,8+,1.11 / 5,Steffen Benndorf,Oliver Freudenreich / Sandra Freudenreich / Tom McKendrick,Nürnberger-Spielkarten-Verlag / DV Games / FoxMind Israel / Fractal Juegos / GaGa Games / Game Factory / Gamewright / Gigamic / Ideal Board Games / Kanga Games / Maldón / MINDOK / Morapiaf / Popcorn Games / Vagabund / Vennerød Forlag AS / White Goblin Games,N/A,Dice / Math / Number,Bingo / Dice Rolling / Paper-and-Pencil,Reimplemented by: + 4more
992,Clinic: Deluxe Edition,2019,Treat patients for profit to build the city's most lucrative clinic.,6.658,7.56,3160,,1–4–,60–150–,14+,4.01 / 5,Alban Viard,Ian O'Toole,AVStudioGames / Board Game Pimp / Capstone Games / Giant Roc / Giochix.it / LudiCreations / Mercury Games / Summon Games,N/A,City Building / Economic / Medical / Territory Building / Transportation,Catch the Leader / Network and Route Building / Pick-up and Deliver / Simulation / Solo / Solitaire Game / Three Dimensional Movement / Tile Placement,Reimplements: Clinic
993,Stella: Dixit Universe,2021,Players confront each other with word-images association and  risk management choices,6.656,7.27,4742,$31.90,3–6–,30,8+,1.17 / 5,Gérald Cattiaux / Jean-Louis Roubira,Maëva da Silva / Jérôme Pélissier,Libellud / ADC Blackfire Entertainment / Galápagos Jogos / Gémklub / GoKids 玩樂小子 / Hobby Japan / KADABRA / Kaissa Chess & Games / Korea Boardgames / Rebel Sp. z o.o.,Anouk Girard-Dagnas,Card Game / Party Game,Deduction / Push Your Luck / Race / Targeted Clues,Reimplemented by: + 0more
994,Super Motherload,2015,Collaboratively control a mining robot on Mars to be first to reach precious gems.,6.656,7.32,4231,,2–4–,60,14+,2.27 / 5,Gavan Brown / Matt Tolman,Gavan Brown / Scott Carmichael / Lina Cossette / David Forest,Roxley / Games Factory Publishing / XGen Studios,N/A,Science Fiction / Video Game Theme,"Deck, Bag, and Pool Building / Delayed Purchase / Hand Management / Set Collection / Tile Placement / Variable Player Powers",
995,Panamax,2014,Manage your shipping company to cargo-carrying success.,6.656,7.30,4258,,2–4–,90–120–,12+,3.76 / 5,Gil d'Orey / Nuno Bizarro Sentieiro / Paulo Soledade,Filipe Alves / Gil d'Orey,MESAboardgames / Arclight Games / HC Distribuzione / Heidelberger Spieleverlag / Stronghold Games,Paul Incao / Steve Rogers,Economic / Nautical / Transportation,Area Majority / Influence / Dice Rolling / Moving Multiple Units / Pick-up and Deliver / Point to Point Movement / Slide / Push / Stock Holding / Worker Placement,
996,Space Hulk,1989,Miniatures wargame where Space Marines battle the Genestealers.,6.655,7.49,3945,,2,45,12+,2.50 / 5,Richard Halliwell,Gary Chalk / Tony Cottrell / Wayne England / David Gallagher / Jes Goodwin / Gerry Grace / Bob Naismith,Games Workshop Ltd. / Diseños Orbitales / ISA / Welt der Spiele,N/A,Fighting / Miniatures / Science Fiction / Wargame,Action Points / Dice Rolling / Grid Movement / Modular Board,Reimplemented by: + 0more
997,Gentes,2017,Develop your civilization through balancing between time and wealth consumption.,6.654,7.37,3879,$21.95,1–4–,90,12+,3.17 / 5,Stefan Risthaus,Harald Lieske / Adam P. McIver,Spielworxx / Board Game Rookie / Dexker Games / Game Brewer / Jing Studio / Maldito Games / Tasty Minstrel Games,N/A,Ancient / Civilization,Action Drafting / Action Points / Contracts / End Game Bonuses / Hand Management / Income / Market / Open Drafting / Set Collection / Solo / Solitaire Game / Tags / Tile Placement / Turn Order: Claim Action / Variable Set-up,Reimplemented by: + 0more
998,Vast: The Crystal Caverns,2016,Dungeon crawler where all play as a different RPG trope - even as the dungeon!,6.654,7.08,7362,,1–5–,75–150–,10+,3.65 / 5,Patrick Leder / David Somerville,Kyle Ferrin,Leder Games / 2Tomatoes Games / Mandala Jogos / MS Edizioni / Quality Beast,Patrick Leder / Kyle Woelfel,Adventure / Exploration / Fantasy / Print & Play,Action Points / Dice Rolling / Grid Movement / Hand Management / Line of Sight / Modular Board / Pick-up and Deliver / Pieces as Map / Role Playing / Secret Unit Deployment / Take That / Tile Placement / Variable Player Powers,
999,Parade,2007,"Hold a parade for the Queen. In Wonderland, losing might be the best way to win.",6.653,6.99,8639,,2–6–,45,8+,1.46 / 5,Naoki Homma,Philippe Guérin / Naoki Homma / Carsten Mell / Chris Quilliams / Yuka Saitoh,"Arclight Games / Filosofia Éditions / Fire on Board Jogos / Fractal Juegos / Grimpeur / Japon Brand / Korea Boardgames / Kossetsu Games / More Fun Co., Ltd. / One Moment Games / Schmidt Spiele / Sunny Games / Z-Man Games",N/A,Card Game / Novel-based / Number,End Game Bonuses / Hand Management / Set Collection / Sudden Death Ending,
1000,King of New York,2014,Monsters vie for fame or dominance over New York in this dice-rolling game.,6.653,6.86,17351,$75.03,2–6–,40,10+,1.87 / 5,Richard Garfield,Sébastien Lamirand / Igor Polouchine / Régis Torres / Alexey Yakovlev,IELLO / Devir / Egmont Polska / Enigma (Bergsala Enigma) / GaGa Games / Galápagos Jogos / GoKids 玩樂小子 / Heidelberger Spieleverlag / Hobby Japan / HomoLudicus / Reflexshop / uplay.it edizioni,Skaff Elias / Richard Garfield / Guillaume Gille-Naves / Koni Kim,Dice / Fighting / Movies / TV / Radio theme / Science Fiction,Dice Rolling / Die Icon Resolution / King of the Hill / Open Drafting / Player Elimination / Push Your Luck / Re-rolling and Locking / Tags / Take That,Reimplements: King of Tokyo
1001,Letter Jam,2019,Provide word-based hints so everyone can deduce their scrambled mystery word.,6.652,7.14,5661,$24.95,2–6–,45,10+,1.97 / 5,Ondra Skoupý,Dávid Jablonovský / Radim Pech / František Sedláček / Lukáš Vodička / Michaela Zaoralová,Czech Games Edition (CGE) / Cranio Creations / Devir / Fantasmagoria / GaGa Games / Gémklub / HeidelBÄR Games / IELLO / Lex Games / MINDOK / Rebel Sp. z o.o. / Sunnygeeks / White Goblin Games,N/A,Card Game / Deduction / Party Game / Word Game,Communication Limits / Cooperative Game / Spelling,
1002,Jekyll vs. Hyde,2021,Will you maintain balance or give in to darkness in the battle of Hyde and Jekyll?,6.652,7.17,5554,,2,30,8+,1.87 / 5,Geonil,Vincent Dutrait,Mandoo Games / 25th Century Games / Arrakis Games / Blackrock Games / Delta Vision Publishing / Geronimo Games / Ghenos Games / Luma Imports / Nasza Księgarnia / Nice Game Publishing / Reflexshop / Sugorokuya / Zvezda,N/A,Card Game / Novel-based,Take That / Trick-taking / Tug of War / Variable Phase Order,Reimplemented by: + 0more
1003,Empires: Age of Discovery,2015,Revisit the Age of Exploration and Discovery in the 16th century.,6.652,7.81,2389,$449.99,2–6–,50–150–,10+,3.31 / 5,Glenn Drover,João Tereso / Cyril Van Der Haegen,Eagle-Gryphon Games,N/A,Civilization / Exploration / Renaissance,"Area Majority / Influence / Set Collection / Variable Player Powers / Worker Placement / Worker Placement, Different Worker Types",Reimplements: Age of Empires III: The Age of Discovery | Reimplemented by: + 0more
1004,Coffee Roaster,2015,Brew the richest blends and score high in this solo puzzle.,6.651,7.31,4250,$44.95,1,10–30–,12+,2.15 / 5,Saashi,Andrea Boekhoff / Takako Takarai,Saashi & Saashi / Angry Lion Games / Big Fun Games (Board Game) / Delirium Games / dlp games / Game Harbor / Homosapiens Lab / Stronghold Games,N/A,Industry / Manufacturing,"Deck, Bag, and Pool Building / Memory / Once-Per-Game Abilities / Push Your Luck / Solo / Solitaire Game / Variable Set-up",
1005,Ohanami,2019,"Create the best Zen garden by harmonising water, vegetation, stones and sakura trees.",6.651,7.26,4723,$17.95,2–4–,20,8+,1.16 / 5,Steffen Benndorf,Christian Opperer,Nürnberger-Spielkarten-Verlag / Arclight Games / FunMill.ru / Kaissa Chess & Games / Mercurio / Mnogoknig Games / Oya / Pandasaurus Games / Popcorn Games / Pravi Junak / White Goblin Games / Нескучные игры,N/A,Card Game / Number,Closed Drafting / Ordering / Set Collection,
1006,Tammany Hall,2007,Fight for political power in New York during the era of Boss Tweed.,6.650,7.26,4642,,3–5–,90,12+,2.78 / 5,Doug Eckhart,Peter Dennis,StrataMax Games / IDW Games / Pandasaurus Games,Aaron Lauster / Max Michael / Martin Wallace,Negotiation / Political / Territory Building,Area Majority / Influence / Auction / Bidding / Auction: Sealed Bid / Catch the Leader / Variable Player Powers,
1007,Roam,2019,Seek out and awaken the sleepwalking residents of Arzium.,6.650,7.26,4713,,2–4–,30–45–,8+,1.84 / 5,Ryan Laukat,Ryan Laukat,Red Raven Games / Banana Games / DV Games / Lanlalen / Lavka Games / Lotus Frog Games / Lucky Duck Games / Maldito Games / Reflexshop / Rexhry / Schwerkraft-Verlag / White Goblin Games,Brenna Asplund / Alex Davis / Ryan Laukat / Malorie Laukat / Alf Seegert,Card Game / Fantasy,Action Retrieval / Area Majority / Influence / Auction Compensation / Grid Coverage / Square Grid,
1008,Werewords,2017,20 questions with a twist... a time limit and a sneaky werewolf who knows the answer!,6.650,7.10,6313,$19.79,4–10–,10,8+,1.15 / 5,Ted Alspach,Ted Alspach / Jason Boles / Roland MacDonald,Bézier Games / GaGa Games / GoKids 玩樂小子 / Lucky Duck Games / Popcorn Games / Portal Games / Ravensburger AG / Reflexshop / UBO CnC,N/A,Deduction / Party Game / Real-time / Word Game,Hidden Roles / Roles with Asymmetric Information / Traitor Game / Variable Player Powers / Voting,Reimplemented by: + 0more
1009,Mahjong,1850,"Use the Winds, Dragons and suit tiles you draw to finish with the best hand!",6.649,7.07,8295,,3–4–,120,8+,2.58 / 5,(Uncredited),Barbro Hennius,"(Public Domain) / (Unknown) / 6Brothers Baduk / A. D. Richter & Cie. / Alga / ASS Altenburger Spielkarten / Blizzard Entertainment / Brevete S.G.D.G. / Brybelly / Cardinal / Carlsberg / Cayro, The Games / Chad Valley Co Ltd. / CHH Games / Chinese Arts & Crafts / Creative Crafthouse / Crisloid / Dal Negro / De La Rue / Dilemma Games / E. S. Lowe Company Inc. / Educa Borras / Fame Products / Franz Schmidt / Fratelli Fabbri Editori  (Fabbri Editore) / Geoludie / Gibsons / Golconda / Golden / Grapet / Grow Jogos e Brinquedos / Guanhua (冠華) / H. P. Gibson & Sons / Hartung-Spiele / Intercontor AG / John Jaques of London / John Lewis / John N. Hansen Co., Inc. / John Sands Pty Ltd / Jumbo / Kärnan / Kerry's Mah Jong / Kirjalito / KR / Laurence King Publishing Ltd / Longfield Games / Michael Stanfield / Miro Company / Monkey Pod Games / National Games, Inc. / National Mah Jongg League, Inc. / Olsen / Parker Brothers / Perry & Co. Ltd. / Philos / Revanche Spelen / Rosiness / Royal Depth / Schmidt Spiele / Skor-Mor / SPM: Syarikat Permainan Malaysia / Spółdzielnia Rzemieślnicza Wielobranżowa ""Przemysław"" / Sterling Games / SYU Creation / Tactic / U3 / Weico Produkte GmbH / Wizards of the Coast / Wood Expressions / Woodstock Spiele / Yellow Mountain Imports / Zontik Games",N/A,Abstract Strategy,Hand Management / Set Collection,Reimplemented by: + 0more
1010,One Deck Dungeon,2016,Level up your hero and descend deeper into the monster dungeon.,6.648,6.93,12945,$28.55,1–2–,30–45–,14+,2.09 / 5,Chris Cieslik,Alanna Cervenak / Will Pitzer,Asmadi Games / Banana Games / Czacha Games / Magic Store Srl / MS Edizioni / Nuts! Publishing / Schwerkraft-Verlag / TOY games,N/A,Card Game / Dice / Exploration / Fantasy / Print & Play,"Cooperative Game / Deck, Bag, and Pool Building / Dice Rolling / Layering / Melding and Splaying / Move Through Deck / Role Playing / Scenario / Mission / Campaign Game / Solo / Solitaire Game / Stat Check Resolution / Variable Player Powers",
1011,Caylus 1303,2019,Quarrelsome master builders compete for supplies and specialists to impress the King.,6.647,7.40,3774,$64.95,2–5–,60–90–,12+,2.88 / 5,William Attia,Andrew Bosley,Space Cowboys / CrowD Games / DiceTree Games / Galápagos Jogos / Hobby Japan / HUCH! / Rebel Sp. z o.o.,N/A,City Building / Economic / Medieval,Action Queue / End Game Bonuses / Hidden Victory Points / Income / Open Drafting / Ownership / Resource to Move / Tags / Take That / Tile Placement / Turn Order: Claim Action / Turn Order: Pass Order / Variable Player Powers / Variable Set-up / Victory Points as a Resource / Worker Placement,Reimplements: Caylus
1012,Fugitive,2017,A quick card chase; will the fugitive escape or will the detective crack the case?,6.646,7.13,5775,,2,5–20–,10+,1.64 / 5,Tim Fowers,Ryan Goldsberry,Fowers Games / 2Tomatoes Games / Arclight Games / BoardM Factory / Broadway Toys LTD / Korea Boardgames / MS Edizioni,Sam Aho,Bluffing / Card Game / Deduction / Number / Spies / Secret Agents,Deduction / Hand Management / Hidden Movement / Memory / Secret Unit Deployment / Variable Player Powers,Reimplemented by: + 0more
1013,Cry Havoc,2016,Asymmetric factions engage in epic struggle for land and crystal on an alien planet.,6.646,7.08,7142,,2–4–,60–120–,10+,3.30 / 5,Grant Rodiek / Michał Oracz / Michał Walczak,Fyodor Ananiev / Mateusz Bielski / Grzegorz Bobrowski / Thibault Girard / Wadim Kashin / Tomasz Larek / Florent Llamas / Aleksandar Mihajlovic / Fernando Olmedo / Lukasz Poduch / Rafał Szyma / Aleksander Tutaj,Portal Games / Edge Entertainment / Galápagos Jogos / Pegasus Spiele,N/A,Fighting / Miniatures / Science Fiction / Wargame,"Area Majority / Influence / Area Movement / Deck, Bag, and Pool Building / Events / Hand Management / Multi-Use Cards / Point to Point Movement / Variable Player Powers / Victory Points as a Resource",
1014,Morels,2012,"Walk through the woods, collect mushrooms, and cook them up for tasty points.",6.646,6.97,10232,$26.95,2,30,10+,1.74 / 5,Brent Povis,Vince Dorse / Jarek Nocoń / Brent Povis,"Two Lanterns Games / Bright World Games / Compaya.hu: Gamer Café Kft. / Edinorog / Fantasmagoria / Hobby Japan / HomoLudicus / Lautapelit.fi / Lotus Frog Games / MYBG Co., Ltd. / PaperGames (III) / Pegasus Spiele / Popcorn Games / Rebel Sp. z o.o.",N/A,Card Game / Educational,Hand Management / Open Drafting / Set Collection,
1015,Hannibal & Hamilcar,2018,Recreate the struggle between Rome & Carthage in the 1st & 2nd Punic Wars.,6.646,8.25,1915,,2,40–200–,12+,3.89 / 5,Mark Simonitch / Jaro Andruszkiewicz,Bartek Jędrzejewski / Paweł Kurowski / Piotr Słaby / Rafal Szymanski,PHALANX / ASYNCRON games / Cranio Creations / Ediciones MasQueOca / Feuerland Spiele / Fox in the Box,N/A,Ancient / Political / Wargame,Area Majority / Influence / Campaign / Battle Card Driven / Card Play Conflict Resolution / Dice Rolling / Die Icon Resolution / Events / Point to Point Movement / Simulation / Variable Set-up,Reimplements: Hannibal: Rome vs. Carthage | Reimplemented by: + 0more
1016,A Gentle Rain,2021,"Take a deep breath, match colorful flowers, and relax.",6.646,7.62,3231,,1,15,8+,1.11 / 5,Kevin Wilson,Chris Bilheimer / Wiktor Kozyra,Incredible Dream Studios / MeepleMood / Mondo Games / PIF GAMES,Kris Green,Puzzle,Pattern Building / Solo / Solitaire Game / Tile Placement,
1017,Art Society,2023,Collect and arrange paintings on your wall while affecting the trends of tomorrow.,6.646,7.48,3726,$36.26,2–4–,30–60–,10+,1.87 / 5,Mitch Wallace (II),Veronica Grassi / Max Kosek / Angelica Regni / Sofia Rossi / Doris Shermadhi / Giacomo Vichi,Mighty Boards / Broadway Toys LTD / Devir / Fabrika Igr / Gémklub / Giochi Uniti / HIT Games / HUCH! / Kutugo / Lucky Duck Games / Rexhry / Siam Board Games,Gordon Calleja / Mark Casha / David Chircop,Puzzle,Auction / Bidding / Auction: Sealed Bid / Constrained Bidding / End Game Bonuses / Grid Coverage / Open Drafting / Pattern Building / Selection Order Bid / Tile Placement,
1018,The Lost Expedition,2017,Lead your intrepid explorers deep into the deadly jungle in your quest for El Dorado.,6.645,7.03,8069,$30.00,1–5–,30–50–,14+,1.87 / 5,Peer Sylvester,Garen Ewing,Osprey Games / 17wanzy (Yihu BG) / All In Games / Gen-X Games (GenX) / Nuts! Publishing,Filip Hartelius / Duncan Molloy,Adventure / Card Game / Exploration,Cooperative Game / Hand Management / Solo / Solitaire Game,Reimplemented by: + 0more
1019,Dinosaur World,2021,Delight visitors in a park populated by homegrown dinos. Safety waivers recommended!,6.645,7.32,4535,$41.96,2–4–,60–120–,10+,3.27 / 5,Brian Lewis / David McGregor / Marissa Misura,Kwanchai Moriya / Joe Shawcross / Andrew Thompson,Pandasaurus Games / La Boîte de Jeu / Devir / Fearless Frog / Galakta,Andy Van Zandt,Animals / City Building / Economic / Science Fiction,Dice Rolling / Income / Movement Points / Tile Placement / Worker Placement,Reimplements: Dinosaur Island
1020,Dale of Merchants,2015,"Learn new techniques, trade goods, and manage your stock to build the master stall!",6.645,7.14,6142,$59.99,2–4–,30,10+,2.10 / 5,Sami Laakso,Sami Laakso,Snowdale Design / Board Game Leisure / Bragelonne Games / Devir / Fullcap Games / GaGa Games / Games7Days / Lotus Frog Games / Ludicus Games / Popcorn Games / Reflexshop / Schwerkraft-Verlag / Vendetta,N/A,Animals / Card Game / Fantasy,"Auction: Dutch / Deck, Bag, and Pool Building / Dice Rolling / Hand Management / Open Drafting / Race / Set Collection / Take That / Team-Based Game",
1021,Jambo,2004,African merchants go toe-to-toe to hawk their wares and earn the most gold.,6.645,6.98,8465,,2,45,12+,2.08 / 5,Rüdiger Dorn,Michael Menzel / 徐昀享 (Xu Yunxiang) / 李小娜 (LI Xiaona) / 杨静雯 (Yang Jingwen) / 郭紫颖 (Guo Ziying) / 陈杰 (Chen Jie),KOSMOS / Filosofia Éditions / MINDOK / Quined White Goblin Games / Rio Grande Games / White Goblin Games / Yaofish Games,N/A,Card Game / Economic,Action Points / Contracts / Hand Management / Race / Set Collection / Take That,
1022,Cerebria: The Inside World,2018,Spirits of Bliss and Gloom manipulate emotions in a tug of war to represent the mind.,6.645,7.69,2956,$59.90,1–4–,60–120–,14+,4.33 / 5,Richard Ámann / Viktor Péter / István Pócsi / Frigyes Schőberl,Pedro A. Alberto / Toby Allen / Villő Farkas / Jamie Sichel,Mindclash Games / Intrafin Games,István Pócsi / Frigyes Schőberl,Fantasy,Action Points / Area Majority / Influence / Cooperative Game / Deck Construction / Hand Management / Point to Point Movement / Team-Based Game / Variable Player Powers,
1023,Black Angel,2019,Guide the Black Angel on an intergalactic voyage to find a new home for humanity.,6.643,7.18,5305,$73.99,1–4–,60–120–,12+,3.87 / 5,Sébastien Dujardin / Xavier Georges / Alain Orban,Sébastien Dujardin / Xavier Georges / Ian O'Toole / Alain Orban,Pearl Games / asmodee / CrowD Games / Galápagos Jogos / Hobby Japan / Maldito Games / Rebel Sp. z o.o. / sternenschimmermeer,N/A,Science Fiction / Space Exploration,Bias / Dice Rolling / Hand Management / Map Addition / Map Reduction / Solo / Solitaire Game / Tile Placement / Variable Set-up / Worker Placement with Dice Workers,
1024,Dungeons & Dragons: The Legend of Drizzt Board Game,2011,The dark elf Drizzt Do'Urden lurks deep within a monster-infested labyrinth maze.,6.643,7.20,6661,$59.99,1–5–,60,12+,2.59 / 5,Peter Lee,Jason Engle / Steve Prescott,Wizards of the Coast,N/A,Adventure / Exploration / Fantasy / Fighting / Miniatures / Novel-based,Cooperative Game / Dice Rolling / Grid Movement / Modular Board / Role Playing / Scenario / Mission / Campaign Game / Solo / Solitaire Game / Variable Player Powers,
1025,Luxor,2018,It's a race to the tomb as you control a team of loot-grabbing archaeologists.,6.642,7.20,5235,$64.94,2–4–,45,8+,1.91 / 5,Rüdiger Dorn,Dennis Lohausen,Queen Games / Calamity Games / Devir / Piatnik Distribution,N/A,Adventure / Ancient,Dice Rolling / Hand Management / Modular Board / Race / Roll / Spin and Move / Set Collection / Track Movement,
1026,Lords of Xidit,2014,"Planning 6 moves ahead, recruit locals to help you defeat the invading monsters.",6.641,7.07,6538,,3–5–,90,14+,2.64 / 5,Régis Bonnessée,Xavier Gueniffey Durin / Stéphane Gantiez,Libellud / Asterion Press / Rebel Sp. z o.o.,N/A,Fantasy,Action Queue / Area Majority / Influence / Auction: Sealed Bid / Highest-Lowest Scoring / Pick-up and Deliver / Point to Point Movement / Programmed Movement / Simultaneous Action Selection,Reimplements: Himalaya / Himalaya: The 5-6 Player Expansion
1027,Squad Leader,1977,Command squads of soldiers in tactical WWII combat.,6.641,7.56,3556,,2,60,14+,4.03 / 5,John Hill (I),Richard Hamblen / Rodger B. MacGowan / W. Scott Moores,"The Avalon Hill Game Co / Arsenal Publishing, Inc.",N/A,Wargame / World War II,Critical Hits and Failures / Dice Rolling / Events / Grid Movement / Hexagon Grid / Line of Sight / Modular Board / Movement Points / Ratio / Combat Results Table / Scenario / Mission / Campaign Game / Simulation / Variable Set-up,
1028,Dice Throne,2018,Heroes compete in an age old tournament.,6.641,7.59,3421,$329.97,2–6–,20–40–,8+,2.16 / 5,Nate Chatellier / Aaron Hein / Manny Trembley,Gavan Brown / Manny Trembley,"Dice Throne, Inc. / Roxley",Aaron Hein,Card Game / Dice / Fantasy / Fighting,Dice Rolling / Die Icon Resolution / Re-rolling and Locking / Take That / Variable Player Powers,
1029,Forbidden Island,2010,You and your fellow adventurers try to make it out alive before the island sinks.,6.640,6.75,54523,$20.99,2–4–,30,10+,1.74 / 5,Matt Leacock,C. B. Canga,"Gamewright / ADC Blackfire Entertainment / Arclight Games / AURUM, Inc. / Brädspel.se / Cocktail Games / Competo / Marektoy / Devir / FoxMind Israel / Kaissa Chess & Games / Kanga Games / Lex Games / Lifestyle Boardgames Ltd / NeoTroy Games / Rebel Sp. z o.o. / Reflexshop / Schmidt Spiele / Spilbræt.dk / uplay.it edizioni / White Goblin Games",N/A,Adventure / Fantasy / Science Fiction,Action Points / Cooperative Game / Events / Grid Movement / Hand Management / Map Reduction / Modular Board / Pick-up and Deliver / Set Collection / Solo / Solitaire Game / Square Grid / Tile Placement / Variable Player Powers,Reimplemented by: + 3more
1030,Zombicide Season 2: Prison Outbreak,2013,"Berzerkers, security zones, and prison cells complicate the zombie-killing mayhem.",6.640,7.34,4878,,1–6–,60,13+,2.67 / 5,Raphaël Guiton / Jean-Baptiste Lullien / Percy de MontBlanc / Nicolas Raoult,Miguel Coimbra / Nicolas Fructus / Édouard Guiton / Mathieu Harlaut / Antonio Maínez / Eric Nouhaut,Cool Mini Or Not / asmodee / Asterion Press / Black Monk / CMON Global Limited / Edge Entertainment / Galápagos Jogos / Guillotine Games / Hobby World,N/A,Horror / Miniatures / Zombies,Action Points / Cooperative Game / Dice Rolling / Hand Management / Modular Board / Variable Player Powers,
1031,Unlock!: Mystery Adventures,2017,"Solve puzzles to escape a haunted house, a submarine, and search for pirate gold.",6.639,7.31,4182,,1–6–,45–75–,10+,2.10 / 5,Arnaud Ladagnous / Fabrice Mazza / Sébastien Pauchon / Billy Stevenson,Florian de Gesincourt / Pierre Santamaria / Sergo,Space Cowboys / asmodee / Gémklub / Hobby Japan / Korea Boardgames,N/A,Card Game / Exploration / Puzzle / Real-time,Cooperative Game / Storytelling,
1032,Black Forest,2024,"Develop your small, glass-making domain in the woods of the Black Forest.",6.638,7.57,2980,,1–4–,60–120–,14+,3.19 / 5,Tido Lorenz / Uwe Rosenberg,Lukas Siegmon,Feuerland Spiele / Capstone Games / Cranio Creations / Game Harbor / Grok Games / Maldito Games / MTS Games / Rebel Sp. z o.o. / Super Meeple / テンデイズゲームズ (TendaysGames) / TLAMA games / White Goblin Games,N/A,City Building / Economic / Industry / Manufacturing / Medieval,Automatic Resource Growth / End Game Bonuses / Once-Per-Game Abilities / Set Collection / Solo / Solitaire Game / Tile Placement / Variable Set-up / Worker Placement,Reimplements: Glass Road
1033,Mistborn: The Deckbuilding Game,2024,Burn metals in fast-paced allomantic battles.,6.638,7.66,3201,$44.99,1–4–,30–60–,13+,2.69 / 5,John D. Clair,David Álvarez Astruga / Valeria Casale / Logan Feliciano / Antti Hakosaari / Austin Hartell / Amirul Hhf / Joel Holtzman / Ari Ibarra / Vladimir Ishelin / Satoshi Kamanaka / Svetlana Kostina / Irina Kuzmina / Linda Lithén / Alexander Ngo / Kevin O'Neill (I) / Gal Or / Elizabeth Peiró / Kiki Moch Rizky / Sami Rytkönen / Deandra Scicluna / Steven Shan / Darko Stojanovic / Raymond Swanland,Brotherwise Games / Devir / Gémklub / HIT Games / Lucky Duck Games / MIPL,Hayden Dillard,Card Game / Fantasy / Novel-based,"Cooperative Game / Deck, Bag, and Pool Building / Market / Player Elimination / Race / Solo / Solitaire Game",
1034,The Duke,2013,"Draw, place, move and flip tiles to capture the enemy Duke.",6.638,7.30,4314,,2,30,13+,2.46 / 5,Jeremy Holcomb / Stephen McLaughlin,Matt Heerdt,Catalyst Game Labs,N/A,Abstract Strategy / Medieval,Grid Movement / Pattern Movement / Square Grid / Tile Placement,Reimplemented by: + 0more
1035,Outlive,2017,"Place your apocalypse team to secure items, events, & resources then build a base.",6.638,7.26,4962,,2–4–,40–110–,14+,3.03 / 5,Grégory Oliver,Miguel Coimbra / Michael Jenkins,La Boîte de Jeu / Albi / Arclight Games / Fabrika Igr / Fantasmagoria / Last Level / Pegasus Spiele / Raven Distribution / Rebel Sp. z o.o. / Surfin' Meeple / Surfin' Meeple China,N/A,Science Fiction,"Area Movement / Events / Set Collection / Take That / Variable Set-up / Worker Placement / Worker Placement, Different Worker Types",
1036,Unlock!: Secret Adventures,2017,"Solve puzzles to escape a madman, journey to Oz, and protect a train.",6.637,7.49,3220,$39.99,1–6–,60,10+,2.13 / 5,Thomas Cauët / Lewis Cheshire / Arch Stanton,Arnaud Demaegd / Mahulda Jelly / Legruth,Space Cowboys / asmodee / Asterion Press / Gémklub / Hobby Japan / Kaissa Chess & Games / Korea Boardgames,N/A,Card Game / Exploration / Puzzle / Real-time,Cooperative Game / Storytelling,
1037,Pandemic: Rising Tide,2017,Build dikes and pumps to protect the Netherlands from flooding by the North Sea.,6.637,7.53,3121,,2–5–,45,8+,2.53 / 5,Jeroen Doumen / Matt Leacock,Jeroen Doumen / Atha Kanaani / Matt Leacock,Z-Man Games / asmodee / Asterion Press / Edge Entertainment / Hobby Japan,N/A,Environmental,Action Points / Area Movement / Cooperative Game / Hand Management / Set Collection / Solo / Solitaire Game / Trading / Variable Player Powers,Reimplements: Pandemic
1038,Tang Garden,2019,Design and landscape a garden with majestic vistas gazed upon by noblemen.,6.635,7.30,4552,,1–4–,40–60–,14+,2.64 / 5,Francesco Testini / Pierluca Zizzi,Matthew Mizak,ThunderGryph Games / BGNations / CMON Global Limited / GateOnGames / Lotus Frog Games / Skellig Games / TCG Factory / YOKA Games,Pierpaolo Paoletti,Environmental,Line of Sight / Open Drafting / Set Collection / Solo / Solitaire Game / Tile Placement / Variable Player Powers,
1039,Terraforming Mars: The Dice Game,2023,Compete with rival CEOs to make Mars habitable and build your corporate empire.,6.635,7.31,4521,$39.00,1–4–,45,14+,2.41 / 5,Jacob Fryxelius,Isaac Fryxelius,FryxGames / Ghenos Games / Intrafin Games / Korea Boardgames / Maldito Games / MeepleBR / MINDOK / Rebel Sp. z o.o. / Reflexshop / Schwerkraft-Verlag / Stronghold Games / Surfin' Meeple China,N/A,Dice / Economic / Science Fiction / Space Exploration,"Contracts / Deck, Bag, and Pool Building / Dice Rolling / Die Icon Resolution / End Game Bonuses / Hand Management / Hexagon Grid / Solo / Solitaire Game / Tile Placement",Reimplements: Terraforming Mars
1040,Among the Stars,2012,"In a time of galactic peace, draft rooms to construct the best space station.",6.634,7.01,7382,,2–4–,30,12+,2.24 / 5,Vangelis Bagiartakis,Antonis Papantoniou / Odysseas Stamoglou / Rafał Szyma,Artipia Games / Portal Games / Rightgames RBG SIA / Schwerkraft-Verlag / Stronghold Games,Anastasios Grigoriadis / Panagiotis Zinoviadis,Card Game / City Building / Science Fiction,Closed Drafting / Open Drafting / Simultaneous Action Selection / Tile Placement / Variable Player Powers,Reimplemented by: + 0more
1041,Sniper Elite: The Board Game,2022,Work together to locate the hidden sniper before they complete their objectives.,6.634,7.73,2582,$58.95,1–4–,40–70–,16+,2.43 / 5,Roger Tankersley / David Thompson (I),Jose David Lanza Cebrian / Edouard Grould / Ed Savage,Rebellion Unplugged / Bumble3ee Interactive / Grimspire / Ogry Games / Rexhry,N/A,Miniatures / Video Game Theme / Wargame / World War II,Action Points / Chit-Pull System / Hidden Movement,
1042,Lands of Galzyr,2022,"Explore, take on challenging quests, and become a prestigious adventurer.",6.633,7.93,2273,$129.99,1–4–,60–150–,14+,1.72 / 5,Seppo Kuukasjärvi / Sami Laakso,Jesús Delgado / Sami Laakso,Snowdale Design / 2Tomatoes Games,N/A,Adventure / Animals / Dice / Exploration / Fantasy,Cooperative Game / Dice Rolling / Events / Movement Points / Narrative Choice / Paragraph / Negotiation / Once-Per-Game Abilities / Push Your Luck / Scenario / Mission / Campaign Game / Solo / Solitaire Game / Storytelling / Trading / Variable Player Powers,
1043,ZÈRTZ,1999,Sacrifice pieces to your opponent in order to win this counterintuitive game.,6.632,7.26,4552,,2,30–60–,9+,2.73 / 5,Kris Burm,Kris Burm / lu'cifer,"Don & Co. / HUCH! / Rio Grande Games / Schmidt Spiele / Smart Toys and Games, Inc.",N/A,Abstract Strategy,Grid Movement / Map Reduction / Set Collection,
1044,Rurik: Dawn of Kiev,2019,"Claim your father's throne! Build, tax, & fight through unique “auction programming.”",6.632,7.66,2825,,1–4–,60–120–,13+,3.09 / 5,Stan Kordonskiy,Finn McAvinchey / Yaroslav Radetskyi / Alayna Lemmer-Danner,PieceKeeper Games / Banana Games / Giant Roc / Giochix.it / Hobby World / Lotus Frog Games / Ігромаг,John Brieger / Kirk Dennison,Medieval / Territory Building,Area Majority / Influence / Area Movement / Auction / Bidding / Contracts / End Game Bonuses / Open Drafting / Selection Order Bid / Solo / Solitaire Game / Take That / Variable Player Powers,Reimplemented by: + 0more
1045,XCOM: The Board Game,2015,Quickly work together to develop new tech and defend the world from invading aliens.,6.631,6.98,9450,,1–4–,60–120–,14+,2.91 / 5,Eric M. Lang,N/A,"Fantasy Flight Games / 2K Games, Inc. / ADC Blackfire Entertainment / Edge Entertainment / Firaxis Games, Inc. / Galakta / Galápagos Jogos / Giochi Uniti / Heidelberger Spieleverlag",N/A,Real-time / Science Fiction / Video Game Theme,Cooperative Game / Dice Rolling / Hand Management / Push Your Luck / Real-Time / Variable Player Powers,
1046,The Thing: The Boardgame,2022,Your team tries to evacuate an Antarctic base as an alien lurks amongst you.,6.630,7.62,3189,,1–8–,60–90–,14+,2.96 / 5,Giuseppe Cicero / Andrea Crespi,Davide Corsi / Riccardo Crosa,Pendragon Game Studio / ADC Blackfire Entertainment / Delta Vision Publishing / Galakta / Geekach LLC / Gen-X Games (GenX) / Hobby World / Matagot,N/A,Deduction / Horror / Movies / TV / Radio theme / Science Fiction,Hidden Roles / Semi-Cooperative Game / Traitor Game / Voting,
1047,Scarface 1920,2023,Lead a gang of mobsters and raise a criminal empire in 1920s Chicago.,6.629,7.91,2518,,1–4–,90–150–,14+,3.83 / 5,Toni Serradesanferm / Daniel Simon,Antonio Stappaerts,Redzen Games / Grimspire / SD Games / Spiele-Offensive.de,Toni Serradesanferm,Economic / Mafia,"Area Majority / Influence / Area Movement / Deck, Bag, and Pool Building / End Game Bonuses / Hand Management / Open Drafting / Solo / Solitaire Game / Variable Player Powers / Worker Placement, Different Worker Types",
1048,Friedrich: Anniversary Edition,2004,Europe is on a knife's edge as Prussia faces down an uneasy alliance.,6.628,7.55,3080,,3–4–,210,12+,3.13 / 5,Richard Sivél,Kerstin Hille / Richard Shako / Richard Stubenvoll / Andreas Töpfer,Histogame / Rio Grande Games,N/A,Age of Reason / Wargame,Card Play Conflict Resolution / Events / Hand Management / Point to Point Movement / Secret Unit Deployment / Simulation / Variable Set-up,Reimplemented by: + 0more
1049,Rhino Hero,2011,Build a giant tower and try to make your opponent be the one to let it collapse.,6.628,6.88,12294,$14.99,2–5–,5–15–,5+,1.02 / 5,Scott Frisco / Steven Strumpf,Gus Batts / Thies Schwarz,"HABA / Hobby World / Korea Boardgames / Nabita World co., Ltd. / Reflexshop / Sugorokuya / Swan Panasia Co., Ltd.",N/A,Action / Dexterity / Animals / Card Game / Children's Game / Party Game,Hand Management / Lose a Turn / Score-and-Reset Game / Stacking and Balancing / Three Dimensional Movement,Reimplemented by: + 0more
1050,Up Front,1983,World War Two infantry card game based loosely on Squad Leader.,6.627,7.88,2339,,2,60,12+,3.42 / 5,Courtney F. Allen,Charles Kibler / Rodger B. MacGowan,The Avalon Hill Game Co / Hobby Japan / Radiant Gaming / Wizards of the Coast,Don Greenwood,Card Game / Wargame / World War II,Campaign / Battle Card Driven / Events / Hand Management / Relative Movement / Simulation / Variable Player Powers,
1051,Fit to Print,2023,Race to arrange the perfect front page of a woodland newspaper!,6.626,7.30,4182,$33.99,1–6–,15–30–,10+,2.12 / 5,Peter McPherson,Ian O'Toole,Flatout Games / Alderac Entertainment Group / Choo Choo Games / CMON Global Limited / Gémklub / Lucky Duck Games / Maldito Games / Skellig Games / TLAMA games / White Goblin Games / Ігромаг / 株式会社ケンビル (KenBill),Molly Johnson / Peter McPherson / Robert Melvin / Shawn Stankewich,Animals / Puzzle / Real-time,Closed Drafting / End Game Bonuses / Grid Coverage / Pattern Building / Real-Time / Set Collection / Solo / Solitaire Game / Square Grid / Tile Placement / Variable Set-up,
1052,Container,2007,Players drive prices as they produce and ship goods in this economic simulation.,6.626,7.17,5040,,3–5–,60–90–,12+,3.22 / 5,Franz-Benno Delonge / Thomas Ewert,Mike Doyle (I),"Valley Games, Inc.",N/A,Economic / Industry / Manufacturing / Nautical / Transportation,Auction / Bidding / Auction: Sealed Bid / Commodity Speculation / Pick-up and Deliver / Set Collection,Reimplemented by: + 0more
1053,Star Wars: The Card Game,2012,Unique deckbuilding and tense battles with a bluffing component.,6.626,7.17,5932,,2,30–60–,10+,2.98 / 5,Eric M. Lang,Christopher Burdett / Tony Foti / Lucasfilm Ltd. / Henning Ludvigsen / Vlad Ricean,Fantasy Flight Games / Edge Entertainment / Galakta / Giochi Uniti / Heidelberger Spieleverlag / Hobby World / Korea Boardgames / Wargames Club Publishing / White Goblin Games,N/A,Card Game / Collectible Components / Movies / TV / Radio theme / Science Fiction,Card Play Conflict Resolution / Force Commitment / Hand Management / Variable Player Powers,
1054,Evenfall,2023,The battle for the Enchanted Throne begins!,6.625,7.61,2851,$48.71,1–4–,60–120–,14+,3.11 / 5,Stefano Di Silvio,Martin Mottet,dlp games / Nanox Games / GaGa Games / Ghenos Games / Laguna / Matagot / Rebel Sp. z o.o. / TLAMA games / Tranjis Games / 株式会社ケンビル (KenBill),N/A,Card Game / Fantasy,"Chaining / End Game Bonuses / Hand Management / Multi-Use Cards / Variable Player Powers / Worker Placement / Worker Placement, Different Worker Types",
1055,Spyrium,2013,A unique worker-placement game set in a steampunk world.,6.625,7.04,6538,,2–5–,75,12+,2.91 / 5,William Attia,Arnaud Demaegd / Neriac,Ystari Games / asmodee,N/A,City Building / Economic / Industry / Manufacturing / Science Fiction,Auction: Dutch Priority / Events / Income / Worker Placement,Reimplemented by: + 0more
1056,Kelp: Shark vs Octopus,2024,"A head-to-head battle of wits, between octopus and shark.",6.624,7.49,3405,,2,40–60–,10+,2.44 / 5,Carl Robinson,Weberson Santiago,Wonderbow Games / Delirium Games / Galakta / Galápagos Jogos / Ігромаг,Sönke Schmidt,Animals / Bluffing / Card Game / Dice / Environmental,"Area Movement / Deck, Bag, and Pool Building / Dice Rolling / Hidden Movement / Variable Player Powers",
1057,Vasco da Gama,2009,Plan your day in a non-linear manner to launch ships but beware of changing tides!,6.624,7.21,4675,$96.95,2–4–,60–120–,12+,3.23 / 5,Paolo Mori,Mariano Iannelli,What's Your Game? / 999 Games / hobbity.eu / Hutter Trade GmbH + Co KG / IELLO / Lautapelit.fi / Rio Grande Games,N/A,Nautical / Renaissance,Push Your Luck / Tile Placement / Turn Order: Claim Action / Worker Placement,
1058,Courtisans,2024,"When the Queen holds her banquet, skullduggery is on the menu!",6.623,7.26,4624,$34.94,2–5–,20–30–,8+,1.30 / 5,Romaric Galonnier / Anthony Perone,Noëmie Chevalier,Catch Up Games / Evrikus / GateOnGames / Hachette Boardgames UK / Hobby Japan / HUCH! / Lucky Duck Games / Maldito Games / MIPL / Pandasaurus Games / Popcorn Games / Reflexshop / Tower Tactic Games / White Goblin Games,N/A,Card Game / Medieval,End Game Bonuses / Set Collection / Take That,
1059,Nightmare Productions,2000,"Make the best (and worst!) horror films, bidding on directors, creatures, and more.",6.623,7.07,6093,$29.99,2–5–,60,10+,2.10 / 5,Reiner Knizia,Daniel Araújo / Damon S. Brown / Sophie Eves / Olivier Fagnère / Marcelo Groo / Allison Kline / Samuel Marcelino / Doris Matthäus / Dug Nation / Stéphane Poinsot / David Prieto,Filosofia Éditions / Hasbro / Trick or Treat Studios / Überplay / Competo / Marektoy / Egmont Polska / Imagine Jogos / Ludonova / Rawstone / Summon Games,N/A,Movies / TV / Radio theme,Auction / Bidding / Auction: Turn Order Until Pass / Closed Economy Auction / End Game Bonuses / Victory Points as a Resource,Reimplemented by: + 0more
1060,Arcadia Quest: Inferno,2017,Arcadia was dragged down into Inferno. Save it and rescue angels from the Underlord!,6.623,7.84,2515,,2–4–,60–120–,13+,2.46 / 5,Thiago Aranha / Guilherme Goulart / Eric M. Lang / Fred Perret,N/A,CMON Global Limited / Edge Entertainment / Spaghetti Western Games,N/A,Adventure / Fantasy / Fighting / Miniatures,Action Retrieval / Dice Rolling / Grid Movement / Modular Board / Scenario / Mission / Campaign Game / Square Grid / Variable Player Powers,
1061,Tribune: Primus Inter Pares,2007,Fight for control over the ruling factions of Rome in this game of intrigue!,6.623,7.20,4736,,2–5–,60–120–,12+,2.87 / 5,Karl-Heinz Schmiel,Jochen Eeuwyk,Edge Entertainment / Fantasy Flight Games / Heidelberger Spieleverlag / Moskito Spiele / Stratelibri / Ubik,N/A,Ancient / Political,Auction / Bidding / Hand Management / Open Drafting / Set Collection / Sudden Death Ending / Worker Placement,Reimplemented by: + 0more
1062,Condottiere,1995,Manage and deploy your mercenaries to the right province to take control over Italy!,6.622,6.90,10821,,2–6–,20–45–,10+,1.95 / 5,Dominique Ehrhard / Duccio Vitale / Justin Kemppainen,Dominique Ehrhard / John Goodenough / Serge Hochain / Tomasz Jedruszek / Scott Nicely / Mohammad Noureddine / David Palumbo / Samuel R. Shimota,Eurogames / (Unknown) / Arclight Games / Delta Vision Publishing / Descartes Editeur / Edge Entertainment / Fantasy Flight Games / Galakta / Giochi Uniti / Heidelberger Spieleverlag / Hobby World / Lautapelit.fi / Roomiz Games / Ubik / Z-Man Games,N/A,Bluffing / Card Game / Medieval / Negotiation,Area Majority / Influence / Auction / Bidding / Constrained Bidding / Hand Management,
1063,Scoville,2014,"Plant, cross-breed, harvest, and sell or cook your peppers to win the Chili Festival!",6.622,7.11,5689,,2–6–,60–90–,13+,2.78 / 5,Ed Marriott,Josh Cappel,Tasty Minstrel Games,Seth Jaffee,Farming,Auction / Bidding / Grid Movement / Once-Per-Game Abilities / Set Collection / Turn Order: Auction,
1064,Zombicide: Invader,2019,Guide survivors to complete their objectives while defending against waves of aliens.,6.622,7.75,2984,,1–6–,60,14+,2.35 / 5,Raphaël Guiton / Jean-Baptiste Lullien / Nicolas Raoult,Henning Ludvigsen / Adrian Smith,CMON Global Limited / Guillotine Games / BoardM Factory / Edge Entertainment / Galápagos Jogos / Portal Games,Fábio Cury,Fighting / Miniatures / Science Fiction / Zombies,Action Points / Cooperative Game / Dice Rolling / Modular Board / Scenario / Mission / Campaign Game / Variable Player Powers,Reimplements: Zombicide
1065,1989: Dawn of Freedom,2012,A game of political struggle as the Soviet Empire begins to show cracks.,6.622,7.74,2485,$69.99,2,150,12+,3.29 / 5,Jason Matthews / Ted Torgerson,Donal Hegarty / Paweł Kurowski / Rodger B. MacGowan / Leland Myrick / Mark Simonitch,GMT Games / Spielworxx / Bard Centrum Gier / Hexasim / MINDOK,N/A,Modern Warfare / Political / Wargame,Area Majority / Influence / Campaign / Battle Card Driven / Dice Rolling / Events / Hand Management / Simulation,
1066,Palm Island,2018,Develop and gather resources to grow an island that fits in the palm of your hand.,6.621,7.06,7101,$24.99,1–2–,15,10+,1.75 / 5,Jon Mietling,Jon Mietling / Mirko Suzuki,Portal Dragon / Broadway Toys LTD / KOSMOS / Lucky Duck Games / Nuts! Publishing / PaperGames (III),N/A,Card Game / City Building / Print & Play,"Cooperative Game / Deck, Bag, and Pool Building / Hand Management / Memory / Move Through Deck / Simultaneous Action Selection / Solo / Solitaire Game",Reimplemented by: + 0more
1067,Kinfire Delve: Vainglory's Grotto,2023,"A cooperative, dungeon-diving card game set in the Kinfire Chronicles universe",6.621,7.85,2373,$18.99,1–2–,60,14+,2.15 / 5,Kevin Wilson,"Katarzyna Bekus / Sandra Chlewińska / Wiktor Kozyra / Vesna ""vesner"" Redesiuk",Incredible Dream Studios / Colossal Games / Gémklub / HIT Games / Old Dawg / PIF GAMES / Portal Games / Ігромаг,Kris Green,Card Game / Fantasy / Horror,Cooperative Game / Dice Rolling / Move Through Deck / Multi-Use Cards / Solo / Solitaire Game,
1068,The Wolves,2022,Establish your pack of wolves' dominance over the course of a moon cycle!,6.620,7.25,4723,,2–5–,75,14+,2.82 / 5,Ashwin Kamath / Clarence Simpson,Pauliina Linjama,Pandasaurus Games / 999 Games / Boardgame Mall / BoardGamePlanet / Evrikus / Games7Days / Gigamic / Giochi Uniti / Hachette Boardgames Benelux / MEBO Games / MINDOK / Portal Games / Skellig Games / Vagabund,Alex Cutler / David Van Drunen,Animals / Territory Building,Area Majority / Influence / Grid Movement / Hexagon Grid / Modular Board / Take That / Variable Set-up,
1069,Reef Encounter,2004,Polyps grow into corals and fight for control of the reefs.,6.620,7.12,5299,,2–4–,60–120–,10+,3.68 / 5,Richard Breese,Juliet Breese / Mariano Iannelli,R&D Games / Quined Games / What's Your Game? / Z-Man Games,N/A,Animals / Environmental / Territory Building,Area Majority / Influence / Commodity Speculation / Hand Management / Open Drafting / Tile Placement,
1070,Red Rising,2021,Craft a hand of powerful characters from the dystopian world of Red Rising.,6.619,6.96,9697,,1–6–,45–60–,14+,2.31 / 5,Alexander Schmidt (II) / Jamey Stegmaier,Miles Bensky / Jacqui Davis / Justin Wong (II),Stonemaier Games / Albi / Automa Factory / Corax Games / Delta Vision Publishing / Geekach LLC / Ghenos Games / Grok Games / Lavka Games / Ludofy Creative / Maldito Games / Matagot / PHALANX / sternenschimmermeer,N/A,Card Game / Novel-based / Science Fiction,Dice Rolling / End Game Bonuses / Hand Management / Open Drafting / Set Collection / Solo / Solitaire Game / Take That / Variable Player Powers,
1071,DinoGenics,2019,Build and manage your own dinosaur island resort.,6.618,7.54,2986,,1–5–,90–120–,14+,2.94 / 5,Richard Keene,Nikola Matkovic / Grzegorz Pedrycz / Tan Ho Sim,Ninth Haven Games / La Boîte de Jeu / Giant Roc,N/A,Science Fiction / Territory Building,Dice Rolling / Events / Hand Management / Set Collection / Solo / Solitaire Game / Tile Placement / Turn Order: Stat-Based / Worker Placement,
1072,Horrified: American Monsters,2021,Monsters from American folklore terrorize the nation. Can your team stop them?,6.617,7.42,3684,$31.90,1–5–,60,10+,2.21 / 5,Michael Mulvihill,George Doutsiopoulos / Kory Lynn Hubbel / Victor Maristane / Tom Moore / Joshua Newton / Studio HIVE,Ravensburger AG,Prospero Hall,Horror,Action Points / Cooperative Game / Dice Rolling / Pick-up and Deliver / Point to Point Movement / Solo / Solitaire Game / Variable Player Powers / Variable Set-up,Reimplements: Horrified
1073,Istanbul: The Dice Game,2017,Roll worker dice to collect and trade resources to acquire shiny rubies!,6.616,7.14,5371,,2–4–,20–40–,8+,1.79 / 5,Rüdiger Dorn,Andreas Resch,"Pegasus Spiele / 2 Pionki / Alderac Entertainment Group / Hobby Japan / Korea Boardgames / Land of Beautiful Mind (سرزمین ذهن زیبا) / Matagot / MEBO Games / PaperGames (III) / Piatnik Distribution / Portal Games / Swan Panasia Co., Ltd. / TCG Factory / White Goblin Games",N/A,Arabian / Dice,Action Points / Dice Rolling / Set Collection,Reimplements: Istanbul
1074,Merchants of the Dark Road,2022,Brave the peril of the dark road travelling between cities to earn fame and fortune.,6.616,7.34,4007,$49.99,1–4–,60–120–,12+,3.28 / 5,Brian Suhre,Andrew Bosley / Joey Julian / Matt Paquette & Co.,Elf Creek Games / Lucrum Games / Skellig Games,Brent Dickman,Exploration / Fantasy / Medieval / Transportation,Contracts / Dice Rolling / End Game Bonuses / Follow / Hidden Victory Points / Highest-Lowest Scoring / Market / Pick-up and Deliver / Rondel / Set Collection / Solo / Solitaire Game / Worker Placement with Dice Workers,
1075,Ca$h 'n Guns: Second Edition,2014,A band of gangsters splits its loot — but guns speak louder than money.,6.616,6.81,16403,$38.99,4–8–,30,10+,1.25 / 5,Ludovic Maublanc,John Kovalic,Repos Production / Asterion Press / Boardgame Space / Hobby Japan / Rebel Sp. z o.o. / Redbox Editora (Redbox) / Siam Board Games,N/A,Bluffing / Fighting / Humor / Mafia / Negotiation / Party Game,Open Drafting / Player Elimination / Simultaneous Action Selection / Take That / Variable Player Powers,Reimplements: Ca$h 'n Gun$ | Reimplemented by: + 0more
1076,ito,2019,String your thoughts together!,6.615,7.33,3750,$17.99,2–10–,10,8+,1.01 / 5,326,326 / Arclight / Nadia Carrim,Arclight Games / Switch Games / Arcane Wonders / Don't Panic Games / HeidelBÄR Games / A Jogar é que a gente se entende / Korea Boardgames / Maldito Games / Meanbook Games / MeepleBR / Studio Supernova / TWOPLUS Games,N/A,Card Game / Number,Communication Limits / Cooperative Game / Deduction / Ordering,Reimplemented by: + 0more
1077,Roll Through the Ages: The Bronze Age,2008,Roll and Civilize your way to victory with an ancient Mediterranean empire.,6.614,6.84,12387,,1–4–,30–45–,8+,1.78 / 5,Matt Leacock,Marko Fiedler / Monte Moore / Paul Niemeyer / Claus Stephan,"Eagle-Gryphon Games / Gen-X Games (GenX) / Korea Boardgames / Matt Leacock Games / New Games Order, LLC / Pegasus Spiele / Quined White Goblin Games / Swan Panasia Co., Ltd. / White Goblin Games",N/A,Ancient / City Building / Civilization / Dice,Contracts / Dice Rolling / Die Icon Resolution / End Game Bonuses / Events / Paper-and-Pencil / Push Your Luck / Re-rolling and Locking / Set Collection / Solo / Solitaire Game,Reimplemented by: + 3more
1078,Qwirkle,2006,Complete a set of shapes or colors among the criss-crossing tiles for big points!,6.612,6.78,22300,$19.99,2–4–,45,6+,1.58 / 5,Susan McKinley Ross,(Uncredited),"MindWare / (Unknown) / 999 Games / ADC Blackfire Entertainment / Broadway Toys LTD / Coiledspring Games / Compaya.hu: Gamer Café Kft. / Competo / Marektoy / Corfix / cutia.ro / Éveil & Jeux / G3 / GoKids 玩樂小子 / Green Board Game Co. / IELLO / Inter Hobby Co., Ltd. / Korea Boardgames / Lúdilo / MS Edizioni / Nasza Księgarnia / Outset Media / Productief BV / Schmidt Spiele",N/A,N/A,Hand Management / Pattern Building / Square Grid / Tile Placement,Reimplemented by: + 2more
1079,Rumble Nation,2017,Warlords lead their clans to dominate Japan through the use of dice and domino logic.,6.611,7.43,3231,$42.99,2–4–,20–40–,10+,1.82 / 5,Yogi Shinichi (与儀新一),Toru Kageyama / Yogi Shinichi (与儀新一) / ヤマモトマサアキ（Yamamoto Masaaki）,77spiele / Hobby Japan / asmodee / Rebel Sp. z o.o. / Siam Board Games / Studio Supernova,N/A,Civil War / Medieval / Territory Building,Area Majority / Influence / Area-Impulse / Dice Rolling / Once-Per-Game Abilities / Re-rolling and Locking,
1080,Tiny Epic Dinosaurs,2020,Become dino ranchers in the lucrative dinosaur farming industry.,6.611,7.28,4244,,1–4–,30–60–,14+,2.65 / 5,Scott Almes,Nikoletta Vaszi,Gamelyn Games / Devir / Galakta / MeepleBR / Pixie Games,Sam Aho / Michael Coe,Animals / Fantasy / Farming / Science Fiction,Contracts / Enclosure / Hidden Victory Points / Solo / Solitaire Game / Worker Placement,
1081,Thunderstone,2009,Adventurers gain power slaying foes. Can you defeat the guardian of the Thunderstone?,6.611,6.90,10714,,1–5–,60,12+,2.50 / 5,Mike Elliott,Jason Engle,Alderac Entertainment Group / Arclight Games / Edge Entertainment / Hobby World / Pegasus Spiele / Rebel Sp. z o.o. / Stratelibri / Wargames Club Publishing,N/A,Card Game / Fantasy / Fighting,"Deck, Bag, and Pool Building / Delayed Purchase / Hand Management / Open Drafting",Reimplemented by: + 3more
1082,Hyperborea,2014,"Compete to collect the riches of a long-lost, magical society.",6.610,7.16,5142,$74.99,2–6–,50–150–,14+,3.16 / 5,Andrea Chiarvesio / Pierluca Zizzi,Miguel Coimbra / Fabio Gorla / Federico Musetti / Roberto Pitturru,Asterion Press / asmodee / Marabunta / Yemaia,N/A,Civilization / Exploration / Fantasy / Fighting,"Action Drafting / Area Majority / Influence / Deck, Bag, and Pool Building / Grid Movement / Hexagon Grid / Modular Board / Movement Points / Variable Player Powers",
1083,Sherlock Holmes Consulting Detective: The Baker Street Irregulars,2020,"Be part of Holmes' gang of street children, tackling crime, mystery and a deadly foe.",6.609,8.18,1793,$59.99,1–8–,90,14+,2.28 / 5,Dave Neale,Bernard Bittler / Arnaud Demaegd / Neriac / Pascal Quidault,Space Cowboys,N/A,Deduction / Murder / Mystery / Novel-based,Cooperative Game / Deduction / Narrative Choice / Paragraph / Storytelling,
1084,Washington's War,2010,Classic card-driven game. Free the Patriots or keep America in the British Empire.,6.608,7.60,2763,$51.82,2,90,,2.89 / 5,Mark Herman,Charles Kibler / Harald Lieske / Rodger B. MacGowan / Mark Simonitch / John Trumbull,GMT Games / Spielworxx,N/A,Age of Reason / American Revolutionary War / Wargame,Area Majority / Influence / Campaign / Battle Card Driven / Dice Rolling / Movement Points / Point to Point Movement / Simulation / Variable Player Powers,Reimplements: We the People
1085,Tak,2017,Be first to build a complete road using tiles that can stack or stand on edge.,6.608,7.57,3181,,2,20–60–,12+,2.41 / 5,James Ernest / Patrick Rothfuss,Echo Chernik / Sarah Kelly,"Cheapass Games / Greater Than Games, LLC / James Ernest Games / Maldito Games / Wyrmwood Gaming",N/A,Abstract Strategy,Grid Movement / Network and Route Building / Square Grid,
1086,Carcassonne: The City,2004,"Lay tiles to build homes, streets, and markets; then add wooden walls and towers.",6.608,7.21,4603,,2–4–,30–45–,8+,2.26 / 5,Klaus-Jürgen Wrede,Oliver Freudenreich / Marco Primo,Hans im Glück / 999 Games / Ísöld ehf. / Rio Grande Games,N/A,City Building / Medieval,Area Majority / Influence / Tile Placement,Reimplements: Carcassonne
1087,Outfoxed!,2014,Gather clues with your detective pals to catch that crafty fox before it skips town!,6.607,7.14,5669,$24.00,2–4–,20,5+,1.10 / 5,Colt Tipaton-Johnson / Shanon Lyon / Marisa Peña,Mélanie Grandgirard,"Gamewright / Atalia / AURUM, Inc. / Brain Games / CreativaMente / FoxMind Israel / Game Factory / Happy Color / Kaissa Chess & Games / Kanga Games / Lifestyle Boardgames Ltd / Lúdilo / MINDOK / Nasza Księgarnia / Reflexshop",N/A,Animals / Children's Game / Deduction / Dice,Cooperative Game / Deduction / Dice Rolling / Die Icon Resolution / Grid Movement / Memory / Square Grid,
1088,Last Night on Earth: The Zombie Game,2007,A handful of survivors aim to survive the night against the zombie horde.,6.607,6.90,14343,$49.80,2–6–,60–90–,12+,2.30 / 5,Jason C. Hill,Jack Scott Hill,Flying Frog Productions / Hobby Base,N/A,Fighting / Horror / Miniatures / Zombies,Dice Rolling / Hand Management / Modular Board / Roll / Spin and Move / Scenario / Mission / Campaign Game / Team-Based Game / Variable Player Powers,Reimplemented by: + 0more
1089,Eila and Something Shiny,2021,"Choose your path as Eila, on an epic adventure across a mystical world.",6.604,7.94,2147,$59.99,1,30–45–,12+,2.01 / 5,Jeffrey CCH,Roxy Dai,Ice Makes / GaGa Games / IELLO / Maldito Games / Mirakulus / NorthStar Game Studio,Isaac Chan,Adventure / Animals / Fantasy,Narrative Choice / Paragraph / Scenario / Mission / Campaign Game / Solo / Solitaire Game / Storytelling,
1090,Star Trek: Fleet Captains,2011,Federation and Klingon fleets complete missions throughout the galaxy for dominance.,6.604,7.46,3409,,2–4–,90–120–,14+,3.06 / 5,Mike Elliott / Bryan Kinsella / Ethan Pasternack,N/A,WizKids (I),N/A,Fighting / Movies / TV / Radio theme / Science Fiction / Space Exploration,Action Points / Dice Rolling / Hexagon Grid / Modular Board / Tile Placement,
1091,Cockroach Poker,2004,It's a cockroach. It's a fly. Will you call the bluff or pass on a trick of your own?,6.604,6.80,16472,$49.42,2–6–,20,8+,1.10 / 5,Jacques Zeimet,Rolf Vogt,"Drei Magier Spiele / 999 Games / ADC Blackfire Entertainment / Coiledspring Games / Competo / Marektoy / Corfix / Devir / G3 / Gémklub / Gigamic / Kod Kod / Korea Boardgames / Lanlalen / Lion Rampant Imports / Möbius Games / Oya / Rebel Sp. z o.o. / Swan Panasia Co., Ltd.",N/A,Bluffing / Card Game / Party Game,Hand Management / Set Collection / Single Loser Game,Reimplemented by: + 0more
1092,Formula Dé,1997,Use custom dice to race on Formula 1 courses.,6.604,6.99,8020,,2–10–,120,10+,1.95 / 5,Laurent Lavaur / Eric Randall,Bernard Bittler / Elisabeth Daniel / Babbette Huckaba / Guillaume Rohmer,Eurogames / 999 Games / asmodee / Descartes Editeur / Fantasy Shop / Top Licence Games,N/A,Racing / Sports,Different Dice Movement / Grid Movement / Player Elimination / Push Your Luck / Race / Roll / Spin and Move / Simulation / Team-Based Game,Reimplements: Formule Dé | Reimplemented by: + 0more
1093,"13 Days: The Cuban Missile Crisis, 1962",2016,USA and USSR seek world domination - but too much aggression triggers nuclear war.,6.604,7.18,4723,,2,45,10+,2.34 / 5,Asger Aleksandrov Granerud / Daniel Skjold Pedersen,Jacob Walker,Jolly Roger Games / Ultra PRO / Cranio Creations / Frosted Games / Gemenot / Ludonova / Matagot / Pegasus Spiele / Surfin' Meeple China,N/A,Bluffing / Modern Warfare / Political / Wargame,Action / Event / Advantage Token / Area Majority / Influence / Campaign / Battle Card Driven / End Game Bonuses / Hand Management / Take That / Tug of War,
1094,Grove: 9 card solitaire game,2021,"Grow your fruit grove with the help, or hindrance, of a cheeky squirrel.",6.604,7.50,3038,$16.99,1,5–10–,8+,1.33 / 5,Mark Tuck,Mark Tuck,Side Room Games / (Web published) / Board Game Circus / Dexker Games / GateOnGames / Gémklub / Giga Mech Games / Hobby World / Meeple On Board / Melmac Games / Origames / TLAMA games / White Goblin Games,N/A,Abstract Strategy / Card Game / Farming / Print & Play,Melding and Splaying / Pattern Building / Solo / Solitaire Game / Tile Placement,Reimplements: Orchard: 9 card solitaire game
1095,San Marco,2001,"Control Venice! You divide the cards, but another player chooses who gets which set.",6.604,7.17,4696,,3–4–,75,10+,2.67 / 5,Alan R. Moon / Aaron Weissblum,Alessandra Cimatoribus,Ravensburger AG,N/A,Medieval / Political,"Area Majority / Influence / I Cut, You Choose / Open Drafting",Reimplemented by: + 0more
1096,Combat Commander: Pacific,2008,Recreate the Pacific theater of World War II in this acclaimed card-driven wargame.,6.604,8.10,1837,,2,180,12+,3.25 / 5,John Foley / Chad Jensen / Kai Jensen,Lee Brimmicombe-Wood / Chad Jensen / Rodger B. MacGowan / Leland Myrick / Mark Simonitch,Devir / GMT Games,N/A,Wargame / World War II,Campaign / Battle Card Driven / Hexagon Grid / Line of Sight / Scenario / Mission / Campaign Game / Simulation / Variable Phase Order,
1097,Pictomania (Second Edition),2018,Draw as fast as you can—but make it obvious enough for people to guess correctly.,6.603,7.57,2746,$34.98,3–6–,20–40–,8+,1.44 / 5,Vlaada Chvátil,Toby Allen / Sören Meding / Filip Murmak / Michaela Zaoralová,"Czech Games Edition (CGE) / Cranio Creations / Devir / DiceTree Games / GaGa Games / Gémklub / Hobby Japan / Lex Games / Lord of Boards / More Fun Co., Ltd. / Rebel Sp. z o.o. / TWOPLUS Games / White Goblin Games",N/A,Action / Dexterity / Humor / Party Game / Real-time,Drawing / Paper-and-Pencil,Reimplements: Pictomania
1098,Castles of Mad King Ludwig: Collector's Edition,2022,"Satisfy the king's whims by building the best fantasy castle, now with more options.",6.603,8.26,1652,,1–5–,60–90–,13+,2.63 / 5,Ted Alspach,Ted Alspach / Agnieszka Dabrowiecka / Alanna Kelsey,Bézier Games,Dale Yu,Post-Napoleonic / Puzzle,"Auction / Bidding / Auction: Dutch / End Game Bonuses / Hidden Victory Points / I Cut, You Choose / Increase Value of Unchosen Resources / Pattern Building / Set Collection / Tile Placement",Reimplements: Castles of Mad King Ludwig / Castles of Mad King Ludwig: Secrets / Zamki szalonego króla Ludwika: Polskie zamki
1099,Jaws,2019,Hunt down the killer shark terrorizing Amity Island. Then battle it out on the Orca.,6.602,7.06,7014,,2–4–,60,12+,2.18 / 5,Prospero Hall / Brian Kirk,Roger Kastel,Ravensburger AG,Korby Sears,Animals / Fighting / Movies / TV / Radio theme / Nautical,Action Points / Area Movement / Card Play Conflict Resolution / Hidden Movement / Map Deformation / Map Reduction / Modular Board / Player Elimination / Secret Unit Deployment / Team-Based Game / Variable Player Powers,
1100,Akrotiri,2014,"Explore the Aegean Sea, connect trade routes, and discover temples by placing tiles.",6.602,7.15,5039,,2,45,13+,2.64 / 5,Jay Cormier / Sen-Foong Lim,Chris Quilliams,asmodee / Filosofia Éditions / Hobby Japan / SD Games / Z-Man Games,N/A,Ancient / Civilization / Economic / Exploration / Transportation,Action Points / Contracts / End Game Bonuses / Hand Management / Hidden Victory Points / Income / Map Addition / Market / Modular Board / Movement Points / Network and Route Building / Open Drafting / Pick-up and Deliver / Point to Point Movement / Tags / Tile Placement / Variable Set-up / Worker Placement / Zone of Control,
1101,Yedo,2012,Sabotage rival clans by completing cloak-and-dagger missions in the city of Yedo.,6.602,7.33,3941,,2–5–,120–180–,14+,3.33 / 5,Thomas Vande Ginste / Wolf Plancke,Franz Vohwinkel,eggertspiele / IDW Games / IELLO / Pandasaurus Games / Pegasus Spiele,Viktor Kobilke,Medieval,Action Queue / Auction / Bidding / Hand Management / Map Deformation / Set Collection / Worker Placement,Reimplemented by: + 0more
1102,Rebel Princess,2023,Avoid marriage proposals and become the only single princess at the end of the party!,6.601,7.39,3547,$29.95,3–6–,30–40–,8+,1.86 / 5,Daniel Byrne / José Gerardo Guerrero / Kevin Peláez / Tirso Virgós,Alfredo Cáceres,Zombi Paella / Circoctel / Emperor Penguin Games / Feelindigo / Gigamic / Grok Games / NK Board Game / Popcorn Games / Wonderbow Games,N/A,Card Game,Events / Trick-taking / Variable Player Powers,Reimplemented by: + 0more
1103,Pictomania,2011,Pictionary chaos.  Everyone draws and guesses at the same time.,6.600,7.26,4057,$34.98,3–6–,25,9+,1.53 / 5,Vlaada Chvátil,Andreas Resch,"Czech Games Edition (CGE) / Dino Toys s. r. o. / Ediciones MasQueOca / Hobby Japan / IELLO / Lifestyle Boardgames Ltd / Pegasus Spiele / Stronghold Games / Swan Panasia Co., Ltd. / Trefl / White Goblin Games",N/A,Party Game / Real-time,Drawing,Reimplemented by: + 0more
1104,Skulls of Sedlec,2020,Stack skulls in the Sedlec Ossuary to help the deceased finally rest peacefully.,6.600,7.35,3570,$18.03,2–3–,20,8+,1.24 / 5,Dustin Dobson,Marty Cobb / Karolina Nakazato / Marianne Waage,Button Shy / Even Toys and Games / Frosted Games / Geekach LLC / Lucky Duck Games / Matagot / MINDOK / Salt & Pepper Games,N/A,Card Game / Print & Play / Renaissance,Open Drafting / Pattern Building / Set Collection,
1105,Botanik,2021,Build the best steampunk garden by winning the tiles you need.,6.600,7.49,3132,$39.95,2,30,12+,1.78 / 5,Frank Crittin / Grégoire Largey / Sébastien Pauchon,Franck Dion,Space Cowboys / Hobby Japan / Rebel Sp. z o.o.,N/A,Abstract Strategy,End Game Bonuses / Modular Board / Network and Route Building / Open Drafting / Pattern Building / Set Collection / Square Grid / Take That / Tile Placement / Turn Order: Progressive,
1106,Inferno,2024,Abandon Hope All Ye Who Enter Here.,6.599,7.86,2434,$75.99,1–4–,45–120–,14+,3.62 / 5,Fernando Eduardo Sánchez,David Benzal / Cristian Casado Otazu,Red Mojo / Cranio Creations / Fruhling-Honpo / Grand Gamers Guild / Maldito Games / Mosaico Jogos / Ogry Games / Strohmann Games / TLAMA games / Vagabund / Zatu Games,Lolo González,Economic / Fantasy / Horror / Medieval / Mythology / Novel-based,"End Game Bonuses / Grid Movement / Loans / Market / Matching / Movement Points / Multi-Use Cards / Resource Queue / Variable Set-up / Worker Placement / Worker Placement, Different Worker Types",
1107,Sabika,2022,Play as one of the nobles who contributed to the construction of the Alhambra.,6.599,7.69,2552,,1–4–,60–120–,14+,3.85 / 5,Germán P. Millán,Laura Bevon,Ludonova / Broadway Toys LTD / Keep Exploring Games / Lavka Games / Lucrum Games / Mosaico Jogos / Planeta Igor / Strohmann Games,Juan Luque García,Medieval,Events / Rondel / Variable Set-up,
1108,Coffee Traders,2021,Develop coffee regions around the world while building your coffee trading network.,6.598,7.67,2607,$58.00,2–5–,120–150–,12+,4.27 / 5,Rolf Sagel / André Spil,John Rabou / Daan van Paridon,Capstone Games / Engames / Giochix.it / Maldito Games / MTS Games / One Moment Games / Skellig Games / Super Meeple,N/A,Economic / Farming / Industry / Manufacturing / Territory Building,Action Points / Area Majority / Influence / Contracts / Turn Order: Pass Order,
1109,DC Deck-Building Game,2012,Build a powerful deck to thwart super-villains in defense of the DC universe.,6.597,7.05,7980,,2–5–,45,15+,2.00 / 5,Matt Hyra / Ben Stoll,(Uncredited),Cryptozoic Entertainment / Broadway Toys LTD / Cosmic Games / Don't Panic Games / Egmont Polska / KOSMOS,N/A,Card Game / Comic Book / Strip,"Deck, Bag, and Pool Building / Open Drafting",
1110,Spyfall,2014,A hidden spy tries to blend in while everyone else searches for the imposter.,6.596,6.74,22454,,3–8–,15,13+,1.23 / 5,Alexandr Ushan,Sergey Dulin / Uildrim,Hobby World / BoardM Factory / Brain Games / Competo / Marektoy / Cryptozoic Entertainment / Desyllas Games / Dexy Co / El Dragón Azul / DV Games / Gigamic / Hemz Universal Games Co. Ltd. / Jumping Turtle Games / Lautapelit.fi / Ludicus Games / Mandoo Games / NeoTroy Games / NewGame / PaperGames (III) / Piatnik / Planplay / Popcorn Games / Rebel Sp. z o.o. / Rexhry / Tower Tactic Games / Zacatrus / Zhiyanjia,N/A,Bluffing / Deduction / Humor / Party Game / Spies / Secret Agents,Acting / Communication Limits / Memory / Role Playing / Roles with Asymmetric Information / Targeted Clues / Traitor Game / Voting,Reimplemented by: + 0more
1111,Yedo: Deluxe Master Set,2020,Sabotage rival clans by completing cloak-and-dagger missions in the city of Yedo.,6.596,7.91,2029,,1–5–,60–90–,12+,3.24 / 5,Thomas Vande Ginste / Wolf Plancke,Jakub Fajtanowski / Zbigniew Umgelter / Franz Vohwinkel,Board&Dice / Giant Roc / TCG Factory,Błażej Kubacki / Małgorzata Mitura / Andrei Novac,Medieval,Action Queue / Auction / Bidding / Hand Management / Set Collection / Solo / Solitaire Game / Worker Placement,Reimplements: Yedo
1112,Union Pacific,1999,Will you increase the value of railways you have a stake in or fight for more shares?,6.595,7.19,4407,,2–6–,90,12+,2.55 / 5,Alan R. Moon,Franz Vohwinkel,AMIGO / 999 Games / Rio Grande Games,N/A,Economic / Trains,Network and Route Building / Open Drafting / Stock Holding,Reimplements: Airlines | Reimplemented by: + 0more
1113,Cross Clues,2020,Race against time to fill the grid by cluing intersecting words.,6.594,7.19,4925,$17.99,2–6–,5–10–,7+,1.09 / 5,Grégory Grard,Simon Douchy / Grégory Grard / Thiago Del Ponte,Blue Orange Games / Blue Orange (EU) / The Bored Game Company / Buró / Cranio Creations / DiceTree Games / Fantasmagoria / Feelindigo / Fractal Juegos / Gémklub / Geronimo Games / KADABRA / Lifestyle Boardgames Ltd / Maldito Games / MEBO Games / MIPL / Outland / PaperGames (III) / Rebel Sp. z o.o.,Thierry Denoual / Brandan Parsons,Card Game / Deduction / Party Game / Real-time / Word Game,Cooperative Game / Elapsed Real Time Ending / Real-Time,
1114,Lanterns: The Harvest Festival,2015,Decorate the lake with floating lanterns and dedicate your cards to gain honour!,6.594,6.86,11997,$28.95,2–4–,30,8+,1.54 / 5,Christopher Chung,Christopher Chung / Alexey Kot / Beth Sobel,Foxtrot Games / Renegade Game Studios / Broadway Toys LTD / CrowD Games / Devir / Games Factory Publishing / Korea Boardgames / Lex Games / Matagot / Pegasus Spiele / White Goblin Games,Randy Hoyt,Abstract Strategy,Hand Management / Pattern Building / Set Collection / Tile Placement,Reimplemented by: + 0more
1115,Tragedy Looper,2011,"Players live, die, and repeat in order to outwit and defeat the evil Mastermind.",6.594,7.18,4867,,2–4–,120,13+,3.55 / 5,BakaFire,Bascu / Rei Konno,BakaFire Party / Asterion Press / Devir / Filosofia Éditions / Lavka Games / MTS Games / Mysterious Island Games / Studio Yax / Z-Man Games,N/A,Bluffing / Card Game / Deduction / Murder / Mystery,Communication Limits / Deduction / Grid Movement / Hand Management / Memory / Team-Based Game,Reimplemented by: + 0more
1116,Kingsburg (Second Edition),2017,Influence members of the King's court to grow your province and prepare for battle.,6.594,7.36,3537,,2–5–,90–120–,10+,2.45 / 5,Andrea Chiarvesio / Luca Iennaco,Mario Barbati / Davide Corsi / Roberto Pitturru,Giochi Uniti / Stratelibri / asmodee / Bucaneiros Jogos / Galakta / Game Harbor / Heidelberger Spieleverlag / Hobby Game Mall / Intrafin Games / Maldito Games / Z-Man Games,N/A,City Building / Dice / Fantasy / Medieval,Dice Rolling / Tech Trees / Tech Tracks / Worker Placement / Worker Placement with Dice Workers,Reimplements: Kingsburg / Kingsburg: To Forge a Realm | Reimplemented by: + 0more
1117,Survive The Island,2024,"Avoid sharks, kaijus, and erupting volcanoes on your way to escape!",6.594,7.43,3587,$20.99,2–5–,45,8+,1.49 / 5,Julian Courtland-Smith,Lina Cossette,Zygomatic / Brain Games / Galápagos Jogos / Games7Days / MIPL / Rebel Sp. z o.o.,N/A,Adventure / Fantasy / Mythology / Nautical,Action Points / Dice Rolling / Grid Movement / Hexagon Grid / Map Reduction / Memory / Modular Board / Secret Unit Deployment / Take That,Reimplements: Survive: Escape from Atlantis!
1118,Rock Hard: 1977,2024,"Rehearse, play gigs, get a record deal and become the most famous rock star of 1977.",6.593,7.51,3028,$47.99,2–5–,45–90–,14+,2.49 / 5,Jackie Fox,Jennifer Giner,Devir / CMON Global Limited / IELLO / Strohmann Games,Michael O'Connell (II),Music,End Game Bonuses / Events / Push Your Luck / Set Collection / Variable Player Powers / Worker Placement,
1119,Rajas of the Ganges: The Dice Charmers,2020,"Discover the world of ""Rajas of the Ganges"" in a roll-and-write version.",6.592,7.47,3012,$18.05,2–5–,30–45–,12+,2.27 / 5,Inka Brand / Markus Brand,Dennis Lohausen,HUCH! / Dice Realm / nostalgia (III) / R&R Games,N/A,Dice,Dice Rolling / Paper-and-Pencil / Race,Reimplements: Rajas of the Ganges
1120,Atiwa,2022,Choose your actions carefully as you balance the needs of the community and nature.,6.592,7.43,3216,$64.99,1–4–,30–120–,12+,2.77 / 5,Uwe Rosenberg,Andy Elkerton,Lookout Games / 999 Games / GoKids 玩樂小子 / Hobby Japan / Rebel Sp. z o.o.,N/A,Animals / Economic / Educational / Environmental / Farming / Territory Building,Automatic Resource Growth / End Game Bonuses / Modular Board / Turn Order: Claim Action / Worker Placement,
1121,The Mind,2018,Play your cards in ascending order without communicating. Timing is key!,6.591,6.71,37483,$12.59,2–4–,20,8+,1.07 / 5,Wolfgang Warsch,Oliver Freudenreich,"Nürnberger-Spielkarten-Verlag / Arclight Games / Brain Games / Coiledspring Games / DV Games / FoxGames / Fractal Juegos / GaGa Games / Galápagos Jogos / Game Factory / Gémklub / Ideal Board Games / Kaissa Chess & Games / Lanlalen / Lautapelit.fi / Maldón / Mar Lúdico / Mercurio / Oya / Pandasaurus Games / Popcorn Games / Pravi Junak / Rexhry / Swan Panasia Co., Ltd. / Vennerød Forlag AS / White Goblin Games / YellowBOX",N/A,Card Game / Number,Communication Limits / Cooperative Game / Hand Management,Reimplemented by: + 0more
1122,Faiyum,2020,Advisors develop Faiyum for the respect of the pharaoh and the good of the city.,6.591,7.46,2972,$34.99,1–5–,110–140–,12+,3.07 / 5,Friedemann Friese,Harald Lieske,2F-Spiele / Arclight Games / Rio Grande Games,Henning Kröpke,Ancient / City Building / Economic / Farming,"Action Retrieval / Deck, Bag, and Pool Building / Hand Management / Hexagon Grid / Network and Route Building / Open Drafting / Solo / Solitaire Game",
1123,Call to Adventure,2019,"Hero or Foe? You decide in this tile chucking, character building game.",6.591,7.05,7102,$25.99,1–4–,30–60–,13+,2.01 / 5,Johnny O'Neal / Christopher O'Neal,Max Bedulenko / Paul Canavan / Chris Cold / Jordan Jardine / Adam J. Marin / Sean Thurlow,Brotherwise Games / asmodee / La Boîte de Jeu / GaGa Games / Game Harbor / Gémklub / Hobby Japan / MINDOK / Rebel Sp. z o.o.,N/A,Card Game / Fantasy / Novel-based,"Cooperative Game / Deck, Bag, and Pool Building / Dice Rolling / Set Collection / Solo / Solitaire Game / Storytelling",
1124,The Palaces of Carrara,2012,"Buy marble to erect beautiful buildings, but score them quickly before the game ends!",6.591,7.11,4952,,2–4–,60,10+,2.59 / 5,Michael Kiesling / Wolfgang Kramer,Franz Vohwinkel,Hans im Glück / Filosofia Éditions / White Goblin Games / Z-Man Games,N/A,City Building / Economic / Renaissance,Increase Value of Unchosen Resources / Set Collection / Tile Placement,Reimplemented by: + 0more
1125,Cosmic Encounter: 42nd Anniversary Edition,2018,A game of alien politics and deep space warfare.,6.590,8.14,1853,,3–5–,60–120–,14+,2.51 / 5,Bill Eberle / Jack Kittredge / Bill Norton / Peter Olotka / Kevin Wilson,Ryan Barger / Felicia Cano / Sabe Lewellyn / Henning Ludvigsen / Andrew Navaro / Brian Schomburg / WiL Springer,Fantasy Flight Games / Hobby World / Ігромаг,N/A,Bluffing / Negotiation / Science Fiction / Space Exploration,Alliances / Card Play Conflict Resolution / Hand Management / Interrupts / Negotiation / Prisoner's Dilemma / Race / Simultaneous Action Selection / Take That / Trading / Variable Player Powers,Reimplements: Cosmic Encounter / Cosmic Encounter / Cosmic Encounter / Cosmic Encounter
1126,Catacombs (Third Edition),2015,Flick down the door and slay monsters in this dexterity-based dungeon delve!,6.589,7.43,3228,,2–5–,60–90–,14+,2.40 / 5,Ryan Amos / Marc Kelsey / Aron West,Kwanchai Moriya,Elzra / Arrakis Games / Schwerkraft-Verlag,N/A,Action / Dexterity / Adventure / Fantasy / Fighting,Flicking / Player Elimination / Role Playing / Team-Based Game / Variable Player Powers,Reimplements: Catacombs | Reimplemented by: + 0more
1127,Dungeons & Dragons: Castle Ravenloft Board Game,2010,The master of Ravenloft is having guests for dinner – and you are invited!,6.589,6.98,9557,$59.95,1–5–,60,12+,2.50 / 5,Rob Heinsoo / Peter Lee / Mike Mearls / Bill Slavicsek,Jesper Ejsing / Jason Engle / Andrew Hou / Warren Mahy / Wayne Reynolds / Keven Smith,Wizards of the Coast,N/A,Adventure / Exploration / Fantasy / Fighting / Horror / Miniatures,Cooperative Game / Dice Rolling / Grid Movement / Modular Board / Role Playing / Scenario / Mission / Campaign Game / Solo / Solitaire Game / Variable Player Powers,
1128,Genoa,2001,Negotiate with your fellow traders to deliver goods and letters through Genoa.,6.588,7.04,6290,$35.95,2–5–,60–120–,12+,3.08 / 5,Rüdiger Dorn,David Cochard / Franz Vohwinkel,alea / Ravensburger AG / asmodee / Competo / Marektoy / Filosofia Éditions / Lacerta / Quined White Goblin Games / Rio Grande Games,Stefan Brück,Negotiation / Renaissance,Auction / Bidding / Bribery / Dice Rolling / Grid Movement / Negotiation / Pick-up and Deliver / Set Collection / Trading,
1129,5-Minute Dungeon,2017,"Explore a dungeon, kill monsters, and defeat a boss...all in 5 minutes!",6.586,6.90,11723,,2–5–,5–30–,8+,1.13 / 5,Connor Reid,Alex Diochon,Wiggles 3D / (Web published) / DV Games / Galápagos Jogos / Korea Boardgames / KOSMOS / Spin Master Ltd.,N/A,Card Game / Fantasy / Fighting / Print & Play / Real-time,Card Play Conflict Resolution / Cooperative Game / Elapsed Real Time Ending / Hand Management / Move Through Deck / Real-Time / Variable Player Powers,Reimplemented by: + 0more
1130,Adrenaline,2016,Gear up to destroy opponents with loads of guns in this first-person shooter sim.,6.586,6.97,7235,$59.99,3–5–,30–60–,12+,2.38 / 5,Filip Neduk,Jakub Politzer,Czech Games Edition (CGE) / Cranio Creations / Devir / DiceTree Games / GaGa Games / Heidelberger Spieleverlag / Hobby Japan / IELLO / Lex Games / MINDOK / Rebel Sp. z o.o.,Petr Čáslava,Fighting / Miniatures / Science Fiction / Video Game Theme,Action Points / Area Majority / Influence / Grid Movement / Hand Management / Kill Steal / Modular Board / Open Drafting / Take That,
1131,Forest Shuffle: Dartmoor,2025,"Create a lush moor and heathland landscape, then attract species to it.",6.586,7.70,2403,,2–5–,60,10+,2.27 / 5,Kosch,Toni Llobet / Judit Piella,Lookout Games / asmodee / Gémklub / Hobby Japan / Rebel Sp. z o.o.,N/A,Animals / Card Game / Educational / Environmental,End Game Bonuses / Hand Management / Layering / Multi-Use Cards / Open Drafting / Set Collection / Tags,Reimplements: Forest Shuffle
1132,Zooloretto,2007,Add to or take an animal collection? Build the best zoo and fill those pens.,6.585,6.78,15728,$49.99,2–5–,45,8+,1.86 / 5,Michael Schacht,Design/Main / Annemarie van Lierop / Michael Menzel / Marianne Riem / Michael Schacht,"ABACUSSPIELE / 999 Games / Filosofia Éditions / G3 / Hobby World / Korea Boardgames / Lautapelit.fi / Playgo Ltd (Hong Kong) / Rio Grande Games / SpinBottle Games / Swan Panasia Co., Ltd. / White Goblin Games / Z-Man Games",N/A,Animals,Open Drafting / Set Collection / Tile Placement,Reimplements: Coloretto | Reimplemented by: + 0more
1133,Tajemnicze Domostwo,2013,"Each night, a ghost gives a group of psychics visual clues to reveal who killed them.",6.585,7.08,5548,,2–7–,30–60–,8+,1.83 / 5,Oleksandr Nevskiy / Oleg Sidorenko,Mateusz Bielski / Igor Burlakov / Mariusz Gandzel / Oleksandr Nevskiy / Oleg Sidorenko / Karolina Węcka,Portal Games / Brain Games / IGAMES / Magellan / uplay.it edizioni,N/A,Deduction / Murder / Mystery,Communication Limits / Cooperative Game / Finale Ending / Hand Management,Reimplemented by: + 0more
1134,Marvel Dice Masters: Avengers vs. X-Men,2014,"Captain America, Wolverine & more face off in dice battles.",6.585,7.09,5707,$7.69,2,60,14+,2.30 / 5,Mike Elliott / Eric M. Lang,N/A,WizKids (I) / Devir,N/A,Collectible Components / Comic Book / Strip / Dice / Fighting,"Deck, Bag, and Pool Building / Dice Rolling / Variable Player Powers",Reimplements: Quarriors!
1135,Santa Monica,2020,"Build a beach community in Southern California with tourists, locals, and fun shops.",6.584,7.13,5024,$49.95,2–4–,45,14+,2.15 / 5,Josh Wood,Jeremy Nguyen / Josh Wood,Alderac Entertainment Group / Choo Choo Games / Delirium Games / FoxGames / Game Harbor / Little Rocket Games / Skellig Games / Vem Pra Mesa Jogos,Scot Eaton / John Goodenough,City Building / Travel,Chaining / Open Drafting / Set Collection / Tags / Tile Placement,
1136,Tidal Blades: Heroes of the Reef,2020,"Join a tournament to become a Tidal Blade, guardian of the island realm.",6.584,7.43,3377,$104.00,1–4–,60–90–,14+,2.94 / 5,Tim Eisner / Ben Eisner,Mr. Cuddington,Druid City Games / Skybound Tabletop / Galakta,Derek Funkhouser / James Hudson / Ben Kepner,Fantasy,Dice Rolling / Hand Management / Kill Steal / Open Drafting / Re-rolling and Locking / Set Collection / Solo / Solitaire Game / Turn Order: Claim Action / Variable Player Powers / Worker Placement,
1137,Rolling Realms,2021,Use the results of 2 shared dice in this infinitely scaling roll-and-write game!,6.583,7.11,5043,,1–6–,30,14+,1.99 / 5,Jamey Stegmaier,Miles Bensky / Marius Petrescu,Stonemaier Games / Aerofish Games / Automa Factory / Delta Vision Publishing / Dice Realm / Feuerland Spiele / Ghenos Games / Lavka Games / Maldito Games / Matagot,N/A,Number / Print & Play,Bingo / Dice Rolling / Paper-and-Pencil / Simultaneous Action Selection / Solo / Solitaire Game,
1138,Orchard: 9 card solitaire game,2018,"Create the most fruitful micro orchard, but beware of rotten fruit!",6.583,7.23,4285,,1,5–10–,8+,1.19 / 5,Mark Tuck,Mark Tuck,(Self-Published) / (Web published) / Abi Games / Board Game Circus / Dexker Games / Gam'inBIZ / Gameland 游戏大陆 / GateOnGames / Giga Mech Games / Guf Studios / Lotus Frog Games / Meeple On Board / Melmac Games / Side Room Games / Treetato Studio,N/A,Abstract Strategy / Card Game / Farming / Print & Play,Layering / Melding and Splaying / Pattern Building / Solo / Solitaire Game / Tile Placement,Reimplemented by: + 0more
1139,Small World of Warcraft,2020,Take charge of the fantasy races of Azeroth to eliminate foes and occupy lands.,6.583,7.24,4710,,2–5–,40–80–,8+,2.68 / 5,Philippe Keyaerts,Miguel Coimbra / Cyrille Daujean,Blizzard Entertainment / Days of Wonder / Gémklub / Hobby Japan / Hobby World / Korea Boardgames / Mandoo Games,Jesse Rasmussen,Fantasy / Fighting / Territory Building / Video Game Theme,Area Majority / Influence / Area Movement / Dice Rolling / Increase Value of Unchosen Resources / Team-Based Game / Variable Player Powers / Victory Points as a Resource,Reimplements: Small World
1140,Pictures,2019,Everyone uses vastly different items to get others to match their pieces to a photo!,6.583,7.22,4052,$37.52,3–5–,20–30–,8+,1.03 / 5,Christian Stöhr / Daniela Stöhr,Dominik Mayer / Daniela Stöhr / Christian Stöhr,PD-Verlag / Ediciones MasQueOca / Fun Games Shop / GaGa Games / Gémklub / Hobby Japan / Kaissa Chess & Games / Korea Boardgames / Lautapelit.fi / Matagot / MINDOK / Rebel Sp. z o.o. / Rio Grande Games / SuperHeated Neurons / Surfin' Meeple China,N/A,Deduction / Party Game,Communication Limits / Deduction / Pattern Recognition,
1141,Concept,2013,Select icons to help your team guess a secret word or phrase.,6.582,6.74,22247,$44.99,4–12–,40,10+,1.38 / 5,Gaëtan Beaujannot / Alain Rivollet,Éric Azagury / Cédric Chevalier,Repos Production / ADC Blackfire Entertainment / asmodee / Asterion Press / Galápagos Jogos / Gémklub / Hobby Japan / Kaissa Chess & Games / Korea Boardgames / Lautapelit.fi / Lifestyle Boardgames Ltd / Rebel Sp. z o.o. / Rozum / Sombreros Production,N/A,Deduction / Party Game / Word Game,Communication Limits / Race / Team-Based Game,Reimplemented by: + 2more
1142,Meeple Circus,2017,"Build your growing circus act of comically tiny acrobats, animals, and props.",6.582,7.01,6403,,2–5–,45,8+,1.41 / 5,Cédric Millet,Angelina Costamagna / Mathieu Leyssenne / Sabrina Tobal,Matagot / Arclight Games / Ergo Ludo Editions / Gemblo Company / Gen-X Games (GenX) / Ghenos Games / Hobby Game Mall / Lavka Games / Mandoo Games / Pegasus Spiele / Surfin' Meeple / Surfin' Meeple China / Tower Tactic Games,N/A,Action / Dexterity / Animals / Real-time,Open Drafting / Pattern Building / Push Your Luck / Real-Time / Stacking and Balancing,
1143,Lowlands,2018,Compete and cooperate to breed your sheep and protect the lowlands from flooding.,6.582,7.37,3332,,2–4–,50–100–,12+,3.07 / 5,Claudia Partenheimer / Ralf Partenheimer,Andrea Boekhoff,Feuerland Spiele / DiceTree Games / Maldito Games / テンデイズゲームズ (TendaysGames) / Z-Man Games,N/A,Farming,Action Points / Set Collection / Tile Placement / Worker Placement,
1144,Bridge,1925,Bid to communicate and to set trump. Then take tricks to fulfill your bid.,6.581,7.46,3297,,4,60,12+,3.89 / 5,Harold Vanderbilt,Ditha Moser,(Public Domain) / (Unknown) / Ariel Productions Ltd / ASS Altenburger Spielkarten / Atlantic Playing Card Company / Berliner Spielkarten / Chas Goodall & Sons Ltd / David Westnedge / Excalibur Electronics / Hasbro / House of Marbles / Invicta Games / Man-indo / Michael Stanfield / Peri Spiele / Piatnik / Playbox / Skor-Mor / TAG / TS Spielkarten / W. D. & H. O. Wills / Waddington Sanders Ltd. / Waddingtons / Winning Moves UK Ltd. / Yaquinto,N/A,Card Game,Communication Limits / Hand Management / Predictive Bid / Score-and-Reset Game / Team-Based Game / Trick-taking / Turn Order: Claim Action / Turn Order: Progressive,
1145,That's Not a Hat,2023,Pass around gifts that may (or may not) be what you say they are.,6.581,6.99,6817,$19.99,3–8–,15,8+,1.05 / 5,Kasper Lapp,María Ana Paolo / Easy Draws It,El Dragón Azul / Korea Boardgames / Pakufuda Store / Ravensburger AG,N/A,Bluffing / Card Game / Memory / Party Game,Memory,Reimplemented by: + 0more
1146,Kingdomino Origins,2021,Go back in time to the prehistoric era of  Kingdomino!,6.580,7.45,3072,$22.49,2–4–,20–40–,8+,1.91 / 5,Bruno Cathala,Cyril Bouquet,"Blue Orange Games / Blue Orange (EU) / FoxGames / Gémklub / Happy Baobab / Lautapelit.fi / Lifestyle Boardgames Ltd / MEBO Games / MINDOK / PaperGames (III) / Pegasus Spiele / Play Plus / Siam Board Games / Swan Panasia Co., Ltd. / テンデイズゲームズ (TendaysGames)",N/A,Prehistoric / Puzzle / Territory Building,Enclosure / Open Drafting / Tile Placement / Turn Order: Claim Action,Reimplements: Kingdomino
1147,Point City,2023,Build your city to score points in hundreds of unique ways!,6.580,7.13,4842,$18.49,1–4–,15–30–,10+,1.69 / 5,Molly Johnson / Robert Melvin / Shawn Stankewich,Dylan Mangini,Flatout Games / Alderac Entertainment Group / CMON Global Limited / Devir / Games7Days / Gigamic / Hobby World / Lucky Duck Games / MINDOK / Skellig Games / White Goblin Games,Molly Johnson / Robert Melvin / Shawn Stankewich,Card Game / City Building,Open Drafting / Set Collection,
1148,Tinners' Trail,2008,Will you make a fortune mining tin and copper in 19th Century Cornwall?,6.578,7.19,4176,,3–4–,60–90–,13+,2.83 / 5,Martin Wallace,Peter Dennis / Andreas Resch,Treefrog Games / Broadway Toys LTD / IELLO / JKLM Games / Quined White Goblin Games / El Viejo Tercio / Warfrog Games,N/A,Economic / Industry / Manufacturing,Action Points / Auction / Bidding / Dice Rolling / Turn Order: Time Track,Reimplemented by: + 0more
1149,Signorie,2015,"Use your ever-growing family to influence civil, religious, and military power.",6.577,7.36,3321,,2–4–,60–120–,12+,3.52 / 5,Andrea Chiarvesio / Pierluca Zizzi,Mariano Iannelli,What's Your Game? / Ghenos Games / hobbity.eu,N/A,Dice / Renaissance,Dice Rolling / Set Collection / Variable Set-up / Worker Placement / Worker Placement with Dice Workers,
1150,Kitchen Rush,2017,"Juggle orders, prepare dishes, and stock the pantry to satisfy your hungry customers.",6.577,7.20,4301,,1–4–,30–45–,12+,2.19 / 5,Vangelis Bagiartakis / Dávid Turczi,Natalia Kordowska / Bartłomiej Kordowski,Artipia Games / Abraxas / Broadway Toys LTD / Ediciones MasQueOca / Flick Game Studio / Geek Attitude Games / Pegasus Spiele / Stronghold Games,N/A,Real-time,Action Timer / Cooperative Game / Real-Time / Simulation / Solo / Solitaire Game / Worker Placement,Reimplemented by: + 0more
1151,Era: Medieval Age,2019,"3D Roll and Build, create your empire, avoid disasters and extort enemies!",6.576,7.19,4491,,1–4–,45–60–,8+,2.26 / 5,Matt Leacock,Chris Quilliams,eggertspiele / asmodee / Cranio Creations / Galápagos Jogos / Hobby Japan / Pegasus Spiele / Zvezda,André Bierth,City Building / Civilization / Dice / Medieval,Dice Rolling / Enclosure / End Game Bonuses / Grid Coverage / Income / Push Your Luck / Re-rolling and Locking / Simultaneous Action Selection / Solo / Solitaire Game / Square Grid / Take That / Tech Trees / Tech Tracks,Reimplements: Roll Through the Ages: The Bronze Age
1152,Attika,2003,Construct your classical Greek city using resources on the board and cards.,6.575,6.98,6731,,2–4–,45–60–,10+,2.37 / 5,Marcel-André Casasola Merkle,Manuel Casasola Merkle / Marcel-André Casasola Merkle,Hans im Glück / 999 Games / Kaissa Chess & Games / Rio Grande Games,N/A,Ancient / City Building / Territory Building,Map Addition / Modular Board / Network and Route Building / Tile Placement,Reimplemented by: + 0more
1153,Sentinels of the Multiverse: Definitive Edition,2022,Modular boss battler: superheroes play cards and combos to defeat supervillain.,6.574,8.14,1850,,1–5–,30–60–,8+,2.80 / 5,Christopher Badell / Adam Rebottaro,Adam Rebottaro,"Greater Than Games, LLC / Portal Games / YOKA Games",Christopher Badell / Christopher Burton / Darrell Louder,Card Game / Comic Book / Strip / Fighting,Cooperative Game / Hand Management / Solo / Solitaire Game / Variable Player Powers,Reimplements: Sentinels of the Multiverse
1154,Snow Tails,2008,"Race your dogsled in the icy tracks, managing the bends and slippery grips.",6.574,6.97,6607,,2–5–,45–60–,10+,2.05 / 5,Gordon Lamont / Fraser Lamont,Bertrand Benoit / Andrew Bosley / Stéphane Gantiez / Gordon Lamont / Fraser Lamont / Judith Lamont / Beth Sobel,Fragor Games / 25th Century Games / asmodee / Renegade Game Studios,N/A,Animals / Racing / Sports,Hand Management / Modular Board / Player Elimination / Race,Reimplemented by: + 0more
1155,Conflict of Heroes: Awakening the Bear! – Russia 1941-42,2008,Fast-paced tactical wargame of the Eastern Front during Operation Barbarossa.,6.574,7.49,3096,,1–4–,120,10+,2.99 / 5,Uwe Eickert,Steve Paschal,"Academy Games, Inc. / Phalanx Games Deutschland",N/A,Wargame / World War II,Action Points / Dice Rolling / Grid Movement / Hexagon Grid / Modular Board / Simulation,Reimplemented by: + 0more
1156,Maharaja: The Game of Palace Building in India,2004,Architects travel through India to build magnificent palaces to please the marahaja.,6.574,7.09,5186,,2–5–,90,12+,3.17 / 5,Michael Kiesling / Wolfgang Kramer,Franz Vohwinkel,Phalanx Games B.V. / Phalanx Games Deutschland / asmodee / KDS Distribuzione (Italy) / Mayfair Games,N/A,City Building,Area Majority / Influence / Network and Route Building / Point to Point Movement / Simultaneous Action Selection / Variable Player Powers,Reimplemented by: + 0more
1157,Come Sail Away!,2023,Are you able to board all your passengers before your ship sets sail?,6.574,7.76,2139,,1–4–,25,10+,2.06 / 5,Daryl Chow / Saashi,Takako Takarai,Saashi & Saashi / Belleville (Бельвіль) / Maldito Games,N/A,Nautical / Puzzle / Travel,Closed Drafting / Mancala / Modular Board / Simultaneous Action Selection,
1158,The Fox Experiment,2023,Breed foxes over 5 generations and see what traits develop as they become friendlier.,6.573,7.32,3438,$39.99,1–4–,60,14+,2.58 / 5,Jeff Fraser / Elizabeth Hargrave,Marco Fornaciari / Joe Shawcross,Pandasaurus Games / Evrikus / Giochi Uniti / Reflexshop,N/A,Animals / Dice,Dice Rolling / End Game Bonuses / Open Drafting / Solo / Solitaire Game / Turn Order: Claim Action,
1159,Napoleon's Triumph,2007,A tactical-level block wargame simulating the Battle of Austerlitz.,6.573,7.99,1873,,2,180,12+,3.65 / 5,Bowen Simmons,Jean-Louis Ernest Meissonier,Histogame / Simmons Games,N/A,Napoleonic / Wargame,Area Movement / Secret Unit Deployment / Simulation,
1160,The Castles of Burgundy: The Card Game,2016,"Watch your estate grow as you settle, build, mine, and trade in the Loire Valley.",6.572,6.94,7168,$64.95,1–4–,30–60–,12+,2.59 / 5,Stefan Feld,Julien Delval / Harald Lieske,alea / Broadway Toys LTD / Ravensburger AG,N/A,Card Game,Hand Management / Open Drafting / Set Collection / Turn Order: Claim Action / Turn Order: Progressive,Reimplements: The Castles of Burgundy
1161,"Hey, That's My Fish!",2003,"Race to catch fish, but don't get stranded as ice disappears beneath your feet.",6.571,6.70,22820,,2–4–,20,8+,1.44 / 5,Günter Cornett / Alvydas Jakeliunas,François Bruel / Sylvain Decaux / Bernd Natke / Chris Quilliams,"Bambus Spieleverlag / 999 Games / Angry Lion Games / Arclight Games / Brain Games / cutia.ro / Devir / Edge Entertainment / Fantasy Flight Games / Giochi Uniti / Gordion Games / Granna / Heidelberger Spieleverlag / KADABRA / Kaissa Chess & Games / Lautapelit.fi / Mayfair Games / Next Move Games / Phalanx Games B.V. / Phalanx Games Deutschland / Rebel Sp. z o.o. / Swan Panasia Co., Ltd. / Ubik / Vennerød Forlag AS / Zvezda",N/A,Abstract Strategy / Animals,Grid Movement / Hexagon Grid / Map Reduction / Modular Board / Variable Set-up,
1162,Fabled Fruit,2016,Collect fruit and craft delicious juices while your action options change and shift.,6.571,6.98,6459,,2–5–,20–30–,8+,1.61 / 5,Friedemann Friese,Harald Lieske,"2F-Spiele / Albi / Arclight Games / Edge Entertainment / Game On Publishing LTD / Giochi Uniti / Hobby World / Lacerta / Stronghold Games / Swan Panasia Co., Ltd. / White Goblin Games",N/A,Animals / Card Game,Multi-Use Cards / Set Collection / Worker Placement,
1163,Thunder Alley,2014,Race your team of cars most efficiently to win stock car races.,6.570,7.29,3721,$63.76,2–7–,90,10+,2.40 / 5,Jeff Horger / Carla Horger,Rodger B. MacGowan / Kurt Miller,GMT Games,N/A,Racing / Sports,Catch the Leader / Hand Management / Race / Track Movement,
1164,Ticket to Ride: London,2019,Ride a London double decker bus when low on time with this 15 minute express version.,6.569,7.04,5816,$26.87,2–4–,10–15–,8+,1.34 / 5,Alan R. Moon,Cyrille Daujean / Julien Delval,Days of Wonder / ADC Blackfire Entertainment / Galápagos Jogos,N/A,Trains,Hand Management / Network and Route Building / Open Drafting / Set Collection,Reimplements: Ticket to Ride
1165,Tiny Epic Quest,2017,"Push your luck to fight goblins, explore temples, and learn spells.",6.569,6.94,8020,,1–4–,30–60–,14+,2.69 / 5,Scott Almes,Miguel Coimbra / Adam P. McIver,Gamelyn Games / GaGa Games / Galakta / Pixie Games / Reflexshop / Rexhry,Michael Coe,Adventure / Exploration / Fantasy / Fighting / Video Game Theme,Area Movement / Dice Rolling / Modular Board / Push Your Luck,
1166,Dungeons & Dragons: Wrath of Ashardalon Board Game,2011,A terrifying red dragon lurks deep within a monster-infested labyrinth maze.,6.568,7.09,6923,$59.49,1–5–,60,12+,2.59 / 5,Peter Lee / Bill Slavicsek,Jesper Ejsing / Jason Engle,Wizards of the Coast,N/A,Adventure / Exploration / Fantasy / Fighting / Miniatures,Cooperative Game / Dice Rolling / Grid Movement / Modular Board / Role Playing / Scenario / Mission / Campaign Game / Solo / Solitaire Game / Variable Player Powers,
1167,Quarto,1991,You choose the piece your opponent plays next. 4-in-a-row of the same attribute wins!,6.567,6.90,8912,,2,20,8+,1.87 / 5,Blaise Muller,Blaise Muller,"Gigamic / AccessiJeux / Back Alley Games / Broadway Toys LTD / Family Games, Inc. / Fundex / G3 / Ghenos Games / Great American Trading Company / Identity Games International B.V. / Korea Boardgames / Marbles: The Brain Store / Mitra / Oficina do Aprendiz / Pressman Toy Corp.",N/A,Abstract Strategy / Children's Game,Open Drafting / Pattern Building / Pattern Recognition / Square Grid,Reimplemented by: + 0more
1168,Canopy,2021,Grow the most bountiful rainforest in this game of card drafting and set collection.,6.567,7.23,4090,$29.99,1–4–,30,8+,2.01 / 5,Tim Eisner,Vincent Dutrait,Weird City Games / Devir / Gémklub / Hobby Game Mall / Hobby World / KOSMOS / Lucky Duck Games / Meeples / MINDOK,Mac Nelson,Animals / Card Game / Environmental,Open Drafting / Push Your Luck / Set Collection / Solo / Solitaire Game,Reimplemented by: + 0more
1169,CuBirds,2018,Group birds into flocks and help them find their way back to their nest.,6.565,6.90,9077,,2–5–,20,8+,1.31 / 5,Stefan Alexander,Kristiaan der Nederlanden,Catch Up Games / Board Game Circus / Evrikus / Gam'inBIZ / Grok Games / Happy Baobab / hobbity.eu / Maldito Games / MINDOK / MS Edizioni / Pandasaurus Games / Reflexshop / Ultra PRO,Sébastien Kihm / Clément Milker,Animals / Card Game,Hand Management / Set Collection,
1170,The Others,2016,Faith is pitted against the sins as the Apocalypse arrives.,6.565,7.28,4264,,2–5–,90,14+,3.06 / 5,Eric M. Lang,Jacopo Camagni / Georges Clarenko / Miguel Coimbra / Stef Kopinski / Karl Kopinski / Eric M. Lang / Paolo Parente / Adrian Smith / Richard Wright,Cool Mini Or Not / Guillotine Games / asmodee / Asterion Press / Broadway Toys LTD / Edge Entertainment / Portal Games,N/A,Fantasy / Fighting / Horror / Miniatures,Area Majority / Influence / Area Movement / Dice Rolling / Interrupts / Modular Board / Team-Based Game / Variable Player Powers,
1171,The Grimm Forest,2018,"Build houses of straw, wood and brick while avoiding villains like the Big Bad Wolf.",6.564,7.06,6376,,2–4–,45–60–,14+,1.92 / 5,Tim Eisner,Lina Cossette / David Forest / Mr. Cuddington,Druid City Games / Cube Factory of Ideas / Game Harbor / Gameology (Gameology Romania) / Hobby World / Last Level / Lucky Duck Games / Mirakulus / Skybound Tabletop / TLAMA games,Ian Allen / James Hudson / Mac Nelson,Animals / Fantasy,Rock-Paper-Scissors / Set Collection / Simultaneous Action Selection / Take That,
1172,Web of Power,2000,Use monasteries and advisors to gain dominance over the different regions of Europe!,6.564,7.30,3652,,3–5–,50–60–,12+,2.30 / 5,Michael Schacht,Franz Vohwinkel,Goldsieber Spiele / 999 Games / GameField / Rio Grande Games,N/A,Medieval / Territory Building,Area Majority / Influence / Hand Management / Network and Route Building / Open Drafting,Reimplemented by: + 2more
1173,Manila,2005,"Place your bets on this roulette wheel of arriving boats, goods, and even pirates!",6.564,7.00,6420,,3–5–,60,10+,2.04 / 5,Franz-Benno Delonge,Victor Boden,"Zoch Verlag / 999 Games / Competo / Marektoy / Devir / Egmont Polska / Gigamic / Korea Boardgames / Rio Grande Games / Swan Panasia Co., Ltd.",N/A,Nautical / Pirates / Transportation,Auction / Bidding / Auction: Turn Order Until Pass / Betting and Bluffing / Commodity Speculation / Dice Rolling / Loans / Stock Holding / Worker Placement,
1174,Virgin Queen,2012,European conflict during the Counter-Reformation in the 16th century.,6.563,7.97,1906,$91.45,2–6–,420,12+,4.45 / 5,Ed Beach,Charles Kibler / Rodger B. MacGowan / Mark Mahaffey / Mark Simonitch,GMT Games / Spielworxx / Banana Games,N/A,Negotiation / Pike and Shot / Political / Religious / Renaissance / Wargame,Campaign / Battle Card Driven / Dice Rolling / Point to Point Movement / Simulation / Variable Phase Order / Variable Player Powers,
1175,Resist!,2022,Lead a band of resistance fighters as they try to take back their homeland!,6.563,7.37,3338,$24.99,1,20–40–,10+,2.28 / 5,Trevor Benjamin / Roger Tankersley / David Thompson (I),Albert Monteys,Salt & Pepper Games / 25th Century Games / Banana Games / Fox in the Box / GaGa Games / Nuts! Publishing / Studio Supernova / Vagabund,N/A,Card Game / Civil War / Spies / Secret Agents / Wargame,"Card Play Conflict Resolution / Deck, Bag, and Pool Building / Hand Management / Open Drafting / Push Your Luck / Scenario / Mission / Campaign Game / Solo / Solitaire Game",Reimplemented by: + 0more
1176,Homesteaders,2009,Homesteaders in the old west build a frontier settlement up into a town.,6.563,7.18,4020,$99.99,2–4–,60–90–,14+,3.05 / 5,Alex Rockwell,Hans Janssen / Ariel Seoane,Tasty Minstrel Games / Quined Games,Seth Jaffee,American West / City Building / Economic,Auction / Bidding / Auction Compensation / Auction: Fixed Placement / Auction: Turn Order Until Pass / Constrained Bidding / End Game Bonuses / Income / Loans / Open Drafting / Worker Placement,
1177,Rivals for Catan,2010,Duel to build the best kingdom in different eras of Catan.,6.563,6.93,8486,$27.99,2,45–60–,10+,2.33 / 5,Klaus Teuber,Michael Menzel,KOSMOS / 999 Games / Albi / Catan Studio / Devir / Filosofia Éditions / Giochi Uniti / Hobby World / Ideal Board Games / Igroljub / IntelliGames.BG / Lautapelit.fi / Mayfair Games / Spilbræt.dk,N/A,Card Game / City Building / Medieval / Territory Building,Dice Rolling / Hand Management / Open Drafting / Race,Reimplements: Anno 1701: Das Kartenspiel / Catan Card Game
1178,Witchcraft!,2023,A coven of witches prove their innocence and defend a village from the supernatural.,6.563,7.62,2492,$24.99,1,20–40–,10+,2.44 / 5,Trevor Benjamin / Roger Tankersley / David Thompson (I),Albert Monteys,Salt & Pepper Games / 25th Century Games / Banana Games / Fox in the Box / GaGa Games / Nuts! Publishing / Schwerkraft-Verlag,N/A,Card Game,"Card Play Conflict Resolution / Deck, Bag, and Pool Building / Hand Management / Open Drafting / Scenario / Mission / Campaign Game / Solo / Solitaire Game",Reimplements: Resist!
1179,Louis XIV,2005,Influence the French court for your personal gain.,6.562,7.03,5571,,2–4–,75–100–,12+,3.01 / 5,Rüdiger Dorn,Franz Vohwinkel,alea / Ravensburger AG / Rio Grande Games,N/A,Age of Reason / Card Game / Political,Area Majority / Influence / Hand Management / Modular Board / Set Collection,Reimplemented by: + 0more
1180,Gold West,2015,The ecstasy of gold lures you to create the most prosperous mining empire.,6.562,7.29,3469,$47.65,2–4–,45–60–,13+,2.45 / 5,J. Alex Kevern,Vincent Dutrait / Adam P. McIver,Tasty Minstrel Games / Trick or Treat Studios / 2Tomatoes Games / Kronos Games (Krogam) / Matagot,Seth Jaffee,American West / Economic / Territory Building,Area Majority / Influence / Contracts / Mancala / Modular Board / Network and Route Building / Set Collection,Reimplemented by: + 0more
1181,Wasteland Express Delivery Service,2017,Survive the wasteland as drivers for the last delivery company on earth!,6.561,7.29,3781,,2–5–,90–120–,13+,2.97 / 5,Jonathan Gilmour-Long / Ben Pinchback / Matt Riddle,Riccardo Burchielli / Josh Cappel / Jason D. Kingsley,asmodee / Pandasaurus Games,Nathan McNair / Molly Wardlaw,Adventure / Science Fiction / Transportation,Action Points / Dice Rolling / Market / Modular Board / Pick-up and Deliver / Variable Player Powers,
1182,The Anarchy,2025,The loyal allies of Stephen siege against Empress Matilda's rebellion.,6.561,8.40,1444,,1–4–,60–90–,13+,3.87 / 5,Bobby Hill,Sam Phillips,Garphill Games / CHUR GAMES / Pixie Games / Renegade Game Studios / Tesla Games,N/A,City Building / Medieval,Chaining / Income / Multi-Use Cards / Paper-and-Pencil / Scenario / Mission / Campaign Game / Solo / Solitaire Game / Tech Trees / Tech Tracks / Track Movement,
1183,Summoner Wars: Alliances Master Set,2014,Face off against opposing summoners in a battle of force and wits.,6.560,8.01,1855,,2–4–,45,9+,2.76 / 5,Colby Dauch,David Richards,Cube Factory of Ideas / Plaid Hat Games,N/A,Card Game / Fantasy / Fighting,Dice Rolling / Grid Movement / Hand Management / Variable Player Powers,Reimplemented by: + 0more
1184,Little Town,2017,Manage resources and build the most efficient town.,6.560,7.14,4801,,2–4–,30–60–,10+,1.94 / 5,Shun Taguchi / Aya Taguchi,Sabrina Miramon / Aya Taguchi / たかみまこと (Makoto Takami),Studio GG / Arclight Games / BoardBros / Buró / GoKids 玩樂小子 / IELLO / Korea Boardgames / Lavka Games / Mancalamaro / Portal Games / Reflexshop / Siam Board Games / Switch Games / TCG Factory / Ігромаг,N/A,City Building / Medieval,Contracts / Tile Placement / Worker Placement,
1185,Riverboat,2017,Plant and cultivate crops to send down the Mississippi to build your empire.,6.559,7.41,2949,,2–4–,90,10+,2.98 / 5,Michael Kiesling,Klemens Franz,Lookout Games / Mayfair Games / SD Games,N/A,Farming,Action Drafting / Hexagon Grid / Open Drafting / Set Collection / Tile Placement,
1186,Linko,2014,Play your cards right to empty your hand and capture valuable points in the process!,6.558,7.00,5936,,2–5–,20,10+,1.39 / 5,Michael Kiesling / Wolfgang Kramer,Oliver Freudenreich / Ans Kim / Sergi Marcet,"AMIGO / Ravensburger AG / 999 Games / Albi / Arclight Games / BoardM Factory / Broadway Toys LTD / Fractal Juegos / Galápagos Jogos / Gameology, Inc. (게임올로지) / Giochi Uniti / Kaissa Chess & Games / Maldito Games / OPEN'N PLAY / Playte / Rebel Sp. z o.o. / Reflexshop / Swan Panasia Co., Ltd.",N/A,Card Game,Hand Management / Melding and Splaying / Move Through Deck / Open Drafting / Take That,
1187,Container: 10th Anniversary Jumbo Edition!,2018,"Build it, store it, sell it, transport it and hopefully you'll make money!",6.557,7.66,2253,,3–5–,75–90–,13+,2.93 / 5,Franz-Benno Delonge / Thomas Ewert / Kevin Nesbitt,Michael Christopher / Paola Tuazon / Andrew White,Mercury Games / CrowD Games,N/A,Economic / Industry / Manufacturing / Nautical / Transportation,Auction / Bidding / Closed Economy Auction / Commodity Speculation / Loans / Pick-up and Deliver / Set Collection,Reimplements: Container | Reimplemented by: + 0more
1188,Septima,2023,"Build your witch coven, enthrall the townsfolk, and rise to power as the new Septima.",6.557,7.35,3615,,1–4–,50–100–,12+,3.66 / 5,Robin Hegedűs,Barbara Bernát / Villő Farkas,Mindclash Games / Maldito Games / Portal Games / Skellig Games / Super Meeple / YOKA Games,N/A,Fantasy / Mythology,Hand Management / Simultaneous Action Selection / Variable Player Powers,
1189,Cat Lady,2017,"Collect food, toys, and even costumes to please your growing family of cats.",6.557,6.98,7057,$21.02,2–4–,15–30–,8+,1.38 / 5,Josh Wood,Josh Wood,"Alderac Entertainment Group / Arclight Games / CMON Global Limited / Edge Entertainment / FoxGames / FReak Or Geek / MINDOK / MYBG Co., Ltd. / Pegasus Spiele / Primigenio / Reflexshop",N/A,Animals / Card Game / Humor,Open Drafting / Set Collection,Reimplemented by: + 0more
1190,Brew Crafters,2013,Craft beers in the hopes of being the best brewery in the city.,6.556,7.35,3213,,2–5–,90,12+,3.59 / 5,Ben Rosset,Jaqui Davis / Christopher Kirkman,Dice Hate Me Games,N/A,Economic / Industry / Manufacturing,End Game Bonuses / Variable Set-up / Worker Placement,Reimplemented by: + 0more
1191,World of Warcraft: Wrath of the Lich King,2021,Survive against hordes of undead on Azeroth to face off against the Lich King.,6.555,7.37,3763,,1–5–,45–60–,14+,2.28 / 5,Justin Kemppainen / Todd Michlitsch / Alexandar Ortloff-Tang / Michael Sanfilippo,Atha Kanaani,Z-Man Games / ADC Blackfire Entertainment / Blizzard Entertainment / Galápagos Jogos / Gémklub / Korea Boardgames / Lifestyle Boardgames Ltd / Rebel Sp. z o.o.,N/A,Fantasy / Video Game Theme,Action Points / Cooperative Game / Hand Management / Point to Point Movement / Set Collection / Trading / Variable Player Powers,Reimplements: Pandemic
1192,Ecos: First Continent,2019,"Collaboratively shape a growing continent of flora, fauna, and geological features.",6.554,7.11,4820,$29.97,2–6–,45–75–,14+,2.57 / 5,John D. Clair,Sabrina Miramon,Alderac Entertainment Group / Arclight Games / Gen-X Games (GenX) / Lavka Games / Lucky Duck Games / TTGames CZ,Josh Wood / Mark Wootton,Animals / Environmental / Prehistoric / Territory Building,Bingo / Contracts / Modular Board / Set Collection / Simultaneous Action Selection / Tile Placement / Turn Order: Progressive,
1193,Dracula vs Van Helsing,2023,Suspenseful fight of Dracula and Van Helsing in Whitby.,6.553,7.42,3135,$29.99,2,20–45–,10+,1.76 / 5,Maxime Rambourg / Théo Rivière,Weberson Santiago,Mandoo Games / 25th Century Games / Blackrock Games / Games7Days / Geronimo Games / Lavka Games / Maldito Games / MM-Spiele / Muduko / Reflexshop / Rexhry / Well Designed Game,N/A,Card Game / Novel-based,Area Majority / Influence / Card Play Conflict Resolution / Force Commitment / Hand Management,
1194,Britannia,1986,Control multiple nations in conflicts that span a millennium of British history.,6.553,7.18,4380,,3–5–,180–300–,12+,3.16 / 5,Lewis Pulsipher,"Alex Anders / Mark Bromley / Guy Gentry / Norbert Gräf / Tomasz Jedruszek / Patrick McEvoy / Kurt Miller / George I. Parrish, Jr. / Ted Pendergraft / Lewis Pulsipher / Günter Vojtek",The Avalon Hill Game Co / Fantasy Flight Games / Gibsons / Delta Vision Publishing / Devir / Edge Entertainment / Esdevium / Heidelberger Spieleverlag / Welt der Spiele,N/A,Ancient / Civilization / Medieval / Wargame,Area Movement / Dice Rolling / Simulation / Stat Check Resolution / Voting,Reimplemented by: + 0more
1195,Stonespine Architects,2024,Build your own perilous dungeon and become a master architect.,6.551,7.44,2933,$49.95,1–5–,45–60–,10+,2.13 / 5,Jordy Adan,Jordy Adan / Damien Mammoliti / Lucas Ribeiro / Diego Sá,Thunderworks Games / Gémklub / Gen-X Games (GenX) / Intrafin Games / Ogry Games / Pegasus Spiele / Rawstone / Rexhry,John Brieger / Luis Francisco / Breeze Grigas / Keith Matejka,Card Game / Fantasy,Closed Drafting / Connections / Contracts / End Game Bonuses / Hand Management / Pattern Building / Set Collection / Simultaneous Action Selection,
1196,Hawaii,2011,"Chieftains build huts, plant fruits, dance and surf on a sunny island.",6.551,7.10,4693,,2–5–,60,13+,2.90 / 5,Greg Daigle,Dennis Lohausen,Hans im Glück / 999 Games / Filosofia Éditions / Rio Grande Games / Z-Man Games,N/A,Farming / Territory Building,Action Points / Area Movement / Income / Modular Board / Tile Placement / Worker Placement,
1197,ICECOOL,2016,Flick high school penguins to catch fish without getting caught by the hall monitor.,6.550,6.78,12289,$60.88,2–4–,30,6+,1.06 / 5,Brian Gomez,Reinis Pētersons,"Brain Games / AMIGO / Conclave Editora / Desyllas Games / Hobby Japan / IGAMES / Korea Boardgames / Lautapelit.fi / Lifestyle Boardgames Ltd / Ludicus Games / MINDOK / Oliphante / Rebel Sp. z o.o. / Reflexshop / SD Games / Swan Panasia Co., Ltd.",N/A,Action / Dexterity / Animals / Children's Game,Area Movement / Flicking / Take That,Reimplemented by: + 0more
1198,Smash Up: Science Fiction Double Feature,2014,Standalone set themed around classic Mad Science.,6.550,7.25,4167,,2,30–45–,12+,2.25 / 5,Paul Peterson,Víctor Pérez Corbella / Igor Heras / Wen Juinn / Brynn Metheney,Alderac Entertainment Group / Edge Entertainment / Hobby World / IELLO / Pegasus Spiele / uplay.it edizioni,Todd Rowland / Mark Wootton,Card Game / Fantasy / Horror / Humor / Mythology / Prehistoric / Science Fiction / Spies / Secret Agents,Area Majority / Influence / Hand Management / Take That / Variable Player Powers,
1199,Tempel des Schreckens,2016,Defend the temples as Amazons or rob it as adventurers in this social deduction game.,6.550,7.25,3762,,3–10–,15,8+,1.14 / 5,佐藤 雄介 (Yusuke Sato),Irene Bressel / Marcin Makowski,Lucrum Games / Schmidt Spiele,N/A,Bluffing / Card Game / Deduction / Negotiation / Party Game,Hidden Roles / Team-Based Game / Traitor Game,Reimplements: Don't Mess with Cthulhu / Time Bomb
1200,Flick 'em Up!,2015,Show those outlaws who has the fastest flick in the West!,6.550,6.84,9468,,2–10–,30–45–,7+,1.35 / 5,Gaëtan Beaujannot / Jean Yves Monpertuis,Chris Quilliams,Pretzel Games / Enigma (Bergsala Enigma) / Filosofia Éditions / Galápagos Jogos / Ghenos Games / Lacerta / Ludonova / One Moment Games / Z-Man Games,Martin Bouchard,Action / Dexterity / American West / Fighting,Flicking / Pick-up and Deliver / Team-Based Game,Reimplemented by: + 0more
1201,Herbaceous,2017,Relax as you collect and plant an assortment of flavorful herbs in your garden.,6.549,6.99,6281,$25.99,1–4–,15–20–,8+,1.22 / 5,Eduardo Baraf / Steve Finn,Beth Sobel,"Dr. Finn's Games / Pencil First Games, LLC / 17wanzy (Yihu BG) / 64 Ounce Games / Arclight Games / Granna / Little Rocket Games / Maldito Games / Matagot / Quality Beast",N/A,Card Game / Print & Play,Push Your Luck / Set Collection / Solo / Solitaire Game,
1202,Comic Hunters,2020,Try to add rare and valuable comic books to your collection.,6.549,7.57,2509,$13.99,1–4–,60,14+,2.22 / 5,Robert Coelho,Diego Sá,Arcane Wonders / Bucaneiros Jogos / Copag Cards (Copag) / Spin Master Ltd.,N/A,Card Game / Comic Book / Strip,Auction: Turn Order Until Pass / Closed Drafting / Hand Management / Open Drafting / Set Collection,
1203,Dice Town,2009,Make the best hand of poker dice. A little money may improve your chances.,6.548,6.87,8203,,2–5–,45,10+,1.69 / 5,Bruno Cathala / Ludovic Maublanc,Pierô,"Matagot / asmodee / Asterion Press / Board Game Box / Game Harbor / Giochix.it / Kaissa Chess & Games / Rexhry / RollinGames / Surfin' Meeple China / Swan Panasia Co., Ltd.",N/A,American West / Dice / Party Game,Bribery / Catch the Leader / Dice Rolling / Re-rolling and Locking / Set Collection / Simultaneous Action Selection,
1204,Core Worlds,2011,Barbarian kingdoms beyond the galactic frontier invade the core worlds of the galaxy.,6.548,7.13,4368,,2–5–,60–120–,10+,2.89 / 5,Andrew Parks,Alex Figini / Chechu Nieto / Jim Parks / Maciej Rebisz / Sergey Rumyantsev,Stronghold Games,Sara Sterphone,Card Game / Civilization / Science Fiction / Space Exploration,"Deck, Bag, and Pool Building / Hand Management / Open Drafting",
1205,Oriflamme,2019,Decide to act early or late to set traps and attack to become the most influential.,6.548,7.07,5249,,3–5–,15–30–,10+,1.69 / 5,Adrien Hesling / Axel Hesling,Tomasz Jedruszek,"Studio H / Albi / Arclight Games / Brädspel.se / Buró / Evrikus / Galakta / Geekach LLC / Gen-X Games (GenX) / Geronimo Games / Hachette Boardgames Benelux / Kaissa Chess & Games / Lautapelit.fi / Mandoo Games / MEBO Games / MS Edizioni / Pegasus Spiele / Popcorn Games / Reflexshop / Spilbræt.dk / Swan Panasia Co., Ltd.",N/A,Card Game / Political,Action Queue / Betting and Bluffing / Hand Management / Take That / Turn Order: Progressive,
1206,Legacy: The Testament of Duke de Crecy,2013,Build the most powerful and influential family tree in 18th century France.,6.548,7.12,4496,,1–4–,60,8+,2.72 / 5,Michiel Justin Elliott Hendriks,Mateusz Bielski / Rafał Szyma / Barbara Trela-Szyma,Portal Games / Gemenot / IELLO / Pegasus Spiele,N/A,Age of Reason / Card Game / Economic,"End Game Bonuses / Hand Management / Open Drafting / Set Collection / Solo / Solitaire Game / Turn Order: Progressive / Worker Placement / Worker Placement, Different Worker Types",
1207,Winner's Circle,2001,Bet on 7 different horses over 3 races to see who can make the most cash.,6.547,6.98,6019,,2–6–,45–60–,10+,1.60 / 5,Reiner Knizia,Gahyun Lee / William O'Connor / U# / Franz Vohwinkel,alea / DiceTree Games / Ediciones MasQueOca / Face2Face Games / Group SNE / Ravensburger AG / Smart Ltd,Stefan Brück,Animals / Racing / Sports,Betting and Bluffing / Roll / Spin and Move,Reimplements: Turf Horse Racing
1208,Tribes of the Wind,2022,Use the backs of your opponents' cards to play your actions in the best possible way.,6.547,7.31,3439,$31.02,2–5–,40–90–,14+,2.65 / 5,Joachim Thôme,Vincent Dutrait,La Boîte de Jeu / Across the Board / Engames / Evrikus / Geekach LLC / Gémklub / Hachette Boardgames USA / HANALL M&C / HUCH! / Lucky Duck Games / Tranjis Games / YOKA Games,N/A,Card Game / Civilization / Environmental,Closed Drafting / Contracts / End Game Bonuses / Grid Coverage / Hand Management / Movement Points / Neighbor Scope / Race / Set Collection / Tile Placement,
1209,Archaeology: The New Expedition,2016,Collect and sell treasure for profit! But get too greedy and you might lose it all...,6.547,7.11,4644,,2–5–,20–30–,10+,1.27 / 5,Phil Walker-Harding,Atha Kanaani,asmodee / Conclave Editora / Hobby Japan / Korea Boardgames / Z-Man Games,N/A,Card Game,Open Drafting / Push Your Luck / Set Collection,Reimplements: Archaeology: The Card Game
1210,Here I Stand: 500th Anniversary Edition,2017,Europe in conflict during the Protestant Reformation of the 16th century.,6.546,8.43,1419,,2–6–,180–360–,14+,4.60 / 5,Ed Beach,Rodger B. MacGowan / Mark Simonitch,GMT Games / Banana Games / Devir / Ergo Ludo Editions,N/A,Negotiation / Pike and Shot / Political / Religious / Renaissance / Wargame,Area Movement / Campaign / Battle Card Driven / Dice Rolling / Hand Management / Point to Point Movement / Simulation / Variable Player Powers,Reimplements: Here I Stand
1211,In the Footsteps of Darwin,2023,Assist Charles Darwin with his research for On the Origin of Species.,6.545,7.35,3239,$39.99,2–5–,20–30–,8+,1.67 / 5,Grégory Grard / Matthieu Verdier,Maud Briand / David Sitbon,Sorry We Are French / Broadway Toys LTD / Dino Toys s. r. o. / Feelindigo / Fractal Juegos / Gémklub / Hachette Boardgames UK / Hachette Boardgames USA / Happy Baobab / Lifestyle Boardgames Ltd / Mancalamaro / Mar Lúdico / Rebel Sp. z o.o. / Tranjis Games,N/A,Animals / Educational / Nautical,End Game Bonuses / Grid Coverage / Layering / Open Drafting / Pattern Building / Rondel / Square Grid / Tile Placement,
1212,Ascension: Storm of Souls,2011,Events and fanatics uproot the Ascension universe.,6.544,7.28,3715,,1–4–,30,13+,2.32 / 5,John Fiorillo,Eric Sabee,Stone Blade Entertainment / Arclight Games / asmodee / Marabunta,Brian M. Kibler / Gary Arant / Jeff Liu / Mike Rosenberg,Card Game / Fantasy,"Deck, Bag, and Pool Building / Hand Management / Open Drafting",
1213,Chronicles of Avel,2021,Team up and fight together to save magical land of Avel.,6.544,7.50,3061,,1–4–,60,8+,1.95 / 5,Przemek Wojtkowiak,Bartłomiej Kordowski,Rebel Sp. z o.o. / Rebel Studio / ADC Blackfire Entertainment / Gémklub / Rozum,N/A,Adventure / Children's Game / Exploration / Fantasy / Fighting,Action Points / Cooperative Game / Dice Rolling / Die Icon Resolution / Hexagon Grid / Modular Board / Solo / Solitaire Game,
1214,Unlock!: Game Adventures,2021,Solve puzzles to solve problems as you experience classic games in a new light.,6.543,7.84,1888,$36.99,1–6–,30–60–,10+,2.36 / 5,Mathieu Casnin / Thomas Cauët / Jeremy Koch,Atha Kanaani / Martin Mottet / Jérôme Pélissier / Chris Quilliams,Space Cowboys / Galápagos Jogos / Hobby Japan / Lifestyle Boardgames Ltd,N/A,Deduction / Puzzle / Real-time,Cooperative Game / Deduction / Scenario / Mission / Campaign Game / Storytelling,
1215,Set a Watch,2019,Fight to keep your party alive as darkness brings death and destruction.,6.543,7.24,4026,$49.99,1–4–,45–80–,13+,2.43 / 5,Mike Gnade / Todd Walsh,Andreas Rocha / Robert P. Schneider,Rock Manor Games / Boom Boom Games / Bumble3ee Interactive / Giochix.it / Grimspire / STARGAMES(KR) / Treetato Studio,N/A,Adventure / Card Game / Dice / Fantasy,Cooperative Game / Dice Rolling / Solo / Solitaire Game / Variable Player Powers,Reimplemented by: + 0more
1216,Uprising: Curse of the Last Emperor,2021,Lead the Uprising of a formerly enslaved fantasy race against The Empire and Chaos.,6.543,8.37,1530,,1–4–,120–240–,13+,3.73 / 5,Cornelius Cremin / Pawel Mazur / Dirk Sommer,Igor Desic / Bartek Fedyczak / Dirk Sommer,Nemesis.Games,N/A,Civilization / Dice / Economic / Fantasy / Wargame,Action Points / Area Majority / Influence / Cooperative Game / Dice Rolling / Die Icon Resolution / Modular Board / Variable Player Powers,
1217,Heroscape Master Set: Swarm of the Marro,2007,Take the battle to a swamp you've built using a team you've designed.,6.543,7.65,2447,,2–4–,60,8+,2.27 / 5,Stephen Baker / Rob Daviau / Chris Nelson / Craig Van Ness,N/A,Hasbro / Milton Bradley,N/A,Adventure / Fantasy / Fighting / Miniatures / Science Fiction,Dice Rolling / Modular Board,
1218,Two Rooms and a Boom,2013,Help the president or hunt him down in this social deduction game for 6-30 players.,6.543,6.98,6274,$45.97,6–30–,7–20–,8+,1.48 / 5,Alan Gerding / Sean McCoy,Sean McCoy,17wanzy (Yihu BG) / IELLO / Tuesday Knight Games,N/A,Bluffing / Card Game / Deduction / Negotiation / Party Game / Print & Play / Real-time / Spies / Secret Agents,Acting / Elapsed Real Time Ending / Hidden Roles / Real-Time / Team-Based Game / Variable Player Powers / Voting,
1219,World's Fair 1893,2016,Be the leading exhibitor at the famous fair when the big wheel finally stops.,6.542,7.14,4306,$34.99,2–4–,35–45–,10+,2.03 / 5,J. Alex Kevern,Adam P. McIver / Beth Sobel,Renegade Game Studios / 2 Pionki / dlp games / Foxtrot Games / Origames / Portal Games,Randy Hoyt,Post-Napoleonic,Area Majority / Influence / Open Drafting / Set Collection,
1220,Fallout Shelter: The Board Game,2020,Vault Dwellers compete to become the Overseer of their Vault.,6.541,7.22,4060,,2–4–,60–90–,14+,2.03 / 5,Andrew Fischer,N/A,Fantasy Flight Games / ADC Blackfire Entertainment / Delta Vision Publishing / Galápagos Jogos / Hobby Japan / Hobby World / Rebel Sp. z o.o. / Siam Board Games,N/A,Video Game Theme,"Dice Rolling / End Game Bonuses / Layering / Modular Board / Turn Order: Claim Action / Worker Placement / Worker Placement, Different Worker Types",
1221,The Castles of Tuscany,2020,"A fast, strategic game of region building during the Italian Renaissance.",6.541,7.21,3865,,2–4–,45–60–,10+,2.25 / 5,Stefan Feld,Antje Stephan / Claus Stephan,alea / Broadway Toys LTD / Galápagos Jogos / Rebel Sp. z o.o.,N/A,Industry / Manufacturing / Renaissance / Territory Building,Grid Coverage / Hexagon Grid / Modular Board / Set Collection / Tile Placement / Variable Set-up,
1222,Haggis,2010,Climbing card-game for two to four players. With bets and bombs!,6.541,7.03,5012,,2–4–,45,13+,2.10 / 5,Sean Ross (I),Luis Francisco / Diego Sá / 別府さい (Sai Beppu) / Gary Simpson,Indie Boards & Cards / (Self-Published) / Bambus Spieleverlag / Engames / Grok Games / Mandoo Games / Portland Game Collective,N/A,Card Game,Betting and Bluffing / Hand Management / Ladder Climbing / Team-Based Game,
1223,Fishing,2024,"Use card tricks to catch fish, then use those fish as bait to catch more.",6.540,7.23,3600,,3–5–,40–60–,8+,1.88 / 5,Friedemann Friese,Maren Rache,"2F-Spiele / 2Tomatoes Games / 999 Games / asmodee / Games7Days / Giochi Uniti / Lautapelit.fi / Ludofun / Matagot / Rio Grande Games / SUNNY BIRD / Swan Panasia Co., Ltd. / TLAMA games",Henning Kröpke,Animals / Card Game / Nautical,"Deck, Bag, and Pool Building / Trick-taking",Reimplemented by: + 0more
1224,Legendary: A Marvel Deck Building Game – Villains,2014,Dodge and demolish high-minded heroes to establish yourself as the leading villain.,6.540,7.53,2800,,1–5–,45,14+,2.72 / 5,Devin Low,Devin Low,Upper Deck Entertainment,Mark Shaunessy,Card Game / Comic Book / Strip,"Cooperative Game / Deck, Bag, and Pool Building / Semi-Cooperative Game",
1225,Wildlands,2018,Lead your faction to take out rivals and collect magic crystals in this arena battler,6.540,7.25,3796,$66.13,2–4–,30–60–,14+,2.25 / 5,Martin Wallace,Alyn Spiller / Yann Tisseron,Osprey Games,Filip Hartelius / Duncan Molloy,Fantasy / Fighting / Miniatures,Area Movement / Hand Management / Interrupts / Kill Steal / Secret Unit Deployment / Variable Player Powers,Reimplemented by: + 0more
1226,Age of Industry,2010,Share in the production and distribution of resources in the Industrial revolution!,6.540,7.33,3120,,2–5–,120,13+,3.35 / 5,Martin Wallace,Peter Dennis,Treefrog Games / Hobby Japan / Wargames Club Publishing,N/A,Economic / Industry / Manufacturing / Transportation,Hand Management / Loans / Market / Network and Route Building / Open Drafting / Tech Trees / Tech Tracks,Reimplements: Brass: Lancashire
1227,Paper Tales,2017,Fight for dominance across four rounds. Long enough for generations to grow and die.,6.539,7.01,5632,$41.59,2–5–,30,12+,2.18 / 5,Masato Uesugi,Christine Alcouffe,Catch Up Games / Engames / Evrikus / Frosted Games / Funiverse / Game Harbor / Mercurio / MS Edizioni / Pegasus Spiele / Stronghold Games,N/A,Card Game / Fantasy,Closed Drafting / End Game Bonuses / Hand Management / Secret Unit Deployment / Simultaneous Action Selection,Reimplements: Vorpals
1228,Cottage Garden,2016,Select and plant polyomino flower tiles to complete your beds and earn points.,6.538,6.85,8852,,1–4–,60,8+,1.89 / 5,Uwe Rosenberg,Andrea Boekhoff,Edition Spielwiese / Blackrock Games / Compaya.hu: Gamer Café Kft. / Cranio Creations / Game Harbor / Happy Baobab / Hobby Japan / MINDOK / Pegasus Spiele / Rebel Sp. z o.o. / SD Games / Stronghold Games / White Goblin Games,N/A,Abstract Strategy / Farming / Puzzle,Grid Coverage / Open Drafting / Pattern Building / Tile Placement,
1229,Jump Drive,2017,Race to build the best space empire of alien worlds and new technologies.,6.538,7.00,5478,$23.53,2–4–,10–30–,13+,2.02 / 5,Thomas Lehmann,Martin Hoffmann / Claus Stephan / Mirko Suzuki / Jens Wiese,Rio Grande Games / Matagot / Pegasus Spiele,N/A,Card Game / Science Fiction / Space Exploration,Hand Management / Income / Multi-Use Cards / Set Collection / Simultaneous Action Selection / Tags,Reimplements: The City / Race for the Galaxy
1230,Irish Gauge,2014,Compete and cooperate to build railways across Ireland!,6.537,7.15,3967,$28.00,3–5–,60,12+,2.33 / 5,Amabel Holland,Ian O'Toole,Capstone Games / Winsome Games,N/A,Economic / Post-Napoleonic / Trains,Auction / Bidding / Hexagon Grid / Income / Investment / Network and Route Building / Random Production / Stock Holding / Victory Points as a Resource,
1231,Explorers of the North Sea,2016,"Sail unexplored islands to herd animals, plunder settlements, and claim lands.",6.537,7.26,3574,,1–4–,45–60–,12+,2.13 / 5,Shem Phillips,Mihajlo Dimitrievski,Garphill Games / Pixie Games / Renegade Game Studios / Schwerkraft-Verlag / White Goblin Games,N/A,Animals / Exploration / Medieval / Nautical,Action Points / Area Majority / Influence / Grid Movement / Modular Board / Pick-up and Deliver / Set Collection / Tile Placement / Variable Player Powers,
1232,Habitats,2016,Build a wildlife park - but be sure to give your animals the terrain they need!,6.537,7.31,3160,$41.50,1–5–,30–50–,10+,2.06 / 5,Corné van Moorsel,Filip Gavril / Daniel Profiri / Dominique Ramsey / Steven Tu,Cwali / Allplay / Board Game Rookie / BoardGameTables.com / Hobby Japan / IGAMES / Nasza Księgarnia,N/A,Animals / Environmental / Puzzle / Territory Building,Grid Movement / Open Drafting / Pattern Building / Square Grid / Tile Placement,Reimplemented by: + 2more
1233,The Lord of the Rings,2000,Tiny hobbits set course for Mount Doom. Will they save Middle Earth from Sauron?,6.536,6.73,16295,,2–5–,60–90–,12+,2.53 / 5,Reiner Knizia,Bluguy / John Howe,Fantasy Flight Games / 999 Games / Alga / Bard Centrum Gier / Devir / Edge Entertainment / Editrice Giochi / Fjölvaútgáfan / Hasbro / Hobby World / Kaissa Chess & Games / KOSMOS / Laser plus / Parker Brothers / Sophisticated Games / Stratelibri / Tactic / Tilsit / Wizards of the Coast,N/A,Adventure / Fantasy / Novel-based,Cooperative Game / Dice Rolling / Hand Management / Player Elimination / Set Collection / Variable Player Powers,
1234,The Speicherstadt,2010,"Collect goods, trade with merchants and put out fires in Hamburg.",6.536,7.02,5266,,2–5–,45,8+,2.27 / 5,Stefan Feld,Harald Lieske / Michael Menzel / Andreas Resch,"eggertspiele / The Game Master BV / Pegasus Spiele / Swan Panasia Co., Ltd. / Z-Man Games",N/A,Economic,Auction / Bidding / Auction: Dutch Priority / Contracts / End Game Bonuses / Events / Income / Set Collection / Turn Order: Progressive,Reimplemented by: + 0more
1235,Innovation Ultimate,2025,Guide your civilization with inventions from the stone age through to the modern era.,6.536,8.46,1298,$62.94,2–5–,30–60–,14+,3.16 / 5,Carl Chudyk,Alanna Cervenak / Sarah Farooqi / Robert Simmons,Asmadi Games / 4GAMES / Grail Games / Schwerkraft-Verlag,Chris Cieslik,Card Game / Civilization,Follow / Hand Management / Layering / Melding and Splaying / Tags / Take That / Tech Trees / Tech Tracks / Variable Phase Order,Reimplements: Innovation / Innovation: Artifacts of History / Innovation: Cities of Destiny / Innovation: Echoes of the Past / Innovation: Figures in the Sand
1236,Flick of Faith,2019,"Be a God, having your prophets gather believers in the Archipelago of the Navel.",6.535,7.31,3340,,2–4–,15–40–,8+,1.20 / 5,Kamil Jarząbek / Paweł Stobiecki / Jan Truchanowicz / Łukasz Włodarczyk,Dagmara Gąska / Piotr Hornowski / Krzysztof Piasek / Agnieszka Pogan / Adrian Radziun,Awaken Realms Lite / Dal Tenda / Delta Vision Publishing / FoxGames / Lucky Duck Games / Magellan / Maldito Games / Mirakulus / TGG Games / YOKA Games,N/A,Action / Dexterity / Mythology,Area Majority / Influence / Flicking / Variable Player Powers / Voting,
1237,Mr. Jack Pocket,2010,Can Mr Jack outsmart Holmes and Watson by hiding long enough?,6.535,6.83,9104,,2,15,14+,1.83 / 5,Bruno Cathala / Ludovic Maublanc,Jean-Marie Minguez,Hurrican / hobbity.eu / Mostafil Games,N/A,Bluffing / Deduction / Murder / Mystery / Post-Napoleonic,Hidden Movement / Map Deformation / Modular Board,Reimplements: Mr. Jack
1238,Agemonia,2024,Live your destiny as a mighty hero or despicable villain.,6.535,8.83,1405,$287.77,1–4–,60–120–,10+,3.31 / 5,Max Wikström,Petri Hiltunen / Chad Hoverter / Tomasz Jedruszek / Jere Kasanen / Damien Mammoliti,Lautapelit.fi / Delight,N/A,Adventure / Exploration / Fantasy,Cooperative Game / Dice Rolling / Role Playing / Scenario / Mission / Campaign Game / Storytelling,
1239,Summoner Wars: Phoenix Elves vs Tundra Orcs,2009,Fight with ferocious accuracy as the Elves or icy brutality as the Tundra Orcs.,6.535,7.48,2708,,2–4–,30,9+,2.29 / 5,Colby Dauch,JJ Ariosa / David Richards / Gary Simpson,Cube Factory of Ideas / Filosofia Éditions / Galápagos Jogos / MINDOK / Plaid Hat Games / Raven Distribution / Uhrwerk Verlag,N/A,Card Game / Fantasy / Fighting,Dice Rolling / Grid Movement / Hand Management / Variable Player Powers,
1240,Reavers of Midgard,2019,"Recruit Reavers, battle, and raid to become the most glorious viking clan.",6.534,7.32,3316,$41.96,2–4–,60–120–,14+,2.93 / 5,J.B. Howell,Yaroslav Radetskyi,Grey Fox Games / Arrakis Games / Corax Games / Don't Panic Games / MeepleBR / Mosaico Jogos / Portal Games,Joshua Lobkowicz,N/A,Dice Rolling / Follow / Open Drafting / Set Collection / Worker Placement,
1241,Calimala,2017,Cloth merchants compete for majorities using a unique action selection system.,6.534,7.31,3198,,2–5–,75,10+,2.80 / 5,Fabio Lopiano,Harald Lieske / Ian O'Toole,ADC Blackfire Entertainment GmbH / Alley Cat Games / Arrakis Games / Rightgames RBG SIA / Stronghold Games,N/A,Economic / Industry / Manufacturing / Medieval / Renaissance / Transportation / Travel,Area Majority / Influence / End Game Bonuses / Modular Board / Order Counters / Variable Set-up,
1242,Chronicles of Crime: 1900,2021,Lead an intrepid journalist on their quest to solve the crimes of 1900s Paris!,6.534,7.88,2372,,1–4–,60–90–,12+,1.91 / 5,David Cicurel / Wojciech Grajkowski,Matijos Gebreselassie / Karolina Jędrzejak / Mateusz Komada / Katarzyna Kosobucka / Aleksandra Wojtas,Lucky Duck Games / 999 Games / Broadway Toys LTD / Corax Games / Gameology (Gameology Romania) / Gémklub / Hobby World / ToyRock Oy (TRG Games) / TWOPLUS Games / uplay.it edizioni,N/A,Adventure / Deduction / Murder / Mystery / Puzzle,Cooperative Game / Scenario / Mission / Campaign Game / Storytelling / Variable Player Powers,Reimplements: Chronicles of Crime
1243,Tsuro,2005,"Chose your path by placing tiles, but be careful not to fall off the map!",6.533,6.67,30691,,2–8–,15–20–,8+,1.22 / 5,Tom McMurchie,Cathy Brigg / Andrew Hepworth / Shane Small / Imelda Vohwinkel / Franz Vohwinkel,Calliope Games / WizKids (I) / 64 Ounce Games / Abysse Corp. / DV Games / Enigma (Bergsala Enigma) / Flick Game Studio / Kaissa Chess & Games / KOSMOS / Matagot,N/A,Fantasy,Hand Management / Network and Route Building / Player Elimination / Tile Placement,Reimplemented by: + 2more
1244,Black Fleet,2014,"Lead a fleet of ships, collect doubloons, pay the ransom for the governor's daughter.",6.533,6.99,5788,,3–4–,60,14+,1.94 / 5,Sebastian Bleasdale,Denis Zilber,Space Cowboys / asmodee / Asterion Press,N/A,Miniatures / Nautical / Pirates / Transportation,Area Movement / Grid Movement / Hand Management / Pick-up and Deliver / Take That / Variable Player Powers,
1245,A Study in Emerald,2013,"Compete in hidden teams to either remove, or protect, the Cthulhu hegemony .",6.533,7.21,3622,,2–5–,90,13+,3.46 / 5,Martin Wallace,Geof Banyard / Peter Dennis / Anne Stokes,Treefrog Games,N/A,Bluffing / Fantasy / Horror / Murder / Mystery / Novel-based / Political / Post-Napoleonic / Spies / Secret Agents / Zombies,"Area Majority / Influence / Deck, Bag, and Pool Building / Hand Management / Hidden Roles / Open Drafting / Point to Point Movement / Team-Based Game",Reimplemented by: + 0more
1246,Alma Mater,2020,Players serve as headmasters of universities seeking to establish themselves.,6.533,7.26,3552,$24.99,2–4–,90–150–,12+,3.74 / 5,Acchittocca / Flaminia Brasini / Virginio Gigli / Stefano Luperto / Antonio Tinto,Chris Quilliams,eggertspiele / Arclight Games / Plan B Games / Rawstone / sternenschimmermeer,André Bierth,Renaissance,Closed Drafting / End Game Bonuses / Hand Management / Tile Placement / Worker Placement,
1247,Fauna,2008,Being close is what counts in this game about animal characteristics.,6.533,7.04,4999,,2–6–,45–60–,8+,1.45 / 5,Friedemann Friese,Peter Braun / Alexander Jung / Volker Maas / Laurent Mainardi,HUCH! / 999 Games / Brädspel.se / Competo / Marektoy / Devir / DV Games / Filosofia Éditions / FoxMind / Gémklub / Hobby Japan / HomoLudicus / Korea Boardgames / Lifestyle Boardgames Ltd / MINDOK / Rathskellers / Rebel Sp. z o.o. / Reflexshop / Spilbræt.dk / Vennerød Forlag AS / Zvezda,N/A,Animals / Educational / Trivia,Betting and Bluffing,Reimplemented by: + 0more
1248,Men at Work,2018,Carefully balance your ego with your survival in this hilarious stacking challenge!,6.532,7.20,3874,,2–5–,30–45–,8+,1.08 / 5,Rita Modl,Bernard Bittler / Chris Quilliams,Pretzel Games / Hobby Japan / Pegasus Spiele / Plan B Games,Martin Bouchard,Action / Dexterity,Player Elimination / Stacking and Balancing,
1249,Conflict of Heroes: Awakening the Bear! – Operation Barbarossa 1941 (Second Edition),2012,WWII Eastern Front tactical combat.,6.532,7.89,1954,,2–4–,60–180–,13+,3.27 / 5,Uwe Eickert,Pavlos Germidis / Steve Paschal / Patrick Ward,"Academy Games, Inc. / ASYNCRON games / Devir / Schwerkraft-Verlag",N/A,Wargame / World War II,Action Points / Dice Rolling / Hexagon Grid / Modular Board / Simulation,Reimplements: Conflict of Heroes: Awakening the Bear! – Russia 1941-42 | Reimplemented by: + 0more
1250,Majesty: For the Realm,2017,Collect citizens to work in your village as you build a realm to rival all others!,6.532,6.92,6804,,2–4–,20–30–,7+,1.72 / 5,Marc André,Anne Heidsieck,Hans im Glück / 999 Games / Arclight Games / asmodee / Asterion Press / Bard Centrum Gier / Broadway Toys LTD / Devir / Gemblo Company / Hobby World / Mandoo Games / MINDOK / Z-Man Games,N/A,Card Game / Medieval,Auction: Dutch / Open Drafting / Set Collection / Victory Points as a Resource,Reimplemented by: + 0more
1251,Empires of the Void II,2018,"Use diplomacy, invasion, or both to interact with story-filled alien planets.",6.532,7.44,2822,$63.20,2–5–,90–180–,13+,3.47 / 5,Ryan Laukat,Ryan Laukat / Michael Leavenworth,Red Raven Games,N/A,Civilization / Economic / Exploration / Science Fiction / Space Exploration,Action Points / Area Majority / Influence / Dice Rolling / Follow / Hand Management / Modular Board / Pick-up and Deliver / Point to Point Movement / Variable Player Powers,Reimplements: Empires of the Void
1252,Coffee Rush,2023,Become the greatest barista by quickly fulfilling coffee and beverage orders.,6.532,7.10,5460,$38.39,2–4–,30,8+,1.79 / 5,Euijin Han,Siwon Hwang,Korea Boardgames / ADC Blackfire Entertainment / asmodee / Broadway Toys LTD / G3 / Games7Days / Gémklub / HaKubia / Tower Tactic Games / Zvezda / 狗吠火車,N/A,Economic,Contracts / Grid Movement / Simulation,Reimplemented by: + 0more
1253,La Famiglia: The Great Mafia War,2023,Two teams struggling over the supremacy of Sicily during the Great Mafia War.,6.531,7.97,1902,,4,120–180–,16+,3.99 / 5,Maximilian Maria Thiel,Weberson Santiago,Feuerland Spiele / Boardgame Atelier / BoardM Factory / Capstone Games / Galakta / Lavka Games / Maldito Games / Super Meeple / テンデイズゲームズ (TendaysGames) / YOKA Games,Frank Heeren,Economic / Mafia / Wargame,Area Majority / Influence / Area Movement / Order Counters / Team-Based Game / Variable Player Powers / Variable Set-up / Worker Placement,
1254,Café,2020,Place cards efficiently to process and deliver coffee in early 20th-century Portugal.,6.530,7.15,4336,$37.53,1–4–,20–45–,8+,2.05 / 5,Costa / Rôla,Marina Costa,PYTHAGORAS / Across the Board / Boardgame Mall / Bohemian Games / Djama Games / Funbox Editora / GaGa Games / HOT Games / HUCH! / Lord of Boards / Maldito Games / Mayfair Games / Neptuno Games / Rawstone / Reflexshop / Sylex / Upgrade Games,David M Santos-Mendes,Card Game / Economic / Farming / Industry / Manufacturing,Action Points / Contracts / Grid Coverage / Highest-Lowest Scoring / Layering / Melding and Splaying / Open Drafting / Pattern Building / Solo / Solitaire Game / Square Grid / Tile Placement,
1255,Wiz-War (Eighth Edition),2012,Duel for your life in an ever-changing labyrinth as you race to capture treasure.,6.530,7.06,5221,,2–4–,30–60–,14+,2.32 / 5,Tom Jolly / Kevin Wilson,Philip Dickenson / Javier Guzman / Bill Hallier / Christophe Madura / Denis Medri / Dallas Mehlhoff / Bob Renzas / Gabe Rose / Brian Schomburg / WiL Springer / Peter Wocken / Ben Zweifel,Fantasy Flight Games / Edge Entertainment / Giochi Uniti / Heidelberger Spieleverlag / Wargames Club Publishing,N/A,Fantasy / Fighting / Miniatures,Deck Construction / Dice Rolling / Grid Movement / Hand Management / Interrupts / Line of Sight / Map Deformation / Modular Board / Pick-up and Deliver / Player Elimination / Take That / Variable Set-up,Reimplements: Wiz-War
1256,Tawantinsuyu: The Inca Empire,2020,"From the Coricancha Temple, gain fame and glory to become the next Sapa Inca.",6.530,7.37,3107,,1–4–,60–120–,14+,4.09 / 5,Dávid Turczi,Michał Długaj / Jakub Fajtanowski / Jakub Skop / Zbigniew Umgelter / Aleksander Zawada,Board&Dice / CMON Global Limited / CrowD Games / Galápagos Jogos / Giant Roc / Giochix.it / Maldito Games / Pixie Games / Portal Games / Rawstone / sternenschimmermeer,Rainer Ahlfors / Błażej Kubacki / Małgorzata Mitura / Andrei Novac / Dávid Turczi,Civilization / Economic / Renaissance,"Action Points / Area Majority / Influence / Hand Management / Open Drafting / Pattern Building / Rondel / Set Collection / Solo / Solitaire Game / Variable Set-up / Worker Placement, Different Worker Types",
1257,Zombie Teenz Evolution,2020,Cooperate to protect your town from Zombie Hordes. A game that evolves as you play!,6.529,7.61,2381,$19.98,2–4–,20,8+,1.42 / 5,Annick Lobet,Nikao / Rémy Tornior,Scorpion Masqué / ADC Blackfire Entertainment / FoxGames / Geekach LLC / Happy Baobab / HOT Games / Lex Games / Lifestyle Boardgames Ltd / Reflexshop / Sugorokuya / Yaofish Games,N/A,Children's Game / Zombies,Action Points / Cooperative Game / Dice Rolling / Events / Legacy Game / Pick-up and Deliver,
1258,History of the World,1991,Build History by expanding 7 Civilizations: who will Dominate the World ?,6.527,7.11,4655,,3–6–,135–270–,12+,2.77 / 5,Gary Dicken / Steve Kendall / Phil Kendall,"Charles S. Jarboe, Jr. / Steve Kendall / Jason Spiller / David Walker",Avalon Hill / Ragnar Brothers / The Avalon Hill Game Co / Compendium Games / Gibsons / Welt der Spiele / Z-Man Games,N/A,Civilization / Ancient / Medieval / Napoleonic / Post-Napoleonic / Renaissance / Wargame / World War I,Area Majority / Influence / Dice Rolling / Hand Management,Reimplemented by: + 0more
1259,Warhammer Underworlds: Shadespire,2017,"Grab your army, build your deck and use your 12 actions to achieve victory.",6.527,7.58,2965,,2,30,12+,2.52 / 5,David Sanders,N/A,Games Workshop Ltd.,N/A,Card Game / Collectible Components / Dice / Fantasy / Fighting / Miniatures,Area Majority / Influence / Deck Construction / Dice Rolling / Grid Movement / Hand Management / Line of Sight / Modular Board / Variable Player Powers,Reimplemented by: + 0more
1260,Floriferous,2021,Experience joy as you gather flowers from your garden and pair them with your cards!,6.527,7.41,2836,$29.57,1–4–,20–30–,14+,1.72 / 5,Eduardo Baraf / Steve Finn,Clémentine Campardou,"Pencil First Games, LLC / Quality Beast / Rebel Sp. z o.o. / Vagabund",N/A,Card Game,Open Drafting / Set Collection / Solo / Solitaire Game / Turn Order: Stat-Based,
1261,La Città,2000,"Attract citizens to your cities, but don't forget to feed them!",6.527,7.00,5369,$89.99,2–5–,120,12+,3.27 / 5,Gerd Fenchel,Lukas Siegmon / Claus Stephan,KOSMOS / 999 Games / ABACUSSPIELE / Rio Grande Games / Tilsit,N/A,City Building / Civilization / Renaissance / Territory Building,Area Majority / Influence / Commodity Speculation / Modular Board / Open Drafting / Tile Placement,Reimplemented by: + 0more
1262,Super Fantasy Brawl,2022,Choose your team of unique heroes. Fight for domination and glory in the arena.,6.526,7.54,2864,,2–4–,30–40–,14+,2.28 / 5,Jochen Eisenhuth,Stéphane Gantiez / Johannes Helgeson / Bayard Wu,Mythic Games / CMON Global Limited / Grimspire / Ingenio Games / Lavka Games / Popcorn Games / YOKA Games,Babis Giannios / Nick Niotis / Dale Rowe-Smith,Fantasy / Fighting / Miniatures,Area Majority / Influence / Card Play Conflict Resolution / Deck Construction / Grid Movement / Hand Management / Hexagon Grid / Line of Sight / Team-Based Game / Variable Player Powers,Reimplemented by: + 0more
1263,Dorfromantik: Sakura,2024,Create a landscape tile by tile to satisfy the whims of its residents.,6.526,8.00,1777,$40.77,1–6–,30–90–,10+,1.93 / 5,Michael Palm / Lukas Zach,Paul Riebe,Berry Games / CMON Global Limited / FunMill.ru / IUVI Games / Mnogoknig Games / Pegasus Spiele / SD Games / TLAMA games / Нескучные игры,N/A,City Building / Environmental / Puzzle / Territory Building / Video Game Theme,Cooperative Game / Hexagon Grid / Map Addition / Modular Board / Scenario / Mission / Campaign Game / Tile Placement,Reimplements: Dorfromantik: The Board Game
1264,Discoveries: The Journals of Lewis & Clark,2015,Draft dice to record your discoveries & befriend tribes as you journey westward.,6.525,7.01,5115,,2–4–,60,14+,2.36 / 5,Cédrick Chaboussit,Vincent Dutrait,Ludonaute / Asterion Press / MeepleBR / Rebel Sp. z o.o.,N/A,American West / Dice,"Contracts / Deck, Bag, and Pool Building / Dice Rolling / Set Collection / Worker Placement / Worker Placement with Dice Workers",
1265,Ticket to Ride: New York,2018,Catch a cab across Manhattan when low on time with this 15 minute express version.,6.525,6.88,7749,,2–4–,10–15–,8+,1.27 / 5,Alan R. Moon,Cyrille Daujean / Julien Delval / Alan R. Moon,Days of Wonder / ADC Blackfire Entertainment / Asterion Press / Edge Entertainment / Galápagos Jogos / Games Unplugged LLC / Gémklub / Hobby Japan / Korea Boardgames / Rebel Sp. z o.o. / Siam Board Games,N/A,Trains,Hand Management / Network and Route Building / Open Drafting / Set Collection,Reimplements: Ticket to Ride
1266,Marvel: Remix,2022,Build the ultimate Marvel team of heroes and villains by building the best hand.,6.525,7.28,3234,$24.48,2–6–,20,12+,1.81 / 5,Bruce Glassco,Shutterstock,WizKids (I) / Broadway Toys LTD / Don't Panic Games / Looping Games / MIPL / Rexhry / Strohmann Games,N/A,Card Game / Comic Book / Strip,Hand Management / Open Drafting / Set Collection,Reimplements: Fantasy Realms
1267,Insider,2016,20 questions with a twist... a time limit and a sneaky insider who knows the answer!,6.525,7.02,5080,$22.99,4–8–,15,9+,1.11 / 5,ｱｷﾋﾛｲﾄｵ (Akihiro Itoh) / Kwaji / Daichi Okano / Kito Shinma,Jun Sasaki,Oink Games / Lautapelit.fi / PopcornEdu / Tower Tactic Games,N/A,Bluffing / Deduction / Party Game / Word Game,Hidden Roles / Roles with Asymmetric Information / Team-Based Game / Voting,
1268,The Search for Lost Species,2023,Search for the lost species in a deduction game followup to the Search for Planet X!,6.525,7.75,2001,$34.97,1–4–,60–75–,13+,2.95 / 5,Matthew O'Malley / Ben Rosset,Anh Le Art / Anita Osburn,Renegade Game Studios / Gémklub / Maldito Games / Origames / Schwerkraft-Verlag / TLAMA games,N/A,Animals / Deduction / Puzzle,Action Points / Deduction / Hexagon Grid / Solo / Solitaire Game / Turn Order: Time Track,Reimplements: The Search for Planet X | Reimplemented by: + 0more
1269,The Hobbit: There and Back Again,2025,Hobbits compete to make the most rewarding journey to The Lonely Mountain.,6.525,7.60,2346,$34.99,1–4–,30,10+,1.82 / 5,Reiner Knizia,Lorenzo Colangeli,Office Dog / Gémklub / Rebel Sp. z o.o.,Bryan Bornmueller / Marceline Leiman,Adventure / Dice / Fantasy / Novel-based,Dice Rolling / Open Drafting / Solo / Solitaire Game,
1270,Star Trek: Frontiers,2016,Starship Captains compete to explore and conquer an unknown part of the universe.,6.524,7.83,1989,$79.99,1–4–,60–240–,14+,4.35 / 5,Vlaada Chvátil / Andrew Parks,N/A,WizKids (I),N/A,Movies / TV / Radio theme / Science Fiction / Space Exploration,"Cooperative Game / Deck, Bag, and Pool Building / Hexagon Grid / Modular Board / Multi-Use Cards / Solo / Solitaire Game / Tile Placement / Variable Player Powers",Reimplements: Mage Knight Board Game
1271,The Prodigals Club,2015,"Lose votes, your friends and your possessions in this game of reverse expectations!",6.524,7.30,3168,,2–5–,40–100–,14+,3.26 / 5,Vladimír Suchý,Tomáš Kučerovský,Cranio Creations / Czech Games Edition (CGE) / Heidelberger Spieleverlag / IELLO / Lex Games / MINDOK / Rebel Sp. z o.o.,N/A,Card Game / Economic,Hand Management / Highest-Lowest Scoring / Worker Placement,
1272,Antike,2005,Historical empires develop and confront each other to dominate the ancient world.,6.523,7.07,4770,,2–6–,120,12+,2.99 / 5,Mac Gerdts,Mac Gerdts / Alexander Jung / Steffi Krage,PD-Verlag / eggertspiele / Oya / Rio Grande Games,N/A,Ancient / Civilization / Fighting / Nautical / Territory Building,Area Majority / Influence / Area Movement / Rondel,Reimplemented by: + 0more
1273,Sheriff of Nottingham: 2nd Edition,2020,"Sell goods for profit, or risk losing it all by slipping contrabands in...",6.523,7.21,4167,,3–6–,60,14+,1.70 / 5,Sérgio Halaban / André Zatz,Davide Tosello,CMON Global Limited / BoardM Factory / Broadway Toys LTD / Edge Entertainment / Funforge / Galápagos Jogos / Games7Days / Lavka Games / MIPL / Reflexshop / SuperHeated Neurons / Yes Papa Games,N/A,Bluffing / Card Game / Humor / Medieval / Negotiation / Novel-based / Party Game,Bribery / Hand Management / Open Drafting / Role Playing / Set Collection,Reimplements: Sheriff of Nottingham / Sheriff of Nottingham: Merry Men
1274,Sweet Lands,2025,Build the richest candy empire to claim the crown of confections.,6.522,8.17,1633,,1–4–,100–200–,14+,4.16 / 5,Totsuca Chuo,Tatsuki Asano,uchibacoya / CrowD Games / Devir / Pixie Games / Rosiness / Yellowstar Games,N/A,City Building / Civilization / Economic / Fantasy / Industry / Manufacturing / Science Fiction / Territory Building,Hexagon Grid / Solo / Solitaire Game / Tile Placement / Variable Player Powers,
1275,"Time of Crisis: The Roman Empire in Turmoil, 235-284 AD",2017,Roman politicians try to take advantage of barbarians invading the Empire.,6.522,7.56,2427,$129.95,2–4–,120–180–,14+,3.04 / 5,Wray Ferrell / Brad Johnson (I),Rodger B. MacGowan,GMT Games / Ergo Ludo Editions,N/A,Ancient / Wargame,"Action Points / Area Movement / Campaign / Battle Card Driven / Deck, Bag, and Pool Building / Dice Rolling / Hand Management / Open Drafting",Reimplemented by: + 0more
1276,Conspiracy: Abyss Universe,2019,Rally lords to your underwater senate and collect pearls to rule the realm of Abyss.,6.522,7.18,3846,,2–4–,30,8+,1.79 / 5,Bruno Cathala / Charles Chevallier,Pascal Quidault,Bombyx / Broadway Toys LTD / Buró / Grimspire / Hobby World / Kaissa Chess & Games / Mostafil Games / Playagame Edizioni / Rebel Sp. z o.o. / Rexhry,N/A,Card Game / Fantasy / Nautical,Open Drafting / Pattern Building / Set Collection / Tile Placement,
1277,Ghost Fightin' Treasure Hunters,2013,Team up to swipe all the gems from an eerie mansion before a haunting takes over.,6.522,7.13,4386,,2–4–,30,8+,1.63 / 5,Brian Yu,Pierô,"Mattel, Inc. / Korea Boardgames",N/A,Adventure / Children's Game / Fantasy / Horror,Cooperative Game / Dice Rolling / Pick-up and Deliver / Roll / Spin and Move,Reimplemented by: + 0more
1278,Northgard: Uncharted Lands,2022,A streamlined 4X board game based on Norse Mythology.,6.521,7.56,2872,$74.99,2–5–,45–90–,13+,2.79 / 5,Adrian Dinu,Grosnez,Open Sesame Games / Across the Board / Board Game Box / Czacha Games / Evrikus / Geekach LLC / Gémklub / Hachette Boardgames USA / Shiro Games / Studio H / TLAMA games,N/A,Exploration / Fantasy / Medieval / Territory Building / Video Game Theme,"Area Majority / Influence / Campaign / Battle Card Driven / Deck, Bag, and Pool Building / Dice Rolling / Modular Board / Tile Placement / Variable Player Powers",
1279,Legendary Encounters: A Predator Deck Building Game,2015,Deckbuild to survive the Predator as humans or to gain the most honor as Yautja.,6.521,7.42,2899,,1–5–,30–60–,17+,2.69 / 5,Ben Cichoski / Daniel Mandel,N/A,Upper Deck Entertainment,Jason Brenner / Crystal Goggio / Bubby Johanson / Matthew Rogers / Mark Shaunessy,Card Game / Movies / TV / Radio theme / Science Fiction,"Cooperative Game / Deck, Bag, and Pool Building / Open Drafting / Player Elimination",Reimplements: Legendary: A Marvel Deck Building Game
1280,Werewords Deluxe Edition,2018,"20 questions with a twist: a time limit, and a sneaky werewolf who knows the answer.",6.521,7.55,2400,$29.95,2–20–,10,8+,1.31 / 5,Ted Alspach,Ted Alspach / Jason Boles / Roland MacDonald,Bézier Games,N/A,Bluffing / Deduction / Party Game / Real-time / Word Game,Hidden Roles / Traitor Game / Variable Player Powers / Voting,Reimplements: Werewords
1281,Betrayal at House on the Hill: 3rd Edition,2022,Explore a haunted house as a team ... until one of you turns against the rest.,6.520,7.29,4122,$50.15,3–6–,60,12+,2.37 / 5,Dave Chalker / Banana Chan / Noah Cohen / Bruce Glassco / Brian Neff / Will Sobel / Jabari Weathers,Henning Ludvigsen,Avalon Hill / Hasbro / Game Harbor,N/A,Adventure / Exploration / Horror,Dice Rolling / Map Addition / Modular Board / Player Elimination / Role Playing / Storytelling / Team-Based Game / Traitor Game / Variable Player Powers,Reimplements: Betrayal at House on the Hill
1282,Mottainai,2015,Cleverly use multi-purpose cards to create Works with special powers. Waste nothing!,6.519,7.04,4674,$18.77,2–5–,15–30–,13+,3.17 / 5,Carl Chudyk,Alanna Cervenak,4GAMES / Asmadi Games / Ludofy Creative,Chris Cieslik,Card Game / Print & Play,Follow / Hand Management / Multi-Use Cards / Set Collection / Team-Based Game / Variable Phase Order,Reimplements: Glory to Rome
1283,Valley of the Kings,2014,Prove your worth to the gods by being entombed with the most possessions.,6.519,7.00,5056,,2–4–,45,14+,2.18 / 5,Tom Cleaver,Banu Andaru / Guillermo H. Nuñez,Alderac Entertainment Group / BoardBros / Devir / Pegasus Spiele,N/A,Ancient / Card Game / Mythology / Religious,"Deck, Bag, and Pool Building / Hand Management / Open Drafting / Set Collection",
1284,Strike,2012,"Throw dice in an arena, in order to be the last gladiator standing.",6.519,6.99,5461,$15.73,2–5–,15,8+,1.02 / 5,Dieter Nüßle,Franz Vohwinkel,Ravensburger AG / Super-Pauli,N/A,Action / Dexterity / Dice,Dice Rolling / Player Elimination / Push Your Luck,Reimplemented by: + 0more
1285,Metropolys,2008,"Use your buildings to bid on the best plots, collect prizes, & score secret goals.",6.518,7.06,4441,,2–4–,30–60–,8+,2.20 / 5,Sébastien Pauchon,Mathieu Leyssenne,Ystari Games / HUCH! / Quined White Goblin Games / Rio Grande Games,N/A,Territory Building,Area Majority / Influence / Auction / Bidding / Constrained Bidding,Reimplemented by: + 0more
1286,The Druids of Edora,2025,Gain prestige as you wander through the magical forest strategically placing dice.,6.518,7.87,1891,$56.50,2–4–,60–90–,14+,3.10 / 5,Stefan Feld,Fred Gissubel,alea / Ravensburger AG,N/A,Dice / Fantasy,Area Majority / Influence / Contracts / Dice Rolling / Worker Placement with Dice Workers,
1287,Firenze,2010,Battle to create the most magnificent towers in Renaissance Florence.,6.518,7.22,3430,,2–4–,60,12+,2.54 / 5,Andreas Steding,Michael Menzel / Andreas Resch,Pegasus Spiele / Quined Games,N/A,Economic / Renaissance,Auction: Dutch / Increase Value of Unchosen Resources / Set Collection,
1288,Everdell Duo,2025,Use resources to play cards and create your own woodland city.,6.517,7.65,2250,$35.00,1–2–,30,10+,2.72 / 5,James A. Wilson / Clarissa A. Wilson,Enggar Adirasa / Andrew Bosley,Starling Games (II) / Delight / Gémklub / Hobby World / Maldito Games / Pegasus Spiele / Rebel Sp. z o.o. / Tycoon Games / White Goblin Games / Ігромаг,N/A,Animals / Card Game / City Building / Fantasy,Contracts / Cooperative Game / Income / Open Drafting / Scenario / Mission / Campaign Game / Set Collection / Solo / Solitaire Game / Variable Set-up / Worker Placement,Reimplements: Everdell
1289,Mysterium Park,2020,"It's cotton candy, circus, dark secrets - a psychic investigation at Mysterium Park!",6.517,7.00,5695,$29.99,2–6–,30–45–,10+,1.43 / 5,Oleksandr Nevskiy / Oleg Sidorenko,Xavier Collette / Maëva da Silva / M81 Studio,Libellud / Galápagos Jogos / Gémklub / Hobby Japan / Rebel Sp. z o.o.,N/A,Deduction / Murder / Mystery / Party Game,Communication Limits / Cooperative Game / Pattern Recognition / Roles with Asymmetric Information / Storytelling,Reimplements: Mysterium
1290,Nokosu Dice,2016,Dice are used with cards in this trick taking game. Save the right die for last.,6.517,7.64,2125,,3–5–,45–60–,10+,2.05 / 5,Yusuke Matsumoto,別府さい (Sai Beppu),Engames / Quoth Games,Ted Alspach / Takafumi Sugiki,Card Game / Dice,Auction / Bidding / Dice Rolling / Hand Management / Open Drafting / Predictive Bid / Trick-taking,
1291,Aeon's End: Outcasts,2020,Play a campaign against the monstrosities from beyond the Breach.,6.516,8.47,1293,$52.60,1–4–,60,14+,3.00 / 5,Sydney Engelstein / Nick Little (I) / Kevin Riley,Gong Studios,Indie Boards & Cards / Matagot / Portal Games,N/A,Card Game / Fantasy / Science Fiction,"Cooperative Game / Deck, Bag, and Pool Building / Hand Management / Open Drafting / Scenario / Mission / Campaign Game / Variable Phase Order / Variable Player Powers",
1292,The Quest for El Dorado: The Golden Temples,2019,"You've made it to El Dorado, now the jewels and riches are almost in your grasp.",6.515,7.64,2208,$31.25,2–4–,30–60–,10+,2.05 / 5,Reiner Knizia,Vincent Dutrait / Franz Vohwinkel,Ravensburger AG / 999 Games / Arclight Games / Lautapelit.fi / Lavka Games / Meeple / Nasza Księgarnia / Reflexshop,N/A,Adventure / Exploration,"Deck, Bag, and Pool Building / Grid Movement / Hand Management / Modular Board / Open Drafting / Pick-up and Deliver / Race",
1293,Runebound: Second Edition,2005,Adventure and gain life experience until you can beat the Dragon!,6.515,6.90,8222,,2–6–,120–240–,12+,2.68 / 5,Darrell Hardy / Martin Wallace,Andy Brase / Jesper Ejsing / Louis Frank / John Goodenough / Kurt Miller / John Moriarty / Scott Nicely / Ben Prenevost / Hian Rodriguez / Kevin Senft / Kieran Yanner,Fantasy Flight Games / (Unknown) / Arclight Games / Beacon Multimedia S.A. / Delta Vision Publishing / Galakta / Heidelberger Spieleverlag / Hobby World / Nexus Editrice / PS-Games / Ubik,N/A,Adventure / Exploration / Fantasy / Fighting,Area Movement / Dice Rolling / Hexagon Grid / Open Drafting / Role Playing / Variable Player Powers,Reimplements: Runebound | Reimplemented by: + 0more
1294,Too Many Bones: Unbreakable,2023,Gearlocs Figment and Gale toss gobs of dice in the caverns beneath Daelore.,6.514,8.80,1107,,1–4–,60–180–,12+,3.88 / 5,Josh J. Carlson / Adam Carlson,Anthony LeTourneau / Federico Pompili,Chip Theory Games / GoKids 玩樂小子 / Lucky Duck Games,Logan Giannini / Ryan Howard / Salem Scott / Shannon Wedge / Josh Wielgus,Adventure / Fantasy / Fighting,"Cooperative Game / Deck, Bag, and Pool Building / Dice Rolling / Die Icon Resolution / Hand Management / Role Playing / Solo / Solitaire Game / Stat Check Resolution / Tech Trees / Tech Tracks / Turn Order: Role Order / Variable Player Powers",
1295,NMBR 9,2017,Cleverly stack number-shaped polyominoes higher and higher without leaving any gaps.,6.514,6.83,8244,,1–4–,20,8+,1.22 / 5,Peter Wichmann,Fiore GmbH,ABACUSSPIELE / 999 Games / cutia.ro / Devir / DV Games / Fantasmagoria / G3 / Game Factory / GoKids 玩樂小子 / Korea Boardgames / Lautapelit.fi / Lifestyle Boardgames Ltd / Möbius Games / Z-Man Games,N/A,Abstract Strategy / Number / Puzzle,Bingo / Layering / Pattern Building / Simultaneous Action Selection / Tile Placement,
1296,Bad Company,2021,"Build your own gang, complete heists and escape the police.",6.514,7.23,3546,,1–6–,30,8+,1.93 / 5,Kenneth Minde / Kristian Amundsen Østby / Eilif Svensson,Gjermund Bohne,Aporta Games / Dice&Bones / Fun Supply / Galápagos Jogos / Matagot / Popcorn Games / Rozum,N/A,N/A,Area Majority / Influence / Contracts / Dice Rolling / Random Production / Re-rolling and Locking / Set Collection / Solo / Solitaire Game / Track Movement / Variable Set-up,
1297,Deep Rock Galactic: The Board Game,2022,"Mine precious minerals, survive and fight aliens together on a foreign planet.",6.514,8.08,1961,,1–4–,60–150–,12+,2.67 / 5,Ole Steiness,Rasmus Berggreen / Jacob Møller / Jonas Springborg,MOOD Publishing,N/A,Miniatures / Science Fiction / Video Game Theme,Cooperative Game / Dice Rolling / Events / Grid Movement / Hexagon Grid / Line of Sight / Map Addition / Modular Board / Pick-up and Deliver / Scenario / Mission / Campaign Game / Solo / Solitaire Game / Variable Player Powers,
1298,Pixies,2024,"Choose the right card, place it in the right place, and keep an eye on your opponents",6.513,7.09,4476,$14.99,2–5–,30,8+,1.23 / 5,Johannes Goupy,Sylvain Trabut,Bombyx / Cranio Creations / Fabrika Igr / Gam'inBIZ / HANALL M&C / Hobby Japan / MIPL / Pandasaurus Games / Pegasus Spiele / Tranjis Games / TTGames CZ,N/A,Animals / Card Game / Number,Connections / Open Drafting / Score-and-Reset Game / Set Collection,
1299,Mint Works,2017,Build a mint manufacturing plant in this portable introduction to worker placement.,6.512,6.88,7066,,1–4–,10–20–,13+,1.73 / 5,Justin Blaske,Felix Janson / Thomas Tamblyn,Five24 Labs / 17wanzy (Yihu BG) / funbot / Lucky Duck Games / Maldito Games / Pixie Games / Poketto / Raven Distribution / Saikorodo,N/A,Card Game / Industry / Manufacturing,Open Drafting / Ownership / Turn Order: Claim Action / Worker Placement,
1300,"Warhammer 40,000: Conquest",2014,"Take the part of a warlord, leading glorious armies in a two-player Living Card Game.",6.512,7.36,3365,,2,30–60–,14+,3.06 / 5,Brad Andres / Nate French / Eric M. Lang,Víctor Pérez Corbella / Alex Drummond,Fantasy Flight Games / Edge Entertainment / Emperor Penguin Games / Galakta / Giochi Uniti / Heidelberger Spieleverlag,N/A,Card Game / Collectible Components / Fighting,Area Majority / Influence / Area-Impulse / Hand Management / Simultaneous Action Selection / Variable Player Powers,
1301,Fields of Green,2016,"You own a modern-day farm...which buildings, crops, and livestock will you choose?",6.512,7.12,4070,$43.03,2–4–,45,12+,2.60 / 5,Vangelis Bagiartakis,Grzegorz Bobrowski / Gong Studios / Tomasz Jedruszek / Naomi Robinson,Artipia Games / Czacha Games / Flick Game Studio / GaGa Games / Ghenos Games / GoKids 玩樂小子 / Matagot / Spiele-Offensive.de / Stronghold Games / Surfin' Meeple China,N/A,Card Game / City Building / Farming,Closed Drafting / Simultaneous Action Selection / Tile Placement / Variable Phase Order,Reimplements: Among the Stars
1302,Merlin,2017,"Travel round the table, time your powers right, and transcend the roll-and-go facade!",6.511,7.14,3944,,2–4–,75,14+,3.10 / 5,Stefan Feld / Michael Rieneck,Dennis Lohausen,Queen Games / Calamity Games / Piatnik Distribution,N/A,Medieval,Area Majority / Influence / Roll / Spin and Move / Rondel / Set Collection / Worker Placement,
1303,Nations: The Dice Game,2014,"Use your dice to build the best civilization, by getting leaders, wonders, colonies.",6.511,6.93,5903,$47.40,1–4–,20–40–,14+,2.01 / 5,Rustan Håkansson,Ossi Hiekkala / Jere Kasanen / Paul Laane / Frida Lögdberg,Lautapelit.fi / Pegasus Spiele / Stronghold Games,N/A,Ancient / Civilization / Dice / Medieval / Renaissance,Dice Rolling / Events / Push Your Luck / Re-rolling and Locking / Turn Order: Stat-Based / Variable Set-up,Reimplements: Nations
1304,Star Wars: Legion,2018,Epic miniatures battles with Star Wars minis!,6.511,8.00,2077,$179.95,2,120–180–,14+,3.54 / 5,Alex Davy / Luke Eddy,Henning Ludvigsen,Fantasy Flight Games / Edge Entertainment / Galápagos Jogos / Hobby World,N/A,Miniatures / Movies / TV / Radio theme / Science Fiction / Wargame,Dice Rolling / Variable Player Powers,
1305,Clever 4Ever,2022,"Draft dice to mark numbers on your scoresheet, comboing bonuses to power your points.",6.511,7.61,2237,$27.99,1–4–,30,14+,2.37 / 5,Wolfgang Warsch,Leon Schiffer,"Schmidt Spiele / 999 Games / CMYK / Coiledspring Games / Lautapelit.fi / Lavka Games / Stronghold Games / Swan Panasia Co., Ltd.",N/A,Dice / Number,Dice Rolling / Paper-and-Pencil / Re-rolling and Locking / Solo / Solitaire Game,Reimplements: Clever Cubed / That's Pretty Clever! / Twice as Clever! | Reimplemented by: + 0more
1306,Bonsai,2023,Use your mastery of cultivation and meditation to guide the growth of your bonsai.,6.510,7.17,3849,$34.95,1–4–,40,10+,1.80 / 5,Rosaria Battiato / Massimo Borzì / Martino Chiacchiera,Davood Moghaddami,DV Games / Broadway Toys LTD / FoxGames / Gémklub / Gigamic / Hobby World / KOSMOS / Ігромаг,Marta Ciaccasassi,Environmental / Puzzle,Contracts / End Game Bonuses / Hexagon Grid / Melding and Splaying / Open Drafting / Pattern Building / Race / Solo / Solitaire Game / Tile Placement,
1307,The Reckoners,2018,Operatives work together to assassinate supervillains in a post-apocalyptic world.,6.509,7.65,2283,,1–6–,60–100–,13+,2.72 / 5,Brett Sobol / Seth Van Orden,Miguel Coimbra,Nauvoo Games,N/A,Dice / Novel-based / Science Fiction,Cooperative Game / Dice Rolling / Push Your Luck / Re-rolling and Locking / Simultaneous Action Selection / Solo / Solitaire Game / Variable Player Powers,
1308,Automobiles,2016,Build up a bag of cubes to race your car around the track.,6.509,7.18,3572,,2–5–,45,14+,2.22 / 5,David Short,Kali Fitzgerald / Marco Primo,Alderac Entertainment Group,N/A,Racing / Sports / Transportation,"Deck, Bag, and Pool Building / Hand Management / Race",
1309,스플렌더: Pokémon (Splendor: Pokémon),2023,Gotta Catch 'Em All!,6.509,7.92,1793,,2–4–,30,10+,1.83 / 5,Marc André,N/A,Korea Boardgames / Space Cowboys,N/A,Card Game / Economic / Movies / TV / Radio theme / Video Game Theme,Contracts / Open Drafting / Race / Set Collection,Reimplements: Splendor
1310,Smash Up,2012,Combine two awesome factions and battle opponents to see who rules.,6.508,6.69,28451,,2–4–,45,12+,2.06 / 5,Paul Peterson,Dave Allsop / Bruno Balixa / Carmen Cianelli / Conceptopolis / Crut / Pierre Raveneau / Isuardi Therianto / Francisco Rico Torres,"Alderac Entertainment Group / Arclight Games / Bard Centrum Gier / Edge Entertainment / Galápagos Jogos / HaKubia / Hobby World / IELLO / Kaissa Chess & Games / MYBG Co., Ltd. / NeoTroy Games / Pegasus Spiele / Rexhry / uplay.it edizioni",Todd Rowland / Mark Wootton,Card Game / Fantasy / Humor / Pirates / Science Fiction / Zombies,Area Majority / Influence / Card Play Conflict Resolution / Deck Construction / Hand Management / Kill Steal / Open Drafting / Take That / Variable Player Powers / Variable Set-up,
1311,Star Wars: The Queen's Gambit,2000,Recreate the climactic scenes from Star Wars: Episode I - The Phantom Menace.,6.508,7.58,2319,,2–4–,120,12+,2.48 / 5,Rob Daviau / Alan Roach / Craig Van Ness,Clark Mitchell (I),Avalon Hill / Hasbro,N/A,Fighting / Miniatures / Movies / TV / Radio theme / Science Fiction / Wargame,Campaign / Battle Card Driven / Command Cards / Dice Rolling / Simultaneous Action Selection,Reimplemented by: + 0more
1312,Cahoots,2018,Work as a team to complete the challenges posed by the BZ1 robot.,6.507,7.12,4124,,1–4–,20,10+,1.10 / 5,Ken Gruhl,Ronan Le Maître / Tom McKendrick / Manu Palau / Irina Pechenkina,Gamewright / Oya / Brain Picnic / Lifestyle Boardgames Ltd / Nasza Księgarnia / Popcorn Games / リゴレ (rigoler) / Schmidt Spiele / White Goblin Games / Zacatrus,N/A,Card Game,Communication Limits / Cooperative Game / Open Drafting,Reimplemented by: + 0more
1313,Summoner Wars: Guild Dwarves vs Cave Goblins,2009,Fight with siege warfare as the Dwarves or overwhelming swarm tactics as the Goblins.,6.507,7.54,2425,,2–4–,30,9+,2.23 / 5,Colby Dauch,JJ Ariosa / David Richards / Gary Simpson,Cube Factory of Ideas / Filosofia Éditions / Galápagos Jogos / Plaid Hat Games / Raven Distribution / Uhrwerk Verlag,N/A,Card Game / Fantasy / Fighting,Dice Rolling / Grid Movement / Hand Management / Variable Player Powers,
1314,Phantom Ink,2022,Spirits race to get their medium teammates to guess a secret object.,6.506,7.38,2800,,2–8–,10–15–,13+,1.16 / 5,Mary Flanagan / Max Seidman,Spring Yu,"Resonym / Alley Cat Games / Games7Days / Gémklub / Gigamic / Lavka Games / MEBO Games / MINDOK / Pegasus Spiele / Pendragon Game Studio / Popcorn Games / Portal Games / Swan Panasia Co., Ltd. / WindFans Games",N/A,Deduction / Party Game / Puzzle / Word Game,Communication Limits / Deduction / Targeted Clues / Team-Based Game,
1315,Ahoy,2022,Different factions vie for fame on the high seas.,6.506,7.24,3608,,2–4–,45–75–,14+,2.90 / 5,Greg Loring-Albright,Kyle Ferrin,Leder Games / 2Tomatoes Games / CrowD Games / Fox in the Box / Matagot / MS Edizioni / Spielworxx,Nick Brachmann,Fantasy / Nautical / Pirates,Area Majority / Influence / Dice Rolling / Modular Board / Pick-up and Deliver / Tile Placement / Variable Player Powers / Worker Placement with Dice Workers,
1316,The Initiative,2021,"Unravel the secret of The Key, a game within a game set in the year 1994.",6.506,7.51,2626,,1–4–,30–60–,8+,2.03 / 5,Corey Konieczka,David Ardila / Chan Chau / Andrew Brian George,Unexpected Games / ADC Blackfire Entertainment / Galápagos Jogos / Gémklub / Hobby Japan / Hobby World,N/A,Adventure / Comic Book / Strip / Deduction / Puzzle / Spies / Secret Agents,Area Movement / Cooperative Game / Deduction / Scenario / Mission / Campaign Game / Variable Player Powers,
1317,Via Nebula,2016,Clear clouds from a meadow of riches to be the first to build out your settlement.,6.505,7.01,4848,$46.45,2–4–,45–60–,12+,2.25 / 5,Martin Wallace,Vincent Joubert,Space Cowboys / Broadway Toys LTD / GP Games / Rebel Sp. z o.o.,N/A,Territory Building / Transportation,Action Points / Connections / Contracts / Hexagon Grid / Network and Route Building / Pick-up and Deliver,
1318,boop.,2022,"""boop"" cats off the bed before they boop yours. Adorable & challenging!",6.505,7.04,5090,$24.49,2,20–30–,10+,1.38 / 5,Scott Brady,Curt Covert,Smirk & Dagger Games / Smirk & Laughter Games / Delirium Games / Dice&Bones / Gémklub / HANALL M&C / Hobby World / Lucky Duck Games / Skellig Games / TLAMA games / Ігромаг,N/A,Abstract Strategy / Animals,Grid Movement / Pattern Building / Race / Slide / Push / Square Grid / Take That,Reimplements: Gekitai / Gekitai² | Reimplemented by: + 2more
1319,Ascension: Return of the Fallen,2011,"Tempt fate and expand Ascension with new heroes, constructs, and monsters.",6.505,7.27,3393,,1–2–,30,13+,2.16 / 5,Justin Gary,Eric Sabee,Arclight Games / asmodee / FunBox Jogos / Marabunta / Stone Blade Entertainment / Ultra PRO,John Fiorillo / Gary Arant / Robert Dougherty / Ian Estrin / Brian M. Kibler / Jeff Liu / Ryan O'Connor,Card Game / Fantasy,"Deck, Bag, and Pool Building / Hand Management / Open Drafting",
1320,Quarriors!,2011,"Use dice to capture, summon and battle with creatures to become the Champion!",6.504,6.73,14122,$72.97,2–4–,30,14+,1.97 / 5,Mike Elliott / Eric M. Lang,J. Lonnee / Chris Raimo,WizKids (I) / Arclight Games / Galápagos Jogos / Intrafin Games / NECA / Stratelibri / Zvezda,N/A,Dice / Fantasy / Fighting,"Deck, Bag, and Pool Building / Delayed Purchase / Dice Rolling / Die Icon Resolution / Interrupts / Open Drafting / Race / Take That / Variable Set-up",Reimplemented by: + 16more
1321,Dream Home,2016,Build and furnish your dream home in this family friendly game.,6.504,6.86,7757,,2–4–,30,7+,1.66 / 5,Klemens Kalicki,Bartłomiej Kordowski,Rebel Sp. z o.o. / ADC Blackfire Entertainment / asmodee / Asterion Press / Chronicle Games (Board Game) / Fun Supply / Galápagos Jogos / Gémklub / GoKids 玩樂小子 / Hobby World / Kaissa Chess & Games / Korea Boardgames / Lex Games / MESAboardgames / MIPL / Pegasus Spiele / Rebel Studio / Rozum / White Goblin Games,N/A,Card Game,Memory / Open Drafting / Pattern Building / Set Collection / Variable Phase Order,
1322,Fortune and Glory: The Cliffhanger Game,2011,Feel like Indiana Jones on the hunt for ancient artifacts around the world.,6.503,7.13,4329,,1–8–,90–240–,12+,2.87 / 5,Jason C. Hill,Jack Scott Hill,Flying Frog Productions,N/A,Adventure / Travel,Area Movement / Cooperative Game / Dice Rolling / Pick-up and Deliver / Push Your Luck / Roll / Spin and Move / Solo / Solitaire Game / Variable Player Powers,
1323,Foundations of Metropolis,2024,Create the city of your dreams in this elegant and intuitive city-building game.,6.503,7.61,2120,$42.29,2–4–,60,14+,2.00 / 5,Emerson Matsuuchi,Joe Shawcross,Arcane Wonders / BoardM Factory / Gémklub / Kobold Spieleverlag,N/A,City Building / Economic,Auction: Dutch / Income / Market / Ownership / Square Grid / Tile Placement,Reimplements: Foundations of Rome
1324,Islebound,2016,"Collect treasure, hire crew, and conquer or befriend the archipelago's island towns.",6.503,7.14,3810,,2–4–,60–120–,13+,2.74 / 5,Ryan Laukat,Ryan Laukat,Red Raven Games,N/A,Fantasy / Nautical / Pirates,Area Majority / Influence / Area Movement / Dice Rolling / End Game Bonuses / Increase Value of Unchosen Resources / Modular Board / Ownership / Pick-up and Deliver / Push Your Luck / Worker Placement,Reimplemented by: + 0more
1325,Obscurio,2019,Work together with the evil wizard's grimoire to escape the cursed library!,6.503,7.06,4626,$55.99,2–8–,40,10+,1.91 / 5,L'Atelier,Xavier Collette / M81 Studio,Libellud / Hobby Japan / KADABRA / Kaissa Chess & Games / Lifestyle Boardgames Ltd,N/A,Bluffing / Deduction / Exploration / Party Game,Communication Limits / Cooperative Game / Hidden Roles / Traitor Game / Variable Player Powers / Voting,
1326,Explorers of Navoria,2024,Explore new and strange continents that have emerged from the sea.,6.502,7.49,2574,$21.10,2–4–,40–80–,12+,2.26 / 5,Meng Chunlin,Meng Chunlin,Qiling Board Games / Arclight Games / Board Game Rookie / Dranda Games / GaGa Games / Galakta / Gémklub / HIT Games / Maldito Games / MS Edizioni / Strohmann Games / Sylex / TLAMA games / White Goblin Games,N/A,Adventure / Exploration / Fantasy,"Action Drafting / End Game Bonuses / Income / Set Collection / Track Movement / Worker Placement, Different Worker Types",
1327,The Game,2015,Can you discard all the cards in ascending & descending order without getting stuck?,6.502,6.71,13818,$26.55,1–5–,20,8+,1.24 / 5,Steffen Benndorf,Oliver Freudenreich / Sandra Freudenreich / Jason D. Kingsley / Kwanchai Moriya,"Nürnberger-Spielkarten-Verlag / Pandasaurus Games / Arclight Games / DV Games / FoxGames / Fractal Juegos / Galápagos Jogos / Game Factory / IDW Games / MINDOK / Morapiaf / Oya / Popcorn Games / Pravi Junak / Swan Panasia Co., Ltd. / Vennerød Forlag AS / White Goblin Games / YellowBOX",N/A,Card Game / Number,Communication Limits / Cooperative Game / Hand Management / Solo / Solitaire Game,Reimplemented by: + 3more
1328,Hardback,2018,Combine literary genres to assemble a masterpiece collection of letters.,6.501,7.11,3948,,1–5–,45–90–,10+,2.09 / 5,Jeff Beck (II) / Tim Fowers,Ryan Goldsberry,Fowers Games,N/A,Card Game / Word Game,"Cooperative Game / Deck, Bag, and Pool Building / Delayed Purchase / Open Drafting / Push Your Luck / Race / Spelling",Reimplements: Paperback
1329,Star Wars: Jabba's Palace – A Love Letter Game,2022,Danger and deception await you in the lair of the galaxy’s most notorious gangster.,6.500,7.19,3597,$13.59,2–6–,20,10+,1.25 / 5,Seiji Kanai / Justin Kemppainen / Todd Michlitsch,Jasmine Radue / Samuel R. Shimota,Z-Man Games / ADC Blackfire Entertainment / Delta Vision Publishing / Galápagos Jogos / Lord of Boards,Alexandar Ortloff-Tang,Card Game / Movies / TV / Radio theme / Science Fiction,Deduction / Hand Management / Player Elimination / Score-and-Reset Game / Set Collection,Reimplements: Love Letter
1330,Cockroach Poker Royal,2012,"Bluff your way to victory using creepy, crawly creatures!",6.500,7.02,4928,$34.05,2–6–,15–25–,8+,1.14 / 5,Jacques Zeimet,Rolf Vogt,"999 Games / Black Sea Puzzles / Devir / Drei Magier Spiele / G3 / Gémklub / Gigamic / Korea Boardgames / Lion Rampant Imports / Swan Panasia Co., Ltd.",N/A,Bluffing / Card Game / Party Game,Hand Management / Set Collection / Single Loser Game,Reimplements: Cockroach Poker
1331,Rallyman: GT,2020,Push your car and your luck to the limits in a daring race.,6.500,7.11,4682,$39.99,1–6–,45–60–,14+,2.20 / 5,Jean-Christophe Bouvier,Loïc Muzy,Holy Grail Games / Synapses Games / ADC Blackfire Entertainment / BoardM Factory / Czacha Games / Delta Vision Publishing / Elznir Games / Galápagos Jogos / Raven Distribution,N/A,Racing / Sports,Dice Rolling / Different Dice Movement / Grid Movement / Hexagon Grid / Modular Board / Push Your Luck / Race / Roll / Spin and Move / Simulation / Solo / Solitaire Game,Reimplements: Rallyman
1332,Genotype: A Mendelian Genetics Game,2021,Grab a trowel and breed pea plants on your way to become a master geneticist.,6.499,7.41,2722,$59.99,1–5–,45–90–,14+,2.78 / 5,John Coveyou / Paul Salomon / Ian Zang,Tomasz Bogusz / Amelia Sales,Genius Games / CrowD Games / Ediciones MasQueOca / Happy Meeple Games / One Moment Games / Schwerkraft-Verlag,John Coveyou / Paul Salomon / Steve Schlepphorst,Dice / Educational,Contracts / Dice Rolling / Market / Open Drafting / Set Collection / Simulation / Solo / Solitaire Game / Tech Trees / Tech Tracks / Worker Placement,
1333,Tales & Games: The Hare & the Tortoise,2011,"Every animal moves at its own pace, so you never know if your bets will pay off.",6.499,7.07,4376,,2–5–,15–20–,7+,1.37 / 5,Gary Kim,Gary Kim / Mathieu Leyssenne,Piece Craft / Purple Brain Creations / 2 Pionki / Albi / asmodee / Asterion Press / Funbox Editora / GoKids 玩樂小子 / HomoLudicus / IELLO / Kaissa Chess & Games / Korea Boardgames / Lex Games / Portal Games,N/A,Animals / Card Game / Children's Game / Novel-based / Racing,Betting and Bluffing / Hand Management,
1334,Unmatched: Jurassic Park – Dr. Sattler vs. T. Rex,2022,Scientific vacation turned deadly hunt. Surely Dr. Sattler is no match for a T. Rex?,6.499,8.02,1728,,2,20–40–,14+,2.00 / 5,Rob Daviau / Justin D. Jacobson,Florian Bertmer / Simon Prades,Mondo Games / Restoration Games / GaGa Games,N/A,Animals / Card Game / Fantasy / Fighting / Movies / TV / Radio theme,Action Points / Card Play Conflict Resolution / Hand Management / Line of Sight / Point to Point Movement / Take That / Variable Player Powers,Reimplements: Star Wars: Epic Duels
1335,Encyclopedia,2022,Aspiring naturalists set out to study the world's most fascinating creatures!,6.499,7.30,3196,$33.56,1–4–,60–120–,14+,3.05 / 5,Eric Dubus / Olivier Melison,Joëlle Drans / Jérémie Prugneaux / Ronan Toulhoat,Holy Grail Games / ADC Blackfire Entertainment / Gémklub / Hobby Japan / Hobby World / Lucky Duck Games / Maldito Games / Synapses Games,N/A,Animals / Exploration,Set Collection / Solo / Solitaire Game / Worker Placement with Dice Workers,
1336,Fallout,2017,"Gather allies, equipment and influence in the aftermath of the apocalypse.",6.498,6.92,8829,,1–4–,120–180–,14+,3.01 / 5,Andrew Fischer / Nathan I. Hajek,Andrew Fischer / Nathan I. Hajek / Brian Schomburg / Evan Simonet / Ben Zweifel,Fantasy Flight Games / ADC Blackfire Entertainment / Delta Vision Publishing / Galakta / Galápagos Jogos / Hobby Japan / Hobby World,N/A,Adventure / Exploration / Science Fiction / Video Game Theme,Action Points / Area Movement / Dice Rolling / Hand Management / Modular Board / Narrative Choice / Paragraph / Role Playing / Solo / Solitaire Game / Storytelling / Variable Player Powers,
1337,Coconuts,2013,"Launch soft, rubber coconuts into cups and use them to build your tower first!",6.498,7.02,4810,,2–4–,20,6+,1.04 / 5,Walter Schneider,Charlie Bink / Robert Islas / Vincent Kim,Korea Boardgames / Brain Games / Broadway Toys LTD / Choo Choo Games / Competo / Marektoy / CSE Games / Gigamic / Granna / Jumping Turtle Games / Maldito Games / Mayday Games / Pegasus Spiele / Reflexshop / Siam Board Games / Underdog Games (I) / uplay.it edizioni / Zhiyanjia,N/A,Action / Dexterity / Animals / Children's Game,Push Your Luck / Take That,
1338,Parks (Second Edition),2025,Explore the wonders of all 63 U.S. National Parks in this all-new updated edition.,6.498,7.94,1810,$89.99,1–5–,30–60–,10+,2.30 / 5,Henry Audubon,Josh Emrich / Lisk Feng,Keymaster Games / Arclight Games / Feuerland Spiele / Games7Days / Lavka Games / MTS Games / Surfin' Meeple China / Tranjis Games,Cameron Art / Jennifer Graham-Macht / Darren Reckner / Mattox Shuler,Animals / Environmental / Exploration / Travel,Contracts / End Game Bonuses / Events / Solo / Solitaire Game / Turn Order: Claim Action / Worker Placement,Reimplements: PARKS / PARKS: Nightfall / PARKS: Wildlife
1339,Deep Regrets,2025,A game about fishing progressively more horrifying things out of the ocean.,6.498,7.32,3719,$59.95,1–5–,30–150–,14+,2.33 / 5,Judson Cowan,Judson Cowan,Tettix Games / 2Tomatoes Games / Alis Games / asmodee / Board Bound / Board Game Circus / MS Edizioni / TLAMA games / White Goblin Games / Ігромаг,N/A,Dice / Horror / Nautical,Cooperative Game / Dice Rolling / Market / Push Your Luck / Re-rolling and Locking / Set Collection / Solo / Solitaire Game,Reimplemented by: + 0more
1340,Loony Quest,2015,"Draw a line from fire to dynamite and defeat a boss. Look at him, but draw elsewhere.",6.497,6.86,6820,,2–5–,20–30–,8+,1.19 / 5,Laurent Escoffier / David Franck,Mathieu Leyssenne / Paul Mafayon,Libellud / Broadway Toys LTD / Galápagos Jogos / Gémklub / Lautapelit.fi / Rebel Sp. z o.o. / Ігромаг,N/A,Action / Dexterity / Children's Game / Fantasy / Real-time,Layering / Line Drawing,Reimplements: Doodle Quest
1341,Arborea,2023,Play as woodland spirits in this shared resource and worker placement euro game.,6.497,7.53,2351,,1–5–,90–120–,14+,3.70 / 5,Dani Garcia,Javier González Cava / Nicolas Gendron,Alley Cat Games / Giochi Uniti / Lifestyle Boardgames Ltd / Maldito Games / Pixie Games / Skellig Games,David Digby / Jonny Pac,Animals / Fantasy,Bias / End Game Bonuses / Slide / Push / Solo / Solitaire Game / Tile Placement / Track Movement / Variable Set-up / Worker Placement,
1342,Star Wars: The Deckbuilding Game – Clone Wars Edition,2024,The Republic and Separatists go head-to-head to eliminate one another's bases.,6.497,8.05,1658,$30.39,2,30–90–,12+,2.31 / 5,Caleb Grace / Frank Brooks,N/A,Fantasy Flight Games / MTS Games / Rebel Sp. z o.o.,N/A,Card Game / Fighting / Movies / TV / Radio theme / Science Fiction,"Deck, Bag, and Pool Building / Open Drafting / Tug of War",
1343,Axis & Allies Anniversary Edition,2008,"Will history repeat itself, or will you change the outcome?",6.497,7.45,3266,,2–6–,360,12+,3.10 / 5,"Larry Harris, Jr.",Blake Beasley / Jim Butcher (II) / Leon Cortez / Todd Gamble / Allison Shinkle / Katie Wright,Avalon Hill / Renegade Game Studios,Nate Heiss,Nautical / Wargame / World War II,Area Majority / Influence / Area Movement / Delayed Purchase / Dice Rolling / Team-Based Game,Reimplements: Axis & Allies
1344,20 Strong,2023,A modular solo adventure system featuring 20 dice integrated in unique ways.,6.497,7.35,3074,$27.99,1,30–40–,14+,2.36 / 5,Josh J. Carlson,Chris Beck,Chip Theory Games / Frosted Games / HIT Games / Lavka Games / Lucky Duck Games,Salem Scott / Shannon Wedge,Card Game / Dice,Dice Rolling / Move Through Deck / Solo / Solitaire Game,
1345,When I Dream,2016,Help the Dreamer refine their visions or bring them to a nightmare.,6.496,6.92,6217,,4–10–,20–40–,8+,1.18 / 5,Chris Darsaklis,Jonathan Aucomte / Éric Azagury / Cyrille Bertin / Loïc Billiau / Sébastien Caiveau / Miguel Coimbra / Maëva da Silva / Julien Delval / Christine Deschamps / Vincent Dutrait / Nicolas Fructus / Anne Heidsieck / Gaël Lannurien / Fred Navez / Cyril Nouvel / Ismaël Pommaz / Christophe Swal / Régis Torres,Drawlab Entertainment / Repos Production / ADC Blackfire Entertainment / asmodee / Asterion Press / Galápagos Jogos / Gémklub / GoKids 玩樂小子 / Hobby Japan / Korea Boardgames / Lifestyle Boardgames Ltd / Playhouse / Rebel Sp. z o.o. / Siam Board Games / Sombreros Production / Ігромаг / פרש משחקים: Game Knight,Evangelos Foskolos / JamesH / Stelios Kourtis,Deduction / Party Game / Real-time / Word Game,Communication Limits / Hidden Roles / Memory / Role Playing / Storytelling / Team-Based Game,
1346,Encore!,2016,Roll the dice and cross off rows and columns in this roll-and-write game.,6.496,6.93,6036,,1–6–,20,8+,1.16 / 5,Inka Brand / Markus Brand,Leon Schiffer,Schmidt Spiele / 999 Games / Devir / Lautapelit.fi / Stronghold Games,N/A,Dice,Dice Rolling / Grid Coverage / Paper-and-Pencil / Solo / Solitaire Game,Reimplemented by: + 2more
1347,Merchant of Venus (Second Edition),2012,"Explore the galaxy, discover new alien civilizations, and deliver needed goods.",6.496,7.12,3975,,1–4–,120–240–,14+,3.01 / 5,Richard Hamblen / Robert A. Kouba,Alex Aparin / David Griffith / Johannes Holm / Henning Ludvigsen,Fantasy Flight Games / Arclight Games / Asterion Press / Heidelberger Spieleverlag,N/A,Economic / Exploration / Science Fiction / Space Exploration / Transportation,Commodity Speculation / Dice Rolling / Pick-up and Deliver / Point to Point Movement / Roll / Spin and Move / Variable Set-up,Reimplements: Merchant of Venus
1348,The Isofarian Guard,2023,Explore Isofar as you strive to cleanse the land of an ancient corruption.,6.496,8.53,1451,,1–2–,45–90–,14+,3.16 / 5,Eric Bittermann / Sean Craten / David Yanchick,Muhamad Faizal Fikri / Tibor Özvegy,Sky Kingdom Games,Sen-Foong Lim / Matt Paquette & Co.,Adventure / Card Game / Exploration / Fantasy / Fighting,"Action Points / Campaign / Battle Card Driven / Cooperative Game / Deck, Bag, and Pool Building / Hand Management / Scenario / Mission / Campaign Game / Storytelling / Variable Player Powers",
1349,Zendo,2001,Players build structures to try to figure out the moderator's secret rule!,6.494,7.20,3438,,2–6–,15–60–,12+,2.52 / 5,Kory Heath / Andrew Looney,Alexander Bradley / Eileen Tjan,Looney Labs,N/A,Abstract Strategy / Deduction / Puzzle,Induction / Pattern Recognition / Simultaneous Action Selection,
1350,Shadow Hunters,2005,"Shadows, Hunters, and Civilians deduce who's who while obtaining items and goals.",6.494,6.82,9277,,4–8–,60,13+,1.82 / 5,Yasutaka Ikeda,Naoki Fukuda / Gunter Grossholz / Gou Ikeda / Hiroyuki Imahori / Michaela Kienle / Kei Kurosaki / Hitoshi Nishio / Hisashi Sawada / Yuxi Wan / Yosuke Yamaguchi,"Game Republic, Inc. / cosaic / Giochi Uniti / Kaissa Chess & Games / KOSMOS / Matagot / MINDOK / Z-Man Games",N/A,Adventure / Bluffing / Card Game / Deduction / Horror / Party Game,Dice Rolling / Hidden Roles / Player Elimination / Team-Based Game / Variable Player Powers,Reimplemented by: + 0more
1351,Terror in Meeple City,2013,Smash! Stomp! Chomp! Your monster can destroy it all with the flick of a finger.,6.492,6.82,7702,,2–4–,30,8+,1.48 / 5,Antoine Bauza / Ludovic Maublanc,Pierô,Repos Production,N/A,Action / Dexterity / Horror,Area Movement / Flicking / Set Collection / Stacking and Balancing / Variable Player Powers,
1352,Railroad Revolution,2016,Grow your railroad company to become the greatest tycoon of 19th century America.,6.492,7.30,2914,$58.99,2–4–,45–90–,12+,3.24 / 5,Marco Canetta / Stefania Niccolini,Mariano Iannelli,What's Your Game? / hobbity.eu / Pegasus Spiele / Red Glove,N/A,Trains,"Network and Route Building / Worker Placement / Worker Placement, Different Worker Types",
1353,Smash Up: Pretty Pretty Smash Up,2015,"Battling just got cuter with Princesses, Kitty Cats, Fairies, and Mythical Horses!",6.492,7.22,3722,,2,45,14+,2.12 / 5,Paul Peterson,N/A,Alderac Entertainment Group / Edge Entertainment / Hobby World / IELLO / Pegasus Spiele / uplay.it edizioni,Todd Rowland / Mark Wootton,Animals / Card Game / Fantasy / Humor,Area Majority / Influence / Hand Management / Variable Player Powers,
1354,The Big Book of Madness,2015,Work together with your classmates to magically dispel demons and save your school!,6.492,6.86,7244,,2–5–,60–90–,12+,2.69 / 5,Maxime Rambourg,Xavier Gueniffey Durin,IELLO / 2 Pionki / Broadway Toys LTD / Bureau de Juegos / Devir / Heidelberger Spieleverlag / Hobby Japan / Origames / Portal Games / Redbox Editora (Redbox) / Reflexshop / Rexhry / uplay.it edizioni,N/A,Card Game / Fantasy,"Cooperative Game / Deck, Bag, and Pool Building / Hand Management / Player Elimination / Variable Player Powers",
1355,Botswana,1994,This card game pits you against your opponents to collect the most valuable animals!,6.492,6.98,4877,$24.99,2–5–,20–30–,7+,1.28 / 5,Reiner Knizia,Charlie Bink / goo / Weberson Santiago / Piotr Sokołowski,"AMIGO / 25th Century Games / AURUM, Inc. / Eagle-Gryphon Games / Esdevium / Fantasy Flight Games / Mandoo Games / Midgaard Games / Milton Bradley / Muduko / New Games Order, LLC / Nexus Editrice / PS-Games / Swan Panasia Co., Ltd.",N/A,Animals / Card Game,Commodity Speculation / Hand Management / Open Drafting / Stock Holding,Reimplements: Irish Wolf | Reimplemented by: + 0more
1356,Space Hulk (Fourth Edition),2014,Elite space marines face an onslaught of alien horror aboard an abandoned spaceship.,6.492,7.94,1919,,2,60,12+,2.71 / 5,N/A,N/A,Games Workshop Ltd.,N/A,Fighting / Miniatures / Science Fiction,Action Points / Dice Rolling / Grid Movement / Modular Board / Scenario / Mission / Campaign Game / Stat Check Resolution,Reimplements: Space Hulk (Third Edition)
1357,ROVE: Results-Oriented Versatile Explorer,2021,"In the far reaches of space where humankind still dares not go, a ROVE is deployed.",6.491,7.49,2464,,1,15,8+,1.96 / 5,Dustin Dobson / Milan Zivkovic,Dustin Dobson / Milan Zivkovic,Button Shy / Banana Games / Even Toys and Games / Frosted Games / Matagot / MeepleMood / Salt & Pepper Games,N/A,Card Game / Print & Play / Science Fiction / Space Exploration,Hand Management / Pattern Movement / Pattern Recognition / Solo / Solitaire Game / Square Grid,Reimplemented by: + 0more
1358,Unlock!: Mythic Adventures,2020,"Solve puzzle adventures as an ancient slave, mad scientist, or 1800s traveler.",6.491,7.65,2020,$35.98,1–6–,60,10+,2.17 / 5,Cyril Demaegd / Jérémy Fraile / Vincent Goyat / Jeremy Koch / Périnne Kurtz / Arnaud Pincemaille / Yohan Servais,Cyrille Bertin / Mahulda Jelly / Legruth,Space Cowboys / Hobby Japan / JD Éditions / Korea Boardgames,N/A,Card Game / Exploration / Mythology / Puzzle / Real-time,Cooperative Game / Pieces as Map / Real-Time / Storytelling,
1359,Dice Miner,2021,Dwarf heroes take turns drafting custom dice from a unique mountain component.,6.490,7.28,3178,$34.64,1–4–,20–30–,10+,1.63 / 5,Joshua DeBonis / Nikola Risteski,Lil Chan / Grzegorz Pedrycz,Atlas Games,Jeff Tidball,Dice / Fantasy,Dice Rolling / Open Drafting / Variable Player Powers,
1360,Ikusa,1986,Expand your influence and lead your armies to victory in feudal Japan!,6.490,7.04,5399,$574.75,2–5–,240–360–,12+,2.95 / 5,Michael Gray,Steve Argyle / Takeshi Oga,Milton Bradley / Renegade Game Studios / Avalon Hill / Wizards of the Coast,N/A,Civil War / Medieval / Territory Building / Wargame,Area Majority / Influence / Area Movement / Auction / Bidding / Auction: Multiple Lot / Dice Rolling / Simultaneous Action Selection,
1361,Dead Men Tell No Tales,2015,Work together as pirates to defeat enemies and loot the burning ship.,6.490,7.09,4356,$45.04,2–5–,60–75–,13+,2.56 / 5,Kane Klenko,Jason D. Kingsley / Chris Ostrowski,Minion Games / All In Games / Delight / Ghenos Games / MeepleBR / Origames / Renegade Game Studios,N/A,Exploration / Fantasy / Fighting / Nautical / Pirates,Action Points / Cooperative Game / Dice Rolling / Grid Movement / Modular Board / Pick-up and Deliver / Variable Player Powers,
1362,Mr. Jack in New York,2009,Jack has fled to NYC and changed identity. Can you catch him on a new ground?,6.489,7.17,3722,,2,30,14+,2.52 / 5,Bruno Cathala / Ludovic Maublanc,Pierô,Hurrican / Lifestyle Boardgames Ltd / Rebel Sp. z o.o.,N/A,Deduction / Murder / Mystery,Deduction / Grid Movement / Hexagon Grid / Variable Player Powers,Reimplements: Mr. Jack
1363,Ironwood,2024,Side with the Woodwalkers or the Ironclad in an asymmetric card-driven tactical duel.,6.487,7.81,1972,,1–2–,30–60–,12+,2.83 / 5,Maël Brunet / Julien Chaput,Villő Farkas / Qistina Khalidah,Mindclash Games / GaGa Games / Maldito Games / Old Dawg / Portal Games / Reflexshop / Super Meeple / TTGames CZ / Wonderbow Games / YOKA Games,Marcel Dragomir / Robin Hegedűs / Frigyes Schőberl,Fantasy / Wargame,Area Movement / Card Play Conflict Resolution / Command Cards / Hand Management / Multi-Use Cards / Pick-up and Deliver / Solo / Solitaire Game,
1364,Mini Rogue,2020,Delve into a deep dungeon in order to get a mysterious ruby called the Og's Blood,6.486,7.28,3530,$26.30,1–2–,30–45–,12+,2.02 / 5,Paolo Di Stefano / Gabriel Gendron,Gabriel Gendron,Nuts! Publishing / Albi / Corax Games / Geronimo Games / Giochix.it / Tranjis Games,Florent Coupeau / Paolo Di Stefano / Gabriel Gendron / Yohann Hériot / Guillaume Sandance,Adventure / Fantasy,Cooperative Game / Dice Rolling / Push Your Luck / Solo / Solitaire Game,Reimplements: Mini Rogue: A Roguelike Microgame
1365,6 nimmt! 25 Jahre,2019,"Choose sequential cards for rows simultaneously, but avoid adding the 6th card!",6.485,7.25,3363,,2–10–,45,8+,1.22 / 5,Wolfgang Kramer,Wolfgang Kramer / Franz Vohwinkel,"AMIGO / Albi / Boardgame Space / G3 / Gigamic / Hachette Boardgames Benelux / Kikigagne? / Korea Boardgames / Lifestyle Boardgames Ltd / Mercurio / PaperGames (III) / Piatnik Distribution / Swan Panasia Co., Ltd.",N/A,Card Game / Number,Hand Management / Score-and-Reset Game / Simultaneous Action Selection,Reimplements: Take 5
1366,Vagrantsong,2022,Six trainhoppers hop aboard a ghost train and must work together to escape.,6.485,7.42,2741,$63.97,2–4–,45–120–,14+,3.19 / 5,Matt Carter / Justin Gibbs / Kyle Rowan,Nguyen Mai Diem,Wyrd Games / Gameland 游戏大陆 / Gémklub / Grimspire / Hobby World / Lucky Duck Games / MTS Games / Yaofish Games,N/A,Adventure / Dice / Horror / Trains,Action Points / Cooperative Game / Dice Rolling / Events / Grid Movement / Narrative Choice / Paragraph / Role Playing / Scenario / Mission / Campaign Game / Storytelling / Variable Player Powers / Variable Set-up,
1367,Battle Line: Medieval,2017,Marshal your forces across nine battlefields in a subtle and engaging card duel.,6.484,7.61,2144,$85.95,2,30,12+,1.84 / 5,Reiner Knizia,Roland MacDonald,GMT Games / Lavka Games / Pixie Games / Roland's Revenge Games / Shakos,N/A,Card Game / Medieval,Card Play Conflict Resolution / Hand Management / Melding and Splaying,Reimplements: Battle Line / Schotten Totten
1368,A Distant Plain,2013,"Counter-insurgency Afghanistan: Government, Coalition, Taliban and Warlords compete.",6.483,7.79,1871,$81.23,1–4–,180–300–,12+,3.88 / 5,Volko Ruhnke / Brian Train,Xavier Carrascosa / Rodger B. MacGowan / Chechu Nieto,GMT Games,N/A,Modern Warfare / Wargame,Area Majority / Influence / Area Movement / Dice Rolling / Solo / Solitaire Game / Variable Phase Order / Variable Player Powers,
1369,Catan Card Game,1996,"Build buildings with special abilities, hire helpers, and more in this 2-player game.",6.482,6.70,14578,,2,60–120–,10+,2.44 / 5,Klaus Teuber,Tanja Donner / Pete Fenlon / Jason Hawkins / Michaela Kienle / Matt Schwabel / Klaus Teuber / Franz Vohwinkel / Stephen Graham Walsh,KOSMOS / 999 Games / Albi / Competo / Marektoy / Devir / Filosofia Éditions / Galakta / Giochi Uniti / Kaissa Chess & Games / Laser plus / Mayfair Games / Piatnik Distribution / Smart Ltd / Tilsit,N/A,Card Game / City Building / Territory Building,Dice Rolling / Hand Management / Map Addition / Open Drafting / Race / Random Production / Trading,Reimplemented by: + 0more
1370,Animal Upon Animal,2005,Try not to topple the animals as they climb on top of each other!,6.482,6.76,9198,,2–4–,15,4+,1.04 / 5,Klaus Miltenberger,Michael Bayer / Daniel Döbner / Klaus Miltenberger,"HABA / Conclave Editora / Hobby World / Swan Panasia Co., Ltd.",N/A,Action / Dexterity / Animals / Children's Game,Dice Rolling / Stacking and Balancing / Take That,Reimplemented by: + 4more
1371,The Lord of the Rings: The Two Towers – Trick-Taking Game,2026,Continue the ring's journey to Mordor.,6.482,8.39,1278,$27.99,1–4–,20,10+,2.17 / 5,Bryan Bornmueller,Elaine Ryan / Samuel R. Shimota,Office Dog / ADC Blackfire Entertainment / asmodee / Gameology (Gameology Romania) / Geekach LLC / Gémklub / Rebel Sp. z o.o.,Taylor Reiner,Adventure / Card Game / Fantasy / Novel-based,Communication Limits / Cooperative Game / Scenario / Mission / Campaign Game / Trick-taking,
1372,Falling Sky: The Gallic Revolt Against Caesar,2016,"Romans, Germans, Celts & Belgic tribes vie for Gaul, driven by historic events.",6.480,7.76,1926,$94.95,1–4–,180–360–,14+,3.99 / 5,Volko Ruhnke / Andrew Ruhnke,Rodger B. MacGowan / Chechu Nieto / Mark Simonitch,GMT Games / ASYNCRON games / Fox in the Box / Pixie Games,N/A,Ancient / Wargame,Area Majority / Influence / Area Movement / Campaign / Battle Card Driven / Dice Rolling / Events / Movement Points / Simulation / Solo / Solitaire Game / Variable Phase Order / Variable Player Powers,
1373,Rex: Final Days of an Empire,2012,"In the final days of the Empire, players struggle for control of Mecatol City.",6.480,7.03,4592,$274.81,3–6–,120–180–,14+,3.30 / 5,Bill Eberle / John Goodenough / Jack Kittredge / Corey Konieczka / Peter Olotka / Christian T. Petersen,Dallas Mehlhoff,Fantasy Flight Games / Edge Entertainment / Heidelberger Spieleverlag / Wargames Club Publishing,N/A,Civil War / Fighting / Negotiation / Political / Science Fiction,Alliances / Area Majority / Influence / Auction / Bidding / Force Commitment / Hand Management / Point to Point Movement / Team-Based Game / Variable Player Powers,Reimplements: Dune
1374,Unmatched: Redemption Row,2022,These Marvel superheroes seek redemption on the battlefield!,6.479,8.18,1524,,2–3–,20–40–,14+,2.11 / 5,Brad Andres / Noah Cohen / Rob Daviau / Justin D. Jacobson / Brian Neff / Tim Wiesch,Ian O'Toole / Matt Taylor (II),Mondo Games / Restoration Games,N/A,Card Game / Comic Book / Strip / Fantasy / Fighting / Movies / TV / Radio theme,Action Points / Card Play Conflict Resolution / Hand Management / Line of Sight / Point to Point Movement / Take That / Team-Based Game / Variable Player Powers,Reimplements: Star Wars: Epic Duels
1375,Décorum,2022,A game of passive aggressive cohabitation.,6.479,7.36,2768,$54.95,2–4–,30–45–,13+,2.00 / 5,Charlie Mackin / Harry Mackin / Drew Tenenbaum,Michael Mateyko,Floodgate Games / Board Game Rookie / Broadway Toys LTD / Skellig Games / 盒拍工作室 Hepa Studio,Ben Harkins,Puzzle,Communication Limits / Cooperative Game / Deduction / Negotiation / Roles with Asymmetric Information / Scenario / Mission / Campaign Game,
1376,Marvel Dice Masters: Uncanny X-Men,2014,"Wolverine, Magneto, Cyclops, Iceman, & more face off in dice battles.",6.479,7.14,3833,$19.99,2,60,14+,2.37 / 5,Mike Elliott / Eric M. Lang,N/A,WizKids (I) / Devir,N/A,Collectible Components / Comic Book / Strip / Dice / Fighting,"Deck, Bag, and Pool Building / Dice Rolling",Reimplements: Quarriors!
1377,Zombicide Season 3: Rue Morgue,2015,Form teams of survivors to scavenge for weapons to kill a variety of zombies.,6.479,7.48,2869,,1–12–,60,14+,2.48 / 5,Raphaël Guiton / Jean-Baptiste Lullien / Nicolas Raoult,Nicolas Fructus / Édouard Guiton / Mathieu Harlaut / Eric Nouhaut,Cool Mini Or Not / Guillotine Games / asmodee / Asterion Press / CMON Global Limited / Edge Entertainment / Galápagos Jogos / Hobby World,N/A,Horror / Miniatures / Zombies,Action Points / Cooperative Game / Dice Rolling / Hand Management / Modular Board / Team-Based Game / Variable Player Powers,
1378,Food Chain Island,2020,"Influence the wildlife and arrange their meals, so there is only one animal left.",6.479,7.19,3453,,1,15,8+,1.28 / 5,Scott Almes,Annie Wilkinson,Button Shy / Across the Board / Banana Games / Even Toys and Games / Frosted Games / Matagot / Pendragon Game Studio / Salt & Pepper Games,N/A,Animals / Card Game / Print & Play,Grid Movement / Network and Route Building / Solo / Solitaire Game / Square Grid / Variable Set-up,
1379,Polis: Fight for the Hegemony,2012,Sparta and Athens fight to build rival civilizations among ancient Greek city-states.,6.478,7.48,2454,$129.99,2,90–120–,12+,3.69 / 5,Fran Diaz,Fran Diaz / Ivan Escuder / Marek Rutkowski / Hans-Georg Schneider / Walter Velez,(Web published) / Asylum Games (Board Games) / Mercury Games / Pegasus Spiele,N/A,Ancient / Civilization / Economic / Territory Building / Wargame,Area Majority / Influence / Area Movement / Dice Rolling / Simulation / Variable Phase Order / Variable Set-up / Victory Points as a Resource,Reimplemented by: + 0more
1380,1862: Railway Mania in the Eastern Counties,2013,Takes most of the common 18xx elements and turns them upside down.,6.477,8.15,1397,$71.77,1–8–,120–300–,14+,4.59 / 5,Mike Hutton,Mike Hutton / Rodger B. MacGowan / Mark Simonitch,"GMT Games / Korea Boardgames / LMN+B, Ltd",N/A,Economic / Trains,Auction / Bidding / Market / Network and Route Building / Ownership / Solo / Solitaire Game / Stock Holding / Tile Placement / Victory Points as a Resource,
1381,Ambush!,1983,Lead a squad through a series of WWII tactical engagements straight outta Hollywood!,6.476,7.53,2450,,1,180–240–,12+,3.25 / 5,John H. Butterfield / Eric Lee Smith,John H. Butterfield / Ted Koller / James Talbot,Victory Games (I) / Hobby Japan,N/A,Wargame / World War II,Action Points / Dice Rolling / Events / Grid Movement / Hexagon Grid / Line of Sight / Movement Points / Paper-and-Pencil / Ratio / Combat Results Table / Scenario / Mission / Campaign Game / Secret Unit Deployment / Simulation / Solo / Solitaire Game / Variable Set-up,Reimplemented by: + 0more
1382,Super Mega Lucky Box,2021,Fill the grids on your cards to receive bonuses and points.,6.476,6.97,4865,,1–6–,20,8+,1.26 / 5,Phil Walker-Harding,Serge Seidlitz,"Gamewright / AURUM, Inc. / Cocktail Games / Feelindigo / JELLY JELLY GAMES / Lúdilo / Magellan / Ravensburger AG / Rebel Sp. z o.o. / Reflexshop",N/A,Number,Bingo / Paper-and-Pencil / Pattern Building,
1383,Tide of Iron,2007,Simulate tactical combat between America and Germany on the Western front (‘44 – ‘45),6.476,7.21,3903,,2–4–,120,12+,3.45 / 5,John Goodenough / Corey Konieczka / Christian T. Petersen,Michael Komarck / Kurt Miller / Scott Nicely / Brian Schomburg,Fantasy Flight Games / Edge Entertainment / Ubik,N/A,Miniatures / Wargame / World War II,Action Points / Dice Rolling / Hand Management / Hexagon Grid / Modular Board / Team-Based Game,Reimplemented by: + 0more
1384,CO₂,2012,Travel back to the 70s to invest in green power plants and stop global warming!,6.475,7.08,4002,,1–5–,120,12+,3.87 / 5,Vital Lacerda,Paula Simonetti / Giacomo Tappainer,"Giochix.it / Lacerta / MYBG Co., Ltd. / Stronghold Games",N/A,Economic / Environmental / Industry / Manufacturing,Area Majority / Influence / Open Drafting / Semi-Cooperative Game / Solo / Solitaire Game / Worker Placement,Reimplemented by: + 0more
1385,Santorini: Pantheon Edition,2025,Use different divine powers to build and climb the towers!,6.475,8.53,1193,$49.99,2–4–,20,8+,1.66 / 5,Gord!,Lina Cossette / David Forest,Roxley,Adam Wyse,Abstract Strategy / Ancient / Mythology,Grid Movement / Map Reduction / Race / Square Grid / Team-Based Game / Three Dimensional Movement / Variable Player Powers,Reimplements: Santorini: Golden Fleece / Santorini / Santorini: Asteria Promo Card / Santorini: Castor & Pollux Promo Card / Santorini: Eris Promo Card / Santorini: Hippolyta Promo Card
1386,Loopin' Louie,1992,Protect your poultry from Louie's aeronautic acrobatics!,6.475,6.73,9978,,2–4–,10,4+,1.05 / 5,Masaru Aoki / Carol Wiseley,N/A,"Milton Bradley / Arclight Games / Bandai Co., Ltd. / Broadway Toys LTD / The Canadian Group / Cranio Creations / Crown Products / Editrice Giochi / Goliath Games / Hanayama / Hasbro / Ideal / Ideal Games (I) / K.E. Mathiasen A/S / Kod Kod / Korea Boardgames / Lanlalen / Lifestyle Boardgames Ltd / Longshore Limited / MB Giochi / MB Jeux / MB Juegos / MB spel / MB Spellen / MB Spiele / Piatnik Distribution / Reflexshop / Spin Master Ltd. / Tactic / Zito! Ώρα για παιχνίδι",N/A,Action / Dexterity / Animals / Aviation / Flight / Children's Game / Electronic / Movies / TV / Radio theme / Real-time,Player Elimination / Real-Time,Reimplemented by: + 3more
1387,Smash Up: Monster Smash,2014,"Classic monsters invade Smash Up.  Vampires, Mad Scientists, Werewolves, & Giant Ants",6.474,7.25,3358,,2,30–45–,12+,2.19 / 5,Paul Peterson,Harald Lieske,Alderac Entertainment Group / Edge Entertainment / Hobby World / IELLO / Pegasus Spiele / uplay.it edizioni,Todd Rowland / Mark Wootton,Card Game / Fantasy / Humor / Mythology / Science Fiction / Zombies,Area Majority / Influence / Hand Management / Take That / Variable Player Powers,
1388,Machi Koro,2012,"As a newly elected mayor, develop a city and populate it with impressive landmarks.",6.474,6.59,35967,$29.95,2–4–,30,10+,1.52 / 5,Masao Suganuma,Taro Hino / Noboru Hotta / Ian Parovel / Mirko Suzuki,Grounding / Devir / Dragonfly Publishing / Gameland 游戏大陆 / GoKids 玩樂小子 / HaKubia / Happy Baobab / Hobby World / HomoLudicus / IDW Games / Japon Brand / KOSMOS / MINDOK / Moonster Games / NeoTroy Games / Pandasaurus Games / uplay.it edizioni / White Goblin Games,Nathan McNair / Molly Wardlaw,City Building / Dice,Dice Rolling / Ownership / Race / Random Production,Reimplemented by: + 7more
1389,China,2005,Use houses and emissaries to gain dominance over the different regions of China!,6.473,6.98,4579,,3–5–,45,12+,2.28 / 5,Michael Schacht,Michael Schacht,ABACUSSPIELE / Überplay,N/A,Ancient / Territory Building,Area Majority / Influence / End Game Bonuses / Hand Management / Network and Route Building / Open Drafting,Reimplements: Web of Power | Reimplemented by: + 0more
1390,System Gateway (fan expansion for Android: Netrunner),2021,"Set in a dystopian future, the race between Megacorporation and Netrunner continues.",6.472,9.08,995,,2,45,,3.54 / 5,Zoe Cohen / McGregor Crowley / June Valencia Cuervo / Max Chippington Derrick / Gregory Tongue / Jade Wesley,BalanceSheet / Bruno Balixa / Zoe Cohen / Martin de Diego Sádaba / Benjamin Giletti / Kira Nguyen / Emilio Rodriguez / Liiga Smilshkalne,Null Signal Games (NISEI),Zoe Cohen / Kevin Ellenburg / Morgan White / David Withington / Panagiotis Zinoviadis,Bluffing / Card Game / Fan Expansion / Science Fiction / Third-party Expansion,Action Points / Deck Construction / Hand Management / Race / Secret Unit Deployment / Take That / Variable Player Powers,
1391,Vinci,1999,Control one civilization after another to expand quickly throughout the land.,6.472,7.06,4106,,3–6–,120,14+,2.78 / 5,Philippe Keyaerts,Cyril Saint Blancat,Descartes Editeur,N/A,Ancient / Civilization / Territory Building,Area Majority / Influence / Area Movement / Increase Value of Unchosen Resources / Network and Route Building / Race / Static Capture / Take That / Variable Player Powers / Variable Set-up / Victory Points as a Resource,Reimplemented by: + 0more
1392,Roll Camera!: The Filmmaking Board Game,2021,Roll and place dice cooperatively to produce a hit (or so-bad-it’s-good) movie.,6.471,7.39,2677,,1–6–,45–90–,11+,2.21 / 5,Malachi Ray Rempen,Malachi Ray Rempen,Keen Bean Studio / Grand Gamers Guild / Happy Meeple Games / Kobold Spieleverlag / Lord of Boards / Lucky Duck Games / Ludofun / Niza Gams / Popcorn Games / Reflexshop / Salt & Pepper Games / Treetato Studio,N/A,Dice / Humor / Movies / TV / Radio theme / Puzzle,Communication Limits / Cooperative Game / End Game Bonuses / Events / Open Drafting / Pattern Building / Set Collection / Simulation / Solo / Solitaire Game / Square Grid / Variable Player Powers / Variable Set-up / Victory Points as a Resource / Worker Placement with Dice Workers,
1393,Eight-Minute Empire: Legends,2013,Build a legendary empire that eclipses your rivals in just 8 minutes or more!?,6.471,6.90,5432,,2–4–,8–20–,13+,1.96 / 5,Ryan Laukat,Ryan Laukat,Red Raven Games / DV Games / Hobby Japan / Hobby World / IELLO / MINDOK / NeoTroy Games / Schwerkraft-Verlag,N/A,Exploration / Fantasy / Mythology / Territory Building,Area Majority / Influence / Area Movement / Auction: Dutch / Modular Board / Multiple Maps / Open Drafting / Set Collection / Variable Player Powers / Variable Set-up,Reimplements: Eight-Minute Empire
1394,Orloj: The Prague Astronomical Clock,2025,Become part of Prague’s legacy by assembling the majestic and intricate Orloj.,6.471,7.95,1669,$69.99,1–4–,60–120–,14+,3.61 / 5,Abraham Sanchez Hermida / Paloma J. Pascual,Jesús Fuentes / Amelia Sales,Perro Loko Games / Bohemian Games / Devir / DiceTree Games / Engames / Frost Bite Games / Frosted Games / GaGa Games / Galakta / Tesla Games / Vagabund / WindFans Games,Jorge J. Barroso / Jesús Fuentes / Eduardo Pavón,Medieval / Renaissance,Action Retrieval / End Game Bonuses / Rondel / Set Collection / Tech Trees / Tech Tracks / Variable Set-up / Worker Placement,
1395,Three Kingdoms Redux,2014,Overcome your foes and reunite China as a feudal lord during the Three Kingdoms era.,6.471,7.82,1767,,3,135–165–,14+,3.99 / 5,Yeo Keng Leong / Christina Ng Zhen Wei,Ray Toh,Starting Player / Board Game Rookie / Capstone Games / CMON Global Limited / Game Harbor / Summon Games,Yeo Keng Leong / Christina Ng Zhen Wei,Ancient / Civilization / Economic / Novel-based / Territory Building,"Area Majority / Influence / Auction / Bidding / Catch the Leader / Hand Management / Negotiation / Open Drafting / Variable Player Powers / Worker Placement, Different Worker Types",
1396,Stick 'Em,1993,Take all the cards you can - except in your “pain suit” - in this trick-taking game.,6.471,7.04,4022,,3–8–,30–60–,10+,1.90 / 5,Klaus Palesch,Oliver Freudenreich / Sylvain Leroy / Franz Vohwinkel,AMIGO / Nürnberger-Spielkarten-Verlag / Capstone Games / Grail Games / Popcorn Games / 数寄ゲームズ (Suki Games),N/A,Card Game,Hand Management / Take That / Trick-taking,
1397,Similo,2019,The pressure rises as you find similarities and eliminate characters!,6.470,6.79,7860,$11.99,2–8–,10–15–,7+,1.05 / 5,Martino Chiacchiera / Hjalmar Hach / Pierluca Zizzi,Xavier Gueniffey Durin,Horrible Guild / 999 Games / Albi / Arclight Games / asmodee / Brain Games / Broadway Toys LTD / Delta Vision Publishing / FoxGames / Gameplay Publishing ApS / Ghenos Games / Gigamic / Grok Games / HANALL M&C / HeidelBÄR Games / Hobby World / Kaissa Chess & Games / Kilogames / Ludicus Games / Luma Imports / Morapiaf / UBO CnC,N/A,Animals / Card Game / Children's Game / Deduction / Fantasy / Mythology,Communication Limits / Cooperative Game / Deduction / Score-and-Reset Game / Voting,Reimplements: Hall of Fame
1398,For the People,1998,Take the role of Abraham Lincoln or Jefferson Davis during the American Civil War.,6.470,7.81,1854,,2,360,12+,3.74 / 5,Mark Herman,Rodger B. MacGowan / Kurt Miller / Mark Simonitch,The Avalon Hill Game Co / GMT Games / Devir,Mark Simonitch,American Civil War / Civil War / Wargame,Campaign / Battle Card Driven / Dice Rolling / Point to Point Movement / Ratio / Combat Results Table / Simulation,
1399,Mycelia,2023,Attract help from forest dwellers to remove dewdrops from your field.,6.469,7.37,2864,$39.99,1–4–,45,9+,1.88 / 5,Daniel Greiner,Justin Chan / Matt Paquette & Co.,Ravensburger AG,N/A,Card Game,"Deck, Bag, and Pool Building / Grid Movement / Race / Solo / Solitaire Game",
1400,Maglev Metro,2021,Efficiency is the key to rebuilding the city transit with maglev tech.,6.469,7.19,3257,$58.46,1–4–,60–90–,14+,2.86 / 5,Ted Alspach,Ted Alspach / Alanna Kelsey / Ollin Timm,Bézier Games / Maldito Games / Rawstone / RollinGames,Dale Yu,Trains / Transportation,End Game Bonuses / Hexagon Grid / Network and Route Building / Pick-up and Deliver / Tile Placement,
1401,Sushi Roll,2019,Draft the most valuable collection of sushi dice as the conveyor belt rolls by.,6.468,6.98,4734,$90.00,2–5–,20,8+,1.28 / 5,Phil Walker-Harding,Nan Rangsima,Gamewright / Cocktail Games / Rebel Sp. z o.o. / Reflexshop / uplay.it edizioni / White Goblin Games,N/A,Dice,Dice Rolling / Open Drafting / Re-rolling and Locking / Set Collection,Reimplements: Sushi Go!
1402,Tiny Epic Zombies,2018,"Take out zombies in your choice of co-op, one vs. many or competitive game.",6.468,6.94,6136,,1–5–,30–45–,14+,2.50 / 5,Scott Almes,Miguel Coimbra / Benjamin Shulman,Gamelyn Games / Devir / Galakta / MeepleBR / Pixie Games / Reflexshop / Rexhry / Schwerkraft-Verlag,Michael Coe,Horror / Zombies,Area Majority / Influence / Cooperative Game / Dice Rolling / Modular Board / Pick-up and Deliver / Push Your Luck / Semi-Cooperative Game / Solo / Solitaire Game / Team-Based Game / Variable Player Powers,
1403,"Julius Caesar: Caesar, Pompey, and the Roman Civil War",2010,Bring the drama of the Roman Civil War to life in this card driven block game.,6.467,7.78,1843,$89.98,2,60–180–,12+,2.45 / 5,Grant Dalgliesh / Justin Thompson,Karim Chakroun / Mark Churms,Columbia Games / Banana Games / Doit Games,N/A,Ancient / Civil War / Wargame,Campaign / Battle Card Driven / Dice Rolling / Hand Management / Point to Point Movement / Secret Unit Deployment / Simulation / Simultaneous Action Selection,
1404,Seas of Strife,2015,"Try to avoid taking tricks, but the suits are tricky in this game.",6.466,7.35,2555,$22.99,3–6–,45,10+,1.30 / 5,Mark Major,Klemens Franz / Beth Sobel,AMIGO / Rio Grande Games / Whirling Derby Games / Grok Games / Hobby Japan / House of Monks / Lautapelit.fi / Strohmann Games,N/A,American West / Card Game / Nautical,Hand Management / Trick-taking,
1405,Andean Abyss,2012,Counter-insurgency in the cities and jungles of drug economy 1990s Colombia.,6.466,7.59,2140,,1–4–,360,12+,3.80 / 5,Volko Ruhnke,Xavier Carrascosa / Charles Kibler / Rodger B. MacGowan / Chechu Nieto / Mark Simonitch,GMT Games,N/A,Modern Warfare / Political / Wargame,Area Majority / Influence / Area Movement / Campaign / Battle Card Driven / Dice Rolling / Solo / Solitaire Game / Variable Phase Order / Variable Player Powers,
1406,Domaine,2003,Good fences make good neighbors. Stealing territory with more knights helps too.,6.465,6.98,4650,,2–4–,60,12+,2.71 / 5,Klaus Teuber,Franz Vohwinkel,KOSMOS / 999 Games / Editrice Giochi / Mayfair Games / Piatnik Distribution / Tilsit / Zvezda,N/A,Medieval / Territory Building,Enclosure / Hand Management / Modular Board,Reimplements: Löwenherz
1407,Horseless Carriage,2023,"Aspiring industrialists build and sell new, expensive, utterly unfamiliar carriages.",6.465,7.71,1869,$29.99,3–5–,180–240–,14+,4.32 / 5,Jeroen Doumen / Joris Wiersinga,Jan Lipiński,Splotter Spellen,N/A,Economic / Industry / Manufacturing,Commodity Speculation / Modular Board / Pattern Building / Tech Trees / Tech Tracks / Tile Placement / Turn Order: Stat-Based,
1408,Middle Ages,2024,Develop your fiefdom tile by tile to become the wealthiest noble of the kingdom!!,6.465,7.19,3263,$39.99,2–5–,30,10+,2.01 / 5,Marc André,Claire Conan,Studio H / Board Game Box / Bohemian Games / Czacha Games / DiceTree Games / Evrikus / GateOnGames / Gémklub / Hobby Japan / Maldito Games / Rawstone / White Goblin Games,N/A,Economic / Medieval,Modular Board / Open Drafting / Set Collection / Take That / Tile Placement / Variable Set-up,Reimplements: Majesty: For the Realm
1409,La Isla,2014,Deploy explorers into a wondrous island where many extinct species survive.,6.465,6.87,5886,,2–4–,30–60–,10+,2.26 / 5,Stefan Feld,Alexander Jung,alea / Ravensburger AG,N/A,Animals,Action Queue / Commodity Speculation / Enclosure / Hand Management / Modular Board / Multi-Use Cards / Set Collection / Simultaneous Action Selection,Reimplemented by: + 0more
1410,Planted: A Game of Nature & Nurture,2022,Care for your very own collection of houseplants.,6.465,7.23,3300,$29.99,2–5–,20–30–,10+,1.68 / 5,Phil Walker-Harding,Hannah Bailey,Buffalo Games,N/A,Environmental,Closed Drafting / End Game Bonuses / Hand Management / Set Collection / Simultaneous Action Selection,
1411,Forum Trajanum,2018,Find out who's hiding in your Roman settlement and put them to work for your neighbor,6.465,7.20,3178,$69.95,2–4–,60–120–,12+,3.45 / 5,Stefan Feld,Michael Menzel,HUCH! / Angry Lion Games / DV Games / Gameland 游戏大陆 / Games Factory / Hobby Japan / Maldito Games / Stronghold Games,Paul Incao,City Building / Puzzle / Territory Building,Square Grid / Tile Placement / Variable Player Powers,
1412,Batman: Gotham City Chronicles,2019,Become the Overlord or play as Batman and his allies in this action-packed game!,6.465,7.60,2774,,2–4–,60–90–,14+,3.76 / 5,Frédéric Henry,Georges Clarenko / David Demaret / David Finch / Jim Lee,Monolith Board Games,Adnane Badi / Grégory Privat,Adventure / Comic Book / Strip / Fighting / Miniatures,Action Points / Action Queue / Area Movement / Dice Rolling / Line of Sight / Scenario / Mission / Campaign Game / Team-Based Game / Variable Phase Order / Variable Player Powers,Reimplements: Conan
1413,Automania,2015,Make cars to suit your customers' needs and pick the right market to sell them to!,6.464,7.31,2656,$157.95,2–4–,60–90–,12+,2.76 / 5,Kenneth Minde / Kristian Amundsen Østby,Gjermund Bohne,Aporta Games,N/A,Economic / Industry / Manufacturing,Open Drafting / Tile Placement / Variable Player Powers / Worker Placement,
1414,Poker,1810,You've got to know when to hold 'em; know when to fold 'em.,6.464,6.72,12178,$34.95,2–10–,60,12+,2.43 / 5,(Uncredited),René Goscinny / Albert Uderzo,"(Public Domain) / (Self-Published) / (Unknown) / AG Müller (AGMüller) / Ambassador Games (Merchant Ambassador) / ASS Altenburger Spielkarten / Basic Fun, Inc. / Berliner Spielkarten / Capitol Carta Roma / Cardinal / Coach House Games, Inc. / Coca-Cola / Editions ATLAS / Endless Games (I) / Excalibur Electronics / F.X. Schmid / Front Porch Classics / Fundex / Helmut Lingen Verlag / Heraclio Fournier / Jax, Ltd. / Marigó / Offason / Piatnik / Prime Promotion / Queensell / Rosiness / Skor-Mor / Spear's Games / Spin Master Ltd. / Starz Entertainment / Tactic / TS Spielkarten / TV Products USA Inc / Uitgeverij van der Meulen / The United States Playing Card Company / University Games / Waddingtons / White Wolf Publishing, Inc.",N/A,Bluffing / Card Game,Betting and Bluffing / Player Elimination / Set Collection,
1415,Ponzi Scheme,2015,"Use funds from your investors to acquire industries, but can you pay them back?",6.464,7.13,3427,,3–5–,60–90–,12+,2.43 / 5,Jesse Li,Chih-Fan Chen / Ossi Hiekkala,Homosapiens Lab / 2Tomatoes Games / Bright Eye Games / Sugorokuya / Tasty Minstrel Games,N/A,Economic,Loans / Set Collection / Trading,
1416,Unmatched: Hell's Kitchen,2022,Two assassins and a crime-fighting lawyer brawling in the streets? Welcome to Hell.,6.463,8.20,1460,,2–3–,20–40–,14+,2.23 / 5,Brad Andres / Noah Cohen / Rob Daviau / Justin D. Jacobson / Brian Neff,Oliver Barrett / Ian O'Toole,Mondo Games / Restoration Games,N/A,Card Game / Comic Book / Strip / Fantasy / Fighting / Movies / TV / Radio theme,Action Points / Card Play Conflict Resolution / Hand Management / Line of Sight / Point to Point Movement / Take That / Team-Based Game / Variable Player Powers,Reimplements: Star Wars: Epic Duels
1417,Netrunner,1996,Corps and Runners race for agendas while building up nodes and rigs.,6.463,7.45,2525,,2,45,10+,2.93 / 5,Richard Garfield,Ash Arnett / Brian Booker / Maria Cabardo / Armand Cabrera / Doug Chaffee / Robert Dixon / Kaja Foglio / Dan Frazier / Larry Friedman / Randy Gallegos / Daniel Gelon / James Higgens / Craig Hooper / Heather Hudson / Doug Keith / Mike Kimble / Tony Luke / Anson Maddocks / Ramon Mascarenas / Matt Milberger / Terese Nielsen / Margaret Organ-Kean / John Park / Zak Plucinski / Mark Poole / Mike Raabe / John Ramirez / Doug Shuler / Larry Snelly / Greg Staples / Kevin Stein / Mark Tedin / Richard Thomas (I) / Chris Vande Voort / Pete Venters / Todd Wade / Brian Wagner / Christina Wald / L. A. Williams / Matt Wilson (I) / Ray Winninger,Wizards of the Coast,N/A,Card Game / Collectible Components / Science Fiction,Action Points,Reimplemented by: + 0more
1418,Lockup: A Roll Player Tale,2019,Nasty bands of inmates attempt to gain the most reputation within Kulbak prison.,6.463,7.33,2756,$59.95,1–5–,45–90–,10+,2.45 / 5,Stan Kordonskiy,JJ Ariosa / Lucas Ribeiro,Thunderworks Games / Gen-X Games (GenX) / Hobby World / Intrafin Games / Ogry Games / Raven Distribution / Schwerkraft-Verlag,John Brieger / Keith Matejka,Fantasy,Area Majority / Influence / Auction Compensation / Auction: Multiple Lot / Secret Unit Deployment / Set Collection / Worker Placement,
1419,Castle Panic,2009,We’re under attack! Protect the castle from the onslaught of fierce monsters.,6.463,6.65,17266,$34.95,1–6–,30–60–,8+,1.66 / 5,Justin De Witt,Justin De Witt / Chad Hoverter / Tad Lambert,Fireside Games / Fun Supply / Hobby World / Pegasus Spiele,N/A,Fantasy / Fighting / Medieval,Campaign / Battle Card Driven / Cooperative Game / Dice Rolling / Hand Management / Semi-Cooperative Game / Solo / Solitaire Game / Trading,Reimplemented by: + 4more
1420,Ancient Knowledge,2023,Create unique card combinations to keep your civilization alive.,6.462,7.12,3676,$27.99,2–4–,75,12+,2.71 / 5,Rémi Mathieu,Pierre Ples / Adrien Rives / Emilien Rotival,IELLO / CMON Global Limited / Devir / Hobby World / Mancalamaro / Reflexshop / Rexhry,Adrien Fenouillet,Ancient / Card Game / Civilization / Mythology,Delayed Purchase / End Game Bonuses / Hand Management / Open Drafting / Tags,
1421,Spirits of the Wild,2018,Avoid Coyote's mischief while collecting colorful stones as gifts for spirit animals.,6.462,7.33,2872,,2,30,10+,1.44 / 5,Nick Hayes,Syd Weiler,"Mattel, Inc.",N/A,Abstract Strategy / Animals / Mythology,Action Retrieval / Hand Management / Set Collection,Reimplemented by: + 0more
1422,The City of Kings,2018,Explore the land! Improve your skills! Battle dynamic monsters to protect the City!,6.461,7.44,2651,,1–4–,45–180–,14+,3.22 / 5,Frank West,Miguel Da Silva,The City of Games,N/A,Adventure / Exploration / Fantasy / Fighting / Puzzle,Action Points / Cooperative Game / Dice Rolling / Modular Board / Role Playing / Scenario / Mission / Campaign Game / Solo / Solitaire Game / Square Grid / Storytelling / Variable Player Powers,
1423,Circle the Wagons,2017,Draft and combine western themed cards to get points by meeting scoring goals.,6.461,7.02,4150,$17.95,2,15,8+,1.57 / 5,Steven Aramini / Danny Devine / Paul Kluka,Loïc Billiau / Bryan Fischer / Beth Sobel,Button Shy / Banana Games / Djama Games / Even Toys and Games / Frosted Games / Lucky Duck Games / Matagot / Quined Games / Salt & Pepper Games,N/A,American West / Card Game / City Building / Print & Play,Contracts / Layering / Open Drafting / Set Collection / Tile Placement,Reimplemented by: + 0more
1424,Paris,2020,Improve districts in 19th century Paris and build landmarks for influence and points.,6.461,7.20,3231,,2–4–,90,12+,2.76 / 5,Michael Kiesling / Wolfgang Kramer,Andreas Resch,Game Brewer / Broadway Toys LTD / Choo Choo Games / Czacha Games / Delta Vision Publishing / Dexker Games / Korea Boardgames / Ludofy Creative / Maldito Games / TLAMA games / TWOPLUS Games,N/A,City Building / Economic / Post-Napoleonic,Area Majority / Influence / End Game Bonuses / Hand Management / Income / Modular Board / Set Collection / Tags / Worker Placement,
1425,Claim,2017,Recruit followers to control the kingdom by taking the right tricks.,6.461,6.90,5836,$32.10,2,25,10+,1.65 / 5,Scott Almes,Scott Almes / Mihajlo Dimitrievski,White Goblin Games / Czacha Games / Deep Water Games / Game Factory / Matagot / MS Edizioni / MTS Games / PaperGames (III) / SD Games / TLAMA games / Top Toys / Vagabund,N/A,Card Game / Fantasy,Area Majority / Influence / Auction / Bidding / Auction: Once Around / Trick-taking,Reimplemented by: + 0more
1426,Karak,2017,Heroes explore the mysterious dungeon of Karak Castle.,6.460,7.16,4161,$62.79,2–5–,45,7+,1.30 / 5,Petr Mikša,Roman Hladík,Albi / 2Tomatoes Games / Albi Polska / CreativaMente / Geronimo Games / Identity Games International B.V. / KOSMOS / Lord of Boards / Outset Media / Reflexshop / Spelkortsförlaget / Zvezda,N/A,Adventure / Children's Game / Exploration / Fantasy / Fighting,Dice Rolling / Map Addition / Modular Board / Tile Placement / Variable Player Powers,Reimplemented by: + 0more
1427,Trails,2021,"Take a hike on trails, exploring iconic sites and national parks across the U.S.",6.459,7.02,4643,,2–4–,20–40–,10+,1.86 / 5,Henry Audubon,Fifty-Nine Parks Print Series,Keymaster Games / Albi / Albi Polska / Feuerland Spiele / Matagot / Surfin' Meeple China,N/A,Adventure / Animals / Environmental / Travel,Contracts / End Game Bonuses / Modular Board / Set Collection / Track Movement / Worker Placement,
1428,Riftforce,2021,"Choose guilds, combine their powers, and rush into battle.",6.459,7.15,3558,$8.00,2,20–30–,10+,2.14 / 5,Carlo Bortolini,Miguel Coimbra,1 More Time Games / La Boîte de Jeu / Capstone Games / Geekach LLC / Maldito Games / Niza Gams / Playagame Edizioni / 数寄ゲームズ (Suki Games) / White Goblin Games,N/A,Card Game / Fantasy / Fighting,Hand Management / Open Drafting / Race / Variable Player Powers,
1429,Sankoré: The Pride of Mansa Musa,2024,Compete to manage the best school of a university in 14th-century Timbuktu.,6.458,7.96,1606,,1–4–,150–180–,14+,4.26 / 5,Mandela Fernandez-Grandon / Fabio Lopiano,Ian O'Toole,Osprey Games / Giant Roc / Super Meeple / YOKA Games,Anthony Howgego / Jordan Wheeler,Ancient / City Building / Civilization / Economic / Educational / Medieval,"Action Points / Area Majority / Influence / Contracts / End Game Bonuses / Point to Point Movement / Resource Queue / Simulation / Solo / Solitaire Game / Tech Trees / Tech Tracks / Worker Placement / Worker Placement, Different Worker Types",
1430,Wendake,2017,"Trade, trounce, trap, and tend your way to a balanced tribe.",6.458,7.44,2401,$119.99,1–4–,60–120–,14+,3.57 / 5,Danilo Sabia,Alan D'Amico,Placentia Games / Post Scriptum / Enjoy Game / Rawstone / Renegade Game Studios,P.S. Martensen,American Indian Wars / Economic / Farming / Fighting,Area Majority / Influence / Area Movement / Hidden Victory Points / Highest-Lowest Scoring / Set Collection / Variable Player Powers / Worker Placement,
1431,Battle Cry,1999,Take command and re-live Civil War battles in the first Command and Colors game.,6.457,7.17,3573,$179.99,2,45,10+,2.10 / 5,Richard Borg,Scott Hill (I),Avalon Hill / Wizards of the Coast,N/A,American Civil War / Civil War / Miniatures / Post-Napoleonic / Wargame,Command Cards / Dice Rolling / Hand Management / Hexagon Grid / Modular Board,Reimplemented by: + 0more
1432,Wilderness War,2001,"Card-driven, point-to-point, 18th century fight for North American dominance.",6.456,7.68,1987,,1–2–,180,12+,3.31 / 5,Volko Ruhnke,Rodger B. MacGowan / Mark Simonitch,GMT Games,N/A,Age of Reason / American Indian Wars / Wargame,Action / Event / Campaign / Battle Card Driven / Dice Rolling / Point to Point Movement,
1433,Deep Space D-6,2015,It was a trap! Roll your crew dice to survive the onslaught of an alien armada.,6.456,7.14,3837,,1,30,10+,1.66 / 5,Tony Go,Tony Go / Tim McBurnie,(Web published) / Tau Leader Games,N/A,Dice / Print & Play / Science Fiction,Dice Rolling / Solo / Solitaire Game / Worker Placement / Worker Placement with Dice Workers,Reimplemented by: + 0more
1434,Maximum Apocalypse,2018,Pick a unique hero deck.  Loot map tiles. Survive your chosen Armageddon.,6.455,7.47,2668,,1–6–,45–90–,13+,2.13 / 5,Mike Gnade,Gustav Rangmar,Rock Manor Games / Banana Games / Boom Boom Games / GaGa Games / Grimspire,N/A,Card Game / Science Fiction / Zombies,Action Points / Campaign / Battle Card Driven / Cooperative Game / Hand Management / Modular Board / Pick-up and Deliver,
1435,Agropolis,2021,Add farms to the card-laying experience of Sprawlopolis.,6.455,7.25,2865,$24.95,1–4–,15–20–,8+,1.76 / 5,Steven Aramini / Danny Devine / Paul Kluka,Loïc Billiau / Danny Devine / Karolina Jędrzejak,Button Shy / Frosted Games / Geekach LLC / Lucky Duck Games / Matagot / Quined Games / Rexhry / Salt & Pepper Games,N/A,Card Game / City Building / Farming / Print & Play / Territory Building,Closed Drafting / Cooperative Game / Layering / Solo / Solitaire Game / Tile Placement,
1436,Legacy of Dragonholt,2017,Choose your path as you progress through a fantasy RPG style adventure.,6.454,7.19,3437,,1–6–,60–999–,14+,1.28 / 5,Nikki Valens / Daniel Clark (I) / Tim Flanders / Annie VanderMeer Mitsoda / Greg Spyridis,Alex Aparin / Jacob Atienza / Jared Blando / Anna Christenson / Amanda Duarte / David Griffith / Jaime Martinez / Sandara Tang,Fantasy Flight Games,N/A,Adventure / Exploration / Fantasy,Cooperative Game / Narrative Choice / Paragraph / Role Playing / Scenario / Mission / Campaign Game / Solo / Solitaire Game / Storytelling,
1437,Rise of Augustus,2013,"Compete with other players to vie for the favor of the first Roman Emperor, Augustus.",6.454,6.73,8567,,2–6–,30,8+,1.65 / 5,Paolo Mori,Vincent Dutrait,Hurrican / Lautapelit.fi / Vennerød Forlag AS,N/A,Ancient / Card Game,Bingo / Open Drafting / Push Your Luck / Set Collection,Reimplemented by: + 0more
1438,A Gest of Robin Hood,2024,Fight for Justice or Maintain Order in 12th-century England.,6.454,7.65,1954,$82.83,2,45–90–,12+,3.04 / 5,Fred Serval,Robert Altbauer / Terry Leeds / Chechu Nieto,GMT Games / Udo Grebe Gamedesign,Joe Dewhurst,Medieval / Wargame,Area Majority / Influence / Hidden Movement / Push Your Luck / Tug of War,
1439,Odin's Ravens (Second Edition),2016,Use clever hand-management and the tricks of Loki to race around the world.,6.454,6.99,4665,,2,15–30–,10+,1.24 / 5,Thorsten Gimmler,Johan Egerkrans / Harald Lieske / Marcin Minor,"Osprey Games / Evrikus / HT Publishers / Nasza Księgarnia / Swan Panasia Co., Ltd.",Duncan Molloy,Animals / Card Game / Mythology,Hand Management / Race / Resource to Move / Track Movement,Reimplements: Odin's Ravens
1440,Power Grid: Factory Manager,2009,Try to maximize profit and energy efficiency in the World of Power Grid.,6.454,6.83,6137,$39.99,2–5–,60,12+,3.00 / 5,Friedemann Friese,"Lars-Arne ""Maura"" Kalusky",2F-Spiele / 999 Games / Albi / Arclight Games / Edge Entertainment / Filosofia Éditions / Lacerta / Rio Grande Games / Stratelibri,N/A,Economic / Industry / Manufacturing,Auction / Bidding / Commodity Speculation,
1441,Escape from the Aliens in Outer Space,2010,It's humans vs. aliens in a game of hidden movement and bluffing. Who will survive?,6.454,6.91,5428,$44.06,2–8–,20–45–,12+,1.98 / 5,Mario Porpora / Pietro Righi Riva / Luca Francesco Rossi / Nicolò Tedeschi,Giulia Ghigini,Cranio Creations / Heidelberger Spieleverlag / HT Publishers / Morapiaf / Osprey Games / Santa Ragione,N/A,Horror / Party Game / Print & Play / Science Fiction,Grid Movement / Hexagon Grid / Hidden Movement / Hidden Roles / Paper-and-Pencil / Secret Unit Deployment / Team-Based Game / Variable Player Powers,
1442,Disney Lorcana,2023,Create your own deck of Disney characters.,6.453,7.22,3345,$124.95,2–6–,,8+,2.13 / 5,David Iezzi / Ryan Miller / Tim Schilder / Steve Warner,Amandine Girard / Alan Batson / Cory Godbey / Kiersten Hale / Luis Huerta / Cam Kendell / Mariana Moreno / Michael Niewiadomy / David Otálora / Jake Parker / Alice Pisoni / Cristian Romero / Lady Shalirin / Eri Welli,Ravensburger AG,Tim Schilder,Card Game / Collectible Components,Deck Construction / Hand Management / Income / Multi-Use Cards / Take That,
1443,Rolling Heights,2023,Roll your Meeples to build a better city!,6.453,7.46,2336,$49.99,1–4–,45–60–,14+,2.55 / 5,John D. Clair,Kwanchai Moriya,Alderac Entertainment Group / Game Harbor / Maldito Games / Rozum / Tabletop KZ / White Goblin Games,Josh Wood,City Building / Dice / Industry / Manufacturing,"Area Majority / Influence / Deck, Bag, and Pool Building / Dice Rolling / End Game Bonuses / Push Your Luck / Random Production / Solo / Solitaire Game / Tile Placement",
1444,Chimera Station,2017,Genetically modify alien workers to use for building & commanding a space station.,6.453,7.18,3146,,2–4–,60–90–,13+,3.14 / 5,Mark Major,Brian Patterson,Tasty Minstrel Games / Game Brewer,Seth Jaffee,Science Fiction,"Tile Placement / Turn Order: Claim Action / Variable Player Powers / Worker Placement / Worker Placement, Different Worker Types",
1445,Brew,2021,Bring balance back to the forest with potions and woodland creatures.,6.452,7.02,4550,,2–4–,45–90–,10+,2.45 / 5,Stevo Torres,Jake Morrison / Andrew Thompson,Pandasaurus Games / Catch Up Games / Cosmodrome Games / Delirium Games / Ghenos Games / Lotus Frog Games / Portal Games / Skellig Games,Jeff Fraser / Jonathan Gilmour-Long,Fantasy,Area Majority / Influence / Dice Rolling / Open Drafting / Take That / Turn Order: Progressive / Variable Player Powers / Worker Placement with Dice Workers,
1446,Europa Universalis: The Price of Power,2023,Europe from the Hundred Years war to the Age of Revolution.,6.452,8.56,1458,,1–4–,90–300–,14+,4.70 / 5,Eivind Vetlesen,Tomasz Jedruszek / Olly Lawson / Joeri Lefevre,Aegir Games / Fox in the Box / NAC Wargames / Sound of Drums GmbH,Víctor Paiam,Age of Reason / Civilization / Economic / Exploration / Napoleonic / Negotiation / Pike and Shot / Political / Renaissance / Video Game Theme / Wargame,Action Points / Area Majority / Influence / Area Movement / Campaign / Battle Card Driven / Dice Rolling / Hand Management / Scenario / Mission / Campaign Game / Simulation,
1447,Back to the Future: Back in Time,2020,Reset the 1955 timeline before you disappear and lightning strikes the clock tower.,6.451,7.17,3471,$64.99,2–4–,50,10+,2.42 / 5,Prospero Hall / Brian Kirk,George Bletsis / Les McClaine / Steve Scott,Funko Games,Korby Sears,Movies / TV / Radio theme,Cooperative Game / Dice Rolling / Push Your Luck / Variable Player Powers,
1448,Diamonds,2014,Every trick is a chance to grab jewels…or swipe them from your rivals!,6.451,6.85,5805,,2–6–,20–30–,8+,1.56 / 5,Mike Fitzgerald,William Bricker / Daniel Solis,Stronghold Games / Broadway Toys LTD,N/A,Card Game,Hand Management / Trick-taking,
1449,FlipToons,2025,Flip your way to fame in this animated deck-building game.,6.451,7.32,2751,$19.95,1–4–,15–30–,10+,1.78 / 5,Jordy Adan / Renato Simões,Diego Sá,Thunderworks Games / Geeks N' Orcs / Gémklub / Hobby World / Rawstone / Rexhry / Strohmann Games / Sylex,Keith Matejka,Animals / Card Game / Movies / TV / Radio theme,"Deck, Bag, and Pool Building / Market / Open Drafting / Race / Score-and-Reset Game / Victory Points as a Resource",
1450,Street Masters,2018,Unique fighters take on vivid enemies in combat inspired by classic video games.,6.450,7.93,1662,,1–4–,45–120–,14+,2.84 / 5,Adam Sadler / Brady Sadler,The Creation Studio / Giorgio De Michele,Blacklist Games / Rawstone / Steamforged Games Ltd.,N/A,Adventure / Card Game / Fantasy / Fighting / Miniatures / Puzzle / Video Game Theme,Cooperative Game / Dice Rolling / Events / Grid Movement / Hand Management / Hexagon Grid / Scenario / Mission / Campaign Game / Solo / Solitaire Game / Variable Player Powers / Variable Set-up,
1451,Risk: Star Wars Edition,2015,The Empire and the Rebellion go head to head in three theaters of war...not Risk!,6.450,6.98,4496,$77.23,2–4–,30–45–,10+,1.87 / 5,James D'Aloisio / Austin Rucker / Craig Van Ness,Kevin Hill (II),Hasbro,N/A,Movies / TV / Radio theme / Science Fiction / Wargame,Area Majority / Influence / Area Movement / Campaign / Battle Card Driven / Dice Rolling / Hand Management / Variable Player Powers,Reimplements: Risk
1452,Thunderstone: Dragonspire,2011,"Adventurers defeat new foes, and try to reclaim a Thunderstone from its guardian.",6.449,7.31,2747,,1–5–,45,12+,2.70 / 5,Mike Elliott / Brent Keith,Jason Engle / Brent Keith / Hal Mangold,Alderac Entertainment Group / Arclight Games / Edge Entertainment / Pegasus Spiele / Wargames Club Publishing,N/A,Card Game / Fantasy,"Deck, Bag, and Pool Building / Hand Management / Open Drafting",
1453,Inventors of the South Tigris,2024,"Invent, build, test, and publish your ingenious devices.",6.448,7.92,1593,$46.75,1–4–,90–120–,12+,4.47 / 5,S J Macdonald / Shem Phillips,Mihajlo Dimitrievski,Garphill Games / Mosaico Jogos / Pixie Games / Portal Games / Renegade Game Studios / Schwerkraft-Verlag,N/A,Arabian / Dice / Medieval,"Area Majority / Influence / Deck, Bag, and Pool Building / Hand Management / Solo / Solitaire Game / Track Movement / Worker Placement / Worker Placement with Dice Workers",
1454,Yggdrasil,2011,Cooperate with other players to defeat the Norse gods intent on unleashing Ragnarok.,6.448,7.03,4080,,1–6–,90,13+,2.60 / 5,Cédric Lefebvre / Fabrice Rabellino,Pierô,Ludonaute / Z-Man Games,N/A,Mythology,Action Points / Cooperative Game / Dice Rolling / Set Collection / Variable Player Powers,Reimplemented by: + 0more
1455,Hansa,2004,"Buy & sell colorful goods in Hanseatic cities. Ship location is key, so move wisely!",6.447,6.88,5316,,2–4–,60,10+,2.34 / 5,Michael Schacht,Michael Schacht,ABACUSSPIELE / 999 Games / GameField / Überplay,N/A,Economic / Medieval / Nautical / Transportation,Action Points / Area Majority / Influence / Income / Pick-up and Deliver / Point to Point Movement / Set Collection / Variable Set-up,Reimplemented by: + 0more
1456,Things in Rings,2024,"Figure out the ""rules"" for each ring in the Venn diagram by playing object cards!",6.446,7.08,3575,$24.00,2–6–,20,6+,1.32 / 5,Peter C. Hayward,Snow Conrad,Allplay / BoardGamePlanet / CrowD Games / Devir / Gémklub / Lautapelit.fi / Maldón / Matagot / MEBO Games,John Brieger / Michael Dunsmore,Deduction / Party Game / Word Game,Induction / Player Judge,
1457,Stronghold,2009,"Humans hold a stronghold against orc, goblin and troll invaders.",6.446,7.10,3524,,2–4–,120,10+,3.67 / 5,Ignacy Trzewiczek,Mariusz Gandzel / Tomasz Jedruszek / Michał Oracz,"Portal Games / IELLO / Phalanx Games B.V. / Valley Games, Inc.",N/A,Fantasy / Fighting / Medieval,Action Points / Area Majority / Influence / Point to Point Movement / Team-Based Game / Variable Player Powers,Reimplemented by: + 0more
1458,Blueprints,2013,Out draft and out build your competition to become the best architect.,6.446,6.78,7114,,2–4–,30,14+,1.69 / 5,Yves Tourigny,Philippe Guérin / Chris Quilliams,"Z-Man Games / Competo / Marektoy / Cube Factory of Ideas / Filosofia Éditions / Hobby Japan / MYBG Co., Ltd.",Alan Leduc,Dice / Number,Contracts / Dice Rolling / Grid Coverage / Open Drafting / Pattern Building / Score-and-Reset Game / Set Collection / Square Grid / Turn Order: Stat-Based,
1459,Raising Robots,2023,Compete against rival inventors to assemble the best team of robots.,6.445,7.66,1995,$52.00,1–6–,60–90–,14+,3.20 / 5,Brett Sobol / Seth Van Orden,Viktoriya Fajardo / Howard McWilliam / OwlGhost Studio,Nauvoo Games / HIT Games / Lucky Duck Games / Maldito Games / Niza Gams / Reflexshop / SPIEL DAS! Verlag,N/A,Card Game,End Game Bonuses / Simultaneous Action Selection / Solo / Solitaire Game / Variable Player Powers,
1460,Honshū,2016,"Compete for land, prestige and wealth as lords and ladies from feudal Japan.",6.445,6.88,5385,,2–5–,30,8+,1.93 / 5,Kalle Malmioja,Ossi Hiekkala / Jere Kasanen,Lautapelit.fi / Blackrock Games / Conclave Editora / Games 4 Gamers / HOT Games / Lucrum Games / Pegasus Spiele / Playagame Edizioni / Renegade Game Studios,N/A,Card Game / City Building / Territory Building,Auction / Bidding / Closed Drafting / End Game Bonuses / Hand Management / Layering / Melding and Splaying / Pattern Building / Selection Order Bid / Variable Set-up,Reimplemented by: + 0more
1461,Tussie Mussie,2019,Victorians knew every flower has a meaning.  Which flowers will you choose?,6.444,6.89,5271,$19.99,2–4–,20–30–,8+,1.15 / 5,Elizabeth Hargrave,Loïc Billiau / Karolina Jędrzejak / Zarina Karapetyan / Beth Sobel,Button Shy / Banana Games / Frosted Games / Geekach LLC / Hobby Japan / IELLO / Lucky Duck Games / MINDOK / Quined Games / Reflexshop / Salt & Pepper Games,N/A,Card Game / Print & Play,"I Cut, You Choose / Open Drafting / Set Collection",
1462,Massive Darkness,2017,Join the adventures of the Lightbringers in a dungeon inhabited by monsters and foes.,6.444,7.10,4962,,1–6–,120,14+,2.57 / 5,Raphaël Guiton / Jean-Baptiste Lullien / Nicolas Raoult,Édouard Guiton / Jason Hendricks,CMON Global Limited / Guillotine Games / CrowD Games / Edge Entertainment / Galápagos Jogos,Fel Barros / Alex Olteanu / Marco Portugal / Michael Shinall / Fabio Tola,Adventure / Exploration / Fantasy / Fighting / Miniatures,Action Points / Cooperative Game / Dice Rolling / Hand Management / Modular Board / Variable Player Powers,Reimplemented by: + 0more
1463,That Time You Killed Me,2021,Prove yourself across all spacetime as the true inventor of the time machine.,6.444,7.33,2668,,2,15–30–,10+,2.33 / 5,Peter C. Hayward,Jor Ros,"Pandasaurus Games / Board Game Rookie / CMON Global Limited / Corax Games / Galápagos Jogos / IELLO / MYBG Co., Ltd. / Tranjis Games",Jeff Fraser / Alex Cutler,Abstract Strategy / Murder / Mystery,Grid Movement / King of the Hill / Multiple Maps / Scenario / Mission / Campaign Game / Slide / Push / Square Grid / Sudden Death Ending,
1464,Betrayal at Baldur's Gate,2017,"Explore the city, discover its mystery, and face the traitor amongst yourselves....",6.444,7.06,4811,$79.24,3–6–,60,12+,2.58 / 5,Chris Dupuis / Mike Mearls,Aaron Hübrich / Tyler Jacobson / Scott Okumura / Emi Tanji / Cory Trego-Erdner / Richard Whitters,Avalon Hill / Wizards of the Coast / Hasbro,N/A,Adventure / Exploration / Fantasy,Dice Rolling / Map Addition / Modular Board / Role Playing / Storytelling / Team-Based Game / Traitor Game / Variable Player Powers,Reimplements: Betrayal at House on the Hill
1465,Oltréé,2021,Rangers help local communities and defend their Kingdom in order to restore hope.,6.444,7.46,2484,$83.99,2–4–,60,10+,2.25 / 5,Antoine Bauza / John Grümph,Vincent Dutrait,Studio H / Across the Board / ADC Blackfire Entertainment / Arclight Games / Board Game Box / Evrikus / Galakta / GateOnGames / Geekach LLC / Gémklub / Maldito Games,N/A,Adventure / Fantasy / Medieval,Cooperative Game / Dice Rolling / Events / Narrative Choice / Paragraph / Scenario / Mission / Campaign Game / Storytelling,
1466,Witness,2014,Whisper your clues to fellow agents and solve 64 unique cases.,6.443,7.22,2855,,4,15,13+,1.51 / 5,Dominique Bodin,Dominique Bodin / Cyril Demaegd / Arnaud Demaegd / Edgar P. Jacobs / Neriac,Ystari Games,N/A,Comic Book / Strip / Deduction / Memory / Murder / Mystery,Communication Limits / Cooperative Game / Memory / Storytelling,Reimplemented by: + 2more
1467,Euthia: Torment of Resurrection,2021,An open world fantasy RPG board game inspired by classic video games.,6.441,8.51,1587,$295.99,1–4–,60–480–,14+,3.50 / 5,Markéta Bláhová / Tadeáš Spousta,Iveta Doležalová / Jiří Dvorský / Petr Štich,Diea Games,Alladjex / Markéta Bláhová / Tadeáš Spousta,Adventure / Exploration / Fantasy / Fighting,Cooperative Game / Dice Rolling / Grid Movement / Hand Management / Hexagon Grid / Map Addition / Modular Board / Movement Points / Role Playing / Solo / Solitaire Game / Variable Player Powers / Variable Set-up,Reimplements: Legendy země Euthie
1468,Dead Man's Draw,2014,Use various pirate powers to push your luck in this quick card game.,6.441,6.85,6330,$20.00,2–4–,15,13+,1.32 / 5,Chris Bray / Leo Li / Derek Paxton,Leo Li / Felideus Bubastis / Vincent Dutrait,"asmodee / BoardM Factory / Bombyx / Conclave Editora / CSE Games / Elznir Games / Games7Days / HeidelBÄR Games / Heidelberger Spieleverlag / Hemz Universal Games Co. Ltd. / Hobby World / Korea Boardgames / Mancalamaro / Mayday Games / MINDOK / Reflexshop / Stardock Entertainment / Swan Panasia Co., Ltd.",Derek Paxton,Card Game / Pirates / Video Game Theme,Push Your Luck / Set Collection / Take That / Variable Player Powers,
1469,Sons of Anarchy: Men of Mayhem,2014,Exploit businesses and throw down with rival gangs to earn the most cash.,6.441,7.22,3111,$39.99,3–4–,90,13+,2.58 / 5,Aaron Dill / John Kovaleski / Sean Sweigart,Katie Dillon / Charles Woods,"Gale Force Nine, LLC / Battlefront Miniatures Ltd",N/A,Mafia / Movies / TV / Radio theme / Territory Building,Action Points / Area Majority / Influence / Dice Rolling / Events / Force Commitment / Modular Board / Negotiation / Take That / Trading / Turn Order: Claim Action / Variable Player Powers / Variable Set-up / Victory Points as a Resource / Worker Placement,Reimplemented by: + 0more
1470,Townsfolk Tussle,2022,"In a vintage cartoon universe, work together to defend your town from pesky Ruffians.",6.441,7.68,2062,,1–5–,40–200–,14+,2.59 / 5,Stephen Louis / Tony Mayer / Rachel Rusk,Stephen Louis / Tony Mayer / Rachel Rusk,Panic Roll / 4GAMES / Ediciones MasQueOca / Frosted Games / Lucky Duck Games / YOKA Games / Ігрова Майстерня,N/A,Dice / Fantasy / Humor / Miniatures / Movies / TV / Radio theme,Cooperative Game / Critical Hits and Failures / Solo / Solitaire Game / Square Grid / Team-Based Game / Variable Player Powers / Variable Set-up,
1471,Pavlov's House,2018,The Soviets defend a key strongpoint during the Battle of Stalingrad.,6.441,7.85,1708,$79.99,1–3–,60–75–,12+,2.82 / 5,David Thompson (I),David Thompson (I),Dan Verssen Games (DVG) / Ediciones MasQueOca / GaGa Games / NAC Wargames,N/A,Wargame / World War II,Action Points / Cooperative Game / Dice Rolling / Multiple Maps / Simulation / Solo / Solitaire Game,
1472,Legend of the Five Rings: The Card Game,2017,Bring honor and glory to your clan by engaging in military and political conflicts.,6.441,7.34,2988,$29.99,2,45–90–,14+,4.01 / 5,Brad Andres / Erik Dahlman (I) / Nate French / Tyler Parrott,Brad Andres / Erik Dahlman (I) / Nate French,Fantasy Flight Games / asmodee / Emperor Penguin Games / Galakta / Galápagos Jogos,N/A,Card Game / Collectible Components / Fantasy,Action Points / Deck Construction / Hand Management / Secret Unit Deployment / Simultaneous Action Selection / Variable Player Powers,Reimplements: Legend of the Five Rings
1473,Claustrophobia 1643,2019,Zealots and vagabonds brave unspeakable horrors in the tunnels below New Jerusalem.,6.441,7.97,1637,,2,45–90–,14+,2.74 / 5,Croc / Laurent Pouchain,David Demaret / Gautier Giroud / Martin Lavat / Stéphane Nguyen / Milan Nikolic / Pascal Quidault / Stéphane Simon,Monolith Board Games,Grégory Privat,Adventure / Exploration / Fantasy / Fighting / Horror / Medieval / Miniatures,Dice Rolling / Grid Movement / Modular Board / Multi-Use Cards / Variable Player Powers,Reimplements: Claustrophobia | Reimplemented by: + 0more
1474,Wild Space,2020,Explore a new galaxy full of treasures and mysteries using card combos!,6.441,7.13,3354,,1–5–,15–40–,10+,2.09 / 5,Joachim Thôme,Amélie Guinet,Catch Up Games / Board Game Circus / Dexker Games / Games Unplugged LLC / Hobby World / HOT Games / Magellan / Pandasaurus Games / Playagame Edizioni / Reflexshop / Tranjis Games / VR Distribution / WoodCat / Yayoi The Dreamer,Clément Milker,Animals / Card Game / Science Fiction / Space Exploration,End Game Bonuses / Hand Management / Set Collection / Solo / Solitaire Game / Variable Set-up,
1475,Vanuatu,2011,Cutthroat competition for prosperity in a tropical paradise.,6.441,7.22,2886,$64.95,2–5–,90,12+,3.29 / 5,Alain Epron,Cédrick Le Bihan,Krok Nik Douil editions / Asterion Press / Coffee Haus Games / HUCH!,N/A,Economic / Nautical,Action Drafting / Auction / Bidding / Grid Movement / Hexagon Grid / Lose a Turn / Map Addition / Market / Modular Board / Turn Order: Claim Action,
1476,Gutenberg,2021,Become a pioneer of printing and establish the most renowned workshop of your era.,6.441,7.27,2780,$29.65,1–4–,60–120–,10+,2.72 / 5,Katarzyna Cioch / Wojciech Wiśniewski,Rafał Szłapa,Granna / Atalia / Boardgame Mall / HUCH! / Ingenio Games / Portal Games,Krzysztof Jurzysta / Aleksander Redwan / Joanna Wójtowicz,Industry / Manufacturing,Auction / Bidding / Contracts / Open Drafting / Simultaneous Action Selection / Solo / Solitaire Game / Turn Order: Progressive / Variable Player Powers / Worker Placement,
1477,MicroMacro: Crime City – All In,2022,Once more you solve murder cases in crime city.,6.441,7.79,1680,$32.16,1–4–,15–45–,12+,1.08 / 5,Johannes Sich,Daniel Goll / Tobias Jochinke / Johannes Sich,Edition Spielwiese / Blackrock Games / Hachette Boardgames USA / Hard Boiled Games / Hobby Japan / Lucky Duck Games / MINDOK / MS Edizioni / Nova Era (Нова Ера) / Pegasus Spiele / Reflexshop / SD Games / White Goblin Games,N/A,Deduction / Humor / Murder / Mystery,Cooperative Game / Deduction / Scenario / Mission / Campaign Game / Solo / Solitaire Game / Team-Based Game,Reimplements: MicroMacro: Crime City / MicroMacro: Crime City – Full House
1478,Colossal Arena,1997,Place your bets. Power your beasts. Be the cagiest spectator in the arena.,6.440,6.76,7429,,2–5–,40–60–,8+,2.02 / 5,Reiner Knizia,Cyrille Daujean / Thierry Doizon / Dan Harding / Steve Holmes / Jan Patrik Krásný / Tyson Milbert / Kurt Miller / Keith Parkinson,"The Avalon Hill Game Co / Altar Games / Delta Vision Publishing / Edge Entertainment / Fantasy Flight Games / Hobby Japan / Korea Boardgames / Lautapelit.fi / Midgaard Games / Nexus Editrice / Swan Panasia Co., Ltd. / Ubik",N/A,Card Game / Fantasy / Mythology,Betting and Bluffing / End Game Bonuses / Hand Management / Investment / Once-Per-Game Abilities / Take That,Reimplements: Grand National Derby | Reimplemented by: + 0more
1479,Blood Bowl: Second Season Edition,2020,"It’s not the winning or losing that matters, it’s the mayhem and violence that count!",6.440,8.47,1218,,2,60–180–,12+,3.81 / 5,N/A,N/A,Games Workshop Ltd.,N/A,Fantasy / Fighting / Miniatures / Sports,Critical Hits and Failures / Dice Rolling / Grid Movement / Movement Points / Push Your Luck / Square Grid / Variable Player Powers / Zone of Control,Reimplements: Blood Bowl (2016 Edition) / Blood Bowl: Living Rulebook | Reimplemented by: + 0more
1480,Lacuna,2023,Place your pawn between flowers of one kind to collect them and block your opponent.,6.440,7.33,2510,$31.99,2,10–15–,8+,1.10 / 5,Mark Gerrits,Nick Liefhebber,CMYK / HUCH! / SAVANA,Alex Hague / Kristen Leach,Abstract Strategy,Zone of Control,
1481,Blokus Duo,2005,Play geometric shapes from your hand for points -- but don't get blocked in!,6.440,6.83,6109,,2,10–20–,5+,1.67 / 5,Bernard Tavitian,N/A,"Educational Insights / Mattel, Inc. / (Unknown) / Alary Games / Beverly Enterprises, Inc. / danspil / Divisible By Zero (DBZ) Aust Pty Ltd / Educa Korea / Froschkönig GmbH / Granna / Green Board Game Co. / Hodin / McDonald's Corporation / Piatnik / Sekkoia / Winning Moves France / Winning Moves Germany",N/A,Abstract Strategy / Territory Building,Enclosure / Grid Coverage / Square Grid / Tile Placement,Reimplements: Blokus
1482,Cleopatra and the Society of Architects,2006,Compete to build a three-dimensional palace for Cleopatra - Queen of the Nile.,6.440,6.80,6741,,3–5–,60,10+,2.28 / 5,Bruno Cathala / Ludovic Maublanc,Cyrille Daujean / Julien Delval,Days of Wonder / Edge Entertainment / KDS Distribuzione (Italy) / uplay.it edizioni,N/A,Ancient,Auction / Bidding / Dice Rolling / Enclosure / Grid Coverage / Hand Management / Open Drafting / Set Collection,Reimplemented by: + 0more
1483,SHŌBU,2019,Use your stones to push all your opponent's stones off any one of four boards to win!,6.439,7.47,2282,$44.95,2,15–30–,8+,1.86 / 5,Jamie Sajdak / Manolis Vranas,N/A,Smirk & Laughter Games,N/A,Abstract Strategy,Grid Movement / Slide / Push / Square Grid,
1484,A Wild Venture,2025,A fierce yet friendly competition for the most celebrated adventurer of the village.,6.439,7.94,1657,$35.98,2,40–60–,10+,2.59 / 5,Iain Everett,Pennie Jo Everett,PIKA Games / Cranio Creations / DSV Games / GaGa Games / Lucky Duck Games / Maldito Games / Mosaico Jogos / Steinbock Brettspiele / Ігромаг,Hent van Imhoff,Animals / Card Game / Fantasy,Hand Management / Set Collection,
1485,Primordial Soup,1997,Increase your amoeba population and evolve powers to help it thrive.,6.438,6.92,4788,,3–4–,90,12+,2.74 / 5,Doris Matthäus / Frank Nestel,Doris Matthäus,Doris & Frank / Z-Man Games,N/A,Prehistoric,Bias / Dice Rolling / Grid Movement / Variable Player Powers,
1486,Fairy Tale,2004,Fairy-themed card-drafting game with plenty of player interaction.,6.438,6.70,9055,,2–5–,30,10+,1.77 / 5,Satoshi Nakamura,Mariano Iannelli / Yoko Nachigami / Satoshi Nakamura,"Yuhodo, Inc. / Z-Man Games / Edge Entertainment / Heidelberger Spieleverlag / HUCH! / Hutter Trade GmbH + Co KG / Lautapelit.fi / Red Glove / Ubik / What's Your Game?",N/A,Card Game / Fantasy,Closed Drafting / Hand Management / Set Collection / Simultaneous Action Selection,
1487,Tower Up,2024,Architects compete against one another to construct the best buildings in town.,6.438,7.33,2512,$39.99,2–4–,30–45–,8+,1.84 / 5,Frank Crittin / Grégoire Largey / Sébastien Pauchon,Nadège Calegari / Laurent Escoffier / Geoffrey Stepourenko,Monolith Board Games / IUVI Games / Pegasus Spiele / TLAMA games / Tranjis Games,Sébastien Pauchon,City Building,Kill Steal / Open Drafting,
1488,Witch's Brew,2008,Collect ingredients and make valuable potions by outguessing your opponents.,6.437,7.02,3958,,3–5–,30–60–,9+,1.87 / 5,Andreas Pelikan,Simona Cornacchia / Julien Delval / Harald Lieske,"alea / Ravensburger AG / Filosofia Éditions / New Games Order, LLC / Rio Grande Games / Swan Panasia Co., Ltd. / uplay.it edizioni",N/A,Bluffing / Card Game / Fantasy,Hand Management / Simultaneous Action Selection,Reimplemented by: + 0more
1489,EXIT: The Game – The Sinister Mansion,2018,Escape the sinister mansion by solving puzzles left behind long ago.,6.437,7.21,2892,$14.95,1–4–,45–90–,12+,2.48 / 5,Inka Brand / Markus Brand / Ralph Querfurth,Silvia Christoph / Martin Hoffmann / Michaela Kienle / Sensit Communication GmbH,999 Games / Brädspel.se / Devir / Dino Toys s. r. o. / Galakta / Giochi Uniti / Group SNE / IELLO / Kaissa Chess & Games / Korea Boardgames / KOSMOS / Piatnik Distribution / Spilbræt.dk / Thames & Kosmos / Zvezda,Sandra Dochtermann / Ralph Querfurth,Deduction,Cooperative Game,
1490,Mists over Carcassonne,2022,"Cooperatively lay tiles to keep the ghosts in check, but beware of haunted cemeteries",6.437,7.28,2833,$39.99,1–5–,35,8+,2.16 / 5,Klaus-Jürgen Wrede,Marcel Gröber / Anne Pätzke,"Hans im Glück / 999 Games / Bard Centrum Gier / Devir / Fantasmagoria / Feelindigo / Giochi Uniti / Hobby World / Kaissa Chess & Games / Korea Boardgames / Lautapelit.fi / MINDOK / Piatnik Distribution / Swan Panasia Co., Ltd. / Z-Man Games",N/A,Medieval,Cooperative Game / Tile Placement,
1491,Carnival of Monsters,2019,Capture monsters for your mystical menagerie in this streamlined drafting experience.,6.437,7.22,3184,,2–5–,45,12+,2.16 / 5,Richard Garfield,Loïc Billiau / Martin Hoffmann / Dennis Lohausen / Michael Menzel / Oliver Schlemmer / Claus Stephan / Franz Vohwinkel,AMIGO / Broadway Toys LTD / G3 / Gigamic / Giochi Uniti / Mercurio / MINDOK / Piatnik Distribution / VR Distribution,N/A,Card Game / Fantasy,Closed Drafting / Dice Rolling / Loans / Set Collection,
1492,Unlock!: Escape Adventures – Squeek & Sausage,2017,It is up to you to save the world from the evil Professor Noside!,6.437,7.14,3121,,1–6–,45–75–,10+,2.05 / 5,Vincent Goyat,Legruth,Space Cowboys,N/A,Card Game / Puzzle,Cooperative Game / Elapsed Real Time Ending / Solo / Solitaire Game / Storytelling,
1493,Plague Inc.: The Board Game,2017,A board game version of the popular virus game.,6.436,7.35,3536,,1–4–,60,14+,2.14 / 5,James Vaughan,Collette Tarbuck,Ndemic Creations,N/A,Medical / Video Game Theme,Area Majority / Influence / Hand Management / Network and Route Building / Simulation / Take That / Tile Placement / Worker Placement,
1494,Whistle Stop,2017,Plot the best routes for your train to pick up and deliver goods cross-country.,6.436,7.03,3807,$43.48,2–5–,75,13+,2.76 / 5,Scott Caputo,Jason Boles / Stephanie Gustafsson,Bézier Games / La Boîte de Jeu / PaperGames (III),Ted Alspach,American West / Trains,Action Points / Network and Route Building / Pick-up and Deliver / Set Collection / Tile Placement,
1495,Shadowrun: Crossfire,2014,Be a Runner. Fight the Megacorps!,6.435,7.08,3789,,1–4–,30–60–,13+,2.84 / 5,Mike Elliott / Rob Heinsoo / Jim Lin / Gregory Marques / Sean McCarthy / Jay Schneider / Rob Watkins (Board Game) (I),Víctor Pérez Corbella,Catalyst Game Labs / Black Book Éditions / Editora New Order,N/A,Adventure / Card Game / Fantasy / Fighting / Science Fiction,"Cooperative Game / Deck, Bag, and Pool Building / Legacy Game / Variable Player Powers",Reimplements: Shadowrun: Crossfire – Demo Box | Reimplemented by: + 0more
1496,Ghost Blitz,2010,"Quickly identify and grab hold of the correct item in a cluttered, spooky basement.",6.434,6.71,10886,,2–8–,20,8+,1.13 / 5,Jacques Zeimet,Doris Matthäus / Gabriela Silveira,"Zoch Verlag / 999 Games / Boardgame Space / Competo / Marektoy / Devir / Egmont Polska / FoxMind Israel / Gigamic / Giochi Uniti / Jolly Thinkers / KADABRA / Kaissa Chess & Games / Korea Boardgames / Lanlalen / Lifestyle Boardgames Ltd / Lion Rampant Imports / Meeple / MINDOK / Möbius Games / Rozum / Simba Toys / Swan Panasia Co., Ltd.",N/A,Action / Dexterity / Card Game / Children's Game / Real-time,Pattern Recognition / Speed Matching,Reimplements: Knapp daneben | Reimplemented by: + 5more
1497,Warhammer Quest,1995,Dungeon adventures in the Warhammer World.,6.434,7.51,2618,,1–4–,120,12+,2.69 / 5,Andy Jones,John Blanche / Wayne England / David Gallagher / Mark Gibbons / Geoff Taylor / Richard Wright,Games Workshop Ltd.,N/A,Adventure / Exploration / Fantasy / Fighting / Miniatures,Cooperative Game / Dice Rolling / Modular Board / Role Playing,Reimplements: Advanced Heroquest | Reimplemented by: + 5more
1498,Crisis,2016,Assume the role of business leaders to rebuild your company and create prosperity.,6.433,7.45,2224,,1–5–,45–120–,14+,3.09 / 5,Pantelis Bouboulis / Sotirios Tsantilas,Anthony Cournoyer / Viktor Csete,LudiCreations / Geek Attitude Games,N/A,Economic / Industry / Manufacturing / Political,Action Queue / Commodity Speculation / Semi-Cooperative Game / Worker Placement,
1499,It's a Wonderful Kingdom,2021,Build up your kingdom by getting your hands on the best cards.,6.433,7.05,3864,$43.19,1–2–,45,14+,2.59 / 5,Frédéric Guérard,Anthony Wolff,La Boîte de Jeu / Evrikus / Geronimo Games / Kobold Spieleverlag / Lucky Duck Games / MTS Games / Origames / Reflexshop / Studio Supernova / TLAMA games / Tranjis Games,N/A,Card Game / Fantasy / Medieval,"Betting and Bluffing / I Cut, You Choose / Open Drafting / Set Collection / Solo / Solitaire Game",Reimplements: It's a Wonderful World
1500,Llamaland,2021,Fit your fields together to grow crops and give a good home to llamas.,6.433,7.26,2760,,2–4–,45,10+,2.01 / 5,Phil Walker-Harding,Klemens Franz,Lookout Games / 999 Games / ADC Blackfire Entertainment / Funforge / Gémklub / Hobby Japan / Lacerta / Maldito Games / Popcorn Games,N/A,Animals / Farming / Territory Building,Contracts / End Game Bonuses / Income / Layering / Map Addition / Open Drafting / Set Collection / Tags / Tile Placement / Variable Player Powers / Variable Set-up / Victory Points as a Resource,
1501,Perseverance: Castaway Chronicles – Episodes 1 & 2,2022,Discover a living dinosaur world in a series of mechanically evolving strategy games.,6.433,7.67,1953,,1–4–,80–180–,14+,4.22 / 5,Richard Ámann / Thomas Vande Ginste / Viktor Péter / Wolf Plancke / Dávid Turczi,Tamás Baranya / István Dányi / Villő Farkas / Csilla Kiskartali / Márton Gyula Kiss,Mindclash Games,Robin Hegedűs / Anthony Howgego,City Building / Dice / Exploration / Science Fiction,Area Majority / Influence / Dice Rolling / Scenario / Mission / Campaign Game / Solo / Solitaire Game / Tile Placement / Worker Placement / Worker Placement with Dice Workers,
1502,Caylus Magna Carta,2007,"Build and use workers along an expanding road, but beware the fun crushing provost.",6.431,6.88,5045,,2–4–,45–75–,10+,2.87 / 5,William Attia,Arnaud Demaegd,Ystari Games / Esdevium / HUCH! / Korea Boardgames / Lautapelit.fi / Quined White Goblin Games / Rio Grande Games,N/A,Card Game / City Building / Economic / Medieval / Religious,Action Queue / Contracts / End Game Bonuses / Hand Management / Income / Ownership / Resource to Move / Tags / Take That / Tile Placement / Turn Order: Progressive / Variable Set-up / Victory Points as a Resource / Worker Placement,Reimplements: Caylus
1503,EXIT: The Game – The Sunken Treasure,2017,Embark on an undersea trek to secure a treasure before your oxygen or clues run out.,6.431,7.03,3833,$15.82,1–4–,45–90–,10+,1.81 / 5,Inka Brand / Markus Brand,Silvia Christoph / Michaela Kienle / Michael Menzel,999 Games / Brädspel.se / Devir / Dino Toys s. r. o. / Galakta / Giochi Uniti / Group SNE / IELLO / Kaissa Chess & Games / Korea Boardgames / KOSMOS / Lautapelit.fi / Piatnik / Spilbræt.dk / Thames & Kosmos / Vennerød Forlag AS / Zvezda,Sandra Dochtermann / Ralph Querfurth,Deduction / Puzzle / Real-time,Cooperative Game / Deduction / Move Through Deck / Real-Time / Simulation,
1504,BattleCON: War of Indines,2012,Combine a shared moveset with characters' unique style in this card battler.,6.430,7.62,1990,,2–4–,15–60–,9+,2.75 / 5,"D. Brad Talton, Jr.","Víctor Pérez Corbella / Fábio Fontes / Jen Frichot / Danny Hirajeta / Katrina Lin / Victoria Parker / D. Brad Talton, Jr. / Eunice Abigael Tiu",Level 99 Games,N/A,Card Game / Fighting / Print & Play,Hand Management / Programmed Movement / Rock-Paper-Scissors / Simultaneous Action Selection / Variable Player Powers,
1505,Kraftwagen,2015,"Build, sell, and race cars at the dawn of the automotive age.",6.430,7.21,2800,,2–4–,75,10+,2.85 / 5,Matthias Cramer,Harald Lieske,ADC Blackfire Entertainment GmbH / G3 / Stronghold Games,N/A,Economic / Industry / Manufacturing,Rondel / Set Collection / Turn Order: Time Track / Worker Placement,Reimplemented by: + 0more
1506,Battles of Westeros,2010,Strategically outmaneuver your opponent with familiar Game of Thrones characters.,6.429,7.24,3099,,2,60–120–,12+,3.21 / 5,Robert A. Kouba,Tomasz Jedruszek / Henning Ludvigsen,Fantasy Flight Games / Cross Circle Games / Edge Entertainment / Galakta / Heidelberger Spieleverlag / Stupor Mundi,Jason Walden,Fantasy / Miniatures / Novel-based / Wargame,Campaign / Battle Card Driven / Dice Rolling / Grid Movement / Hand Management / Hexagon Grid / Line of Sight / Modular Board / Once-Per-Game Abilities / Variable Player Powers,Reimplements: BattleLore
1507,Quartermaster General,2014,"Secure supply, plan strategies, and as a team win the Second World War.",6.428,7.25,2889,,2–6–,90,12+,2.29 / 5,Ian Brody,Nicholas Avallone,Griggling Games / Hobby Japan / Hobby World,N/A,Wargame / World War II,Area Majority / Influence / Campaign / Battle Card Driven / Hand Management / Team-Based Game,Reimplemented by: + 3more
1508,The Fox in the Forest Duet,2020,"Win tricks to move in the forest, collecting the gems before running out of time.",6.428,6.96,4394,$15.99,2,30,10+,1.77 / 5,Joshua Buergel,Adrienne Ezell / Jason D. Kingsley / Roanna Peroz / John Shulters,Foxtrot Games / Renegade Game Studios / Banana Games / Hobby Game Mall / MINDOK / Origames / Reflexshop / Schwerkraft-Verlag / SUNNY BIRD / White Goblin Games / WoodCat,N/A,Animals / Card Game / Fantasy,Communication Limits / Cooperative Game / Hand Management / Map Reduction / Sudden Death Ending / Trick-taking / Variable Set-up,Reimplements: The Fox in the Forest
1509,1812: The Invasion of Canada,2012,Operational level wargame well-suited for team play in the War of 1812.,6.428,7.33,2466,$80.00,2–5–,60–120–,,2.18 / 5,Beau Beckett / Jeph Stahl,Jarek Nocoń / Steve Paschal,"Academy Games, Inc. / ASYNCRON games / Schwerkraft-Verlag",N/A,American Indian Wars / Napoleonic / Wargame,Area Movement / Campaign / Battle Card Driven / Dice Rolling / Die Icon Resolution / Simulation / Team-Based Game / Variable Player Powers,
1510,Steam Park,2013,"Ready, set, roll! Create the best robot amusement park!",6.427,6.81,6132,$54.99,2–4–,60,10+,2.12 / 5,Aureliano Buonfino / Lorenzo Silva / Lorenzo Tucci Sorrentino,Marie Cardouat,Cranio Creations / ADC Blackfire Entertainment / Edge Entertainment / Heidelberger Spieleverlag / Hobby Japan / Horrible Guild / IELLO / Trefl Joker Line / Нескучные игры,N/A,City Building / Dice / Real-time / Science Fiction,Dice Rolling / Memory / Modular Board / Open Drafting / Real-Time,
1511,Here to Slay,2020,Powerful heroes band together to slay monsters for their abilities.,6.427,6.87,9300,$20.00,2–6–,30–60–,10+,1.69 / 5,Ramy Badie,Ramy Badie,TeeTurtle / Unstable Games / ADC Blackfire Entertainment / Ludicus Games / MIPL / Nabu Studio / Rebel Sp. z o.o. / Reflexshop,N/A,Animals / Card Game / Dice / Fantasy / Fighting,Action Points / Dice Rolling / Hand Management / Interrupts / Role Playing / Set Collection / Take That / Turn Order: Progressive / Variable Player Powers,
1512,GIPF,1996,Cycle your own pieces while slowly depleting your opponent's reserve.,6.427,7.07,3551,$29.99,2,30–60–,9+,2.76 / 5,Kris Burm,Kris Burm / lu'cifer,"Don & Co. / HUCH! / Ísöld ehf. / Rio Grande Games / Schmidt Spiele / Smart Toys and Games, Inc.",N/A,Abstract Strategy,Grid Movement / Pattern Building,
1513,Mountain Goats,2010,Work to move your goats to the top of 6 different mountains.,6.425,6.84,5687,$24.00,2–4–,20,8+,1.21 / 5,Stefan Risthaus,Anca Gavril / Dennis Lohausen / Daniel Profiri / 別府さい (Sai Beppu),BoardGameTables.com / Allplay / BoardM Factory / CMON Global Limited / Ludofun / Maldito Games / OSTIA Spiele / Schmidt Spiele / Time Fades Away / Yes Papa Games,N/A,Animals / Dice / Math / Number,Dice Rolling / King of the Hill / Race / Roll / Spin and Move / Set Collection / Track Movement,Reimplemented by: + 0more
1514,Emberleaf,2025,"Rally heroes, reclaim the forest, and restore the Emberlings' sacred homeland.",6.424,7.71,1856,$79.90,1–5–,90–120–,14+,3.13 / 5,James Tomblin / Frank West,James Tomblin / Frank West,The City of Games / Cranio Creations / DSV Games / Maldito Games / MINDOK / Mosaico Jogos / Portal Games / Skellig Games,N/A,Animals / City Building / Fantasy / Puzzle,Contracts / Kill Steal / Set Collection / Solo / Solitaire Game / Tile Placement / Variable Player Powers / Variable Set-up,
1515,The Magic Labyrinth,2009,Navigate the unseen labyrinth using only your memory to collect the lost artifacts.,6.424,6.81,6764,,2–4–,20–30–,6+,1.21 / 5,Dirk Baumann,Rolf Vogt,"Drei Magier Spiele / ADC Blackfire Entertainment / Competo / Marektoy / Devir / Enigma (Bergsala Enigma) / G3 / Gigamic / HaKubia / Kaissa Chess & Games / Korea Boardgames / Lautapelit.fi / Lion Rampant Imports / Oxygame / Playgo Hungary / Playroom Entertainment / Spilbræt.dk / Swan Panasia Co., Ltd. / Vennerød Forlag AS / YellowBOX / Ґавіал / Нескучные игры",N/A,Children's Game / Fantasy / Maze / Memory,Dice Rolling / Grid Movement / Memory / Network and Route Building / Roll / Spin and Move,Reimplemented by: + 0more
1516,Mythos Tales,2016,"Your team investigates horrors in Arkham, then gets quizzed on the results.",6.424,7.34,2609,,1–10–,60–120–,13+,2.13 / 5,Hal Eccles / Will Kenyon / Jason Maxwell / Tim Uren,Miguel Coimbra / George Patsouras / Edu Torres / Uildrim,8th Summit / Broadway Toys LTD / Grey Fox Games / Hobby World / MS Edizioni / MTS Games / Pegasus Spiele,N/A,Deduction / Horror / Murder / Mystery / Novel-based,Cooperative Game / Solo / Solitaire Game / Storytelling,Reimplements: Arkham Investigator
1517,Clank! Legacy 2: Acquisitions Incorporated – Darkest Magic,2024,"Fight bosses, avoid the dragon, and collect loot with or against fellow employees!",6.424,8.52,1084,,2–4–,60–120–,8+,2.75 / 5,"Jay E. Treat, III",N/A,Dire Wolf / Lucrum Games,N/A,Adventure / Fantasy / Miniatures,"Deck, Bag, and Pool Building / Legacy Game / Push Your Luck / Scenario / Mission / Campaign Game",Reimplements: Clank! Legacy: Acquisitions Incorporated / Clank!: A Deck-Building Adventure
1518,New York 1901,2015,Collect cards to build iconic New York City skyscrapers in the early 20th century.,6.424,6.78,6579,$53.30,2–4–,30–60–,8+,2.05 / 5,Chénier La Salle,Vincent Dutrait,"Blue Orange Games / ADC Blackfire Entertainment / Bard Centrum Gier / Competo / Marektoy / Lifestyle Boardgames Ltd / PaperGames (III) / Swan Panasia Co., Ltd.",Thierry Denoual / Stéphane Maurel / Brandan Parsons,City Building,Area Majority / Influence / Once-Per-Game Abilities / Open Drafting / Tile Placement,
1519,A Touch of Evil: The Supernatural Game,2008,Dashing heroes battle fiendish creatures in Colonial America.,6.424,6.99,4807,$59.99,2–8–,60–120–,12+,2.57 / 5,Jason C. Hill,Gaël Goumon / Jack Scott Hill / Jason C. Hill / James Ma / Matthew Morgaine,Flying Frog Productions,N/A,Adventure / Fighting / Horror / Murder / Mystery,Area Movement / Cooperative Game / Dice Rolling / Roll / Spin and Move / Variable Player Powers,Reimplemented by: + 0more
1520,18Chesapeake,2018,Ease yourself into 18XX by way of the Chesapeake Bay.,6.423,7.58,1878,,2–6–,180,13+,3.84 / 5,Scott Petersen,N/A,All-Aboard Games / Game Harbor,N/A,Economic / Trains / Transportation,Auction / Bidding / Hexagon Grid / Market / Network and Route Building / Ownership / Stock Holding / Tile Placement / Victory Points as a Resource,
1521,Ostia,2022,1-4 players create trade routes in the Mediterranean using a mancala/resource system!,6.423,7.95,1450,,1–4–,100–120–,14+,2.92 / 5,Totsuca Chuo,Tatsuki Asano / Rocinante Urabe,uchibacoya / Crafty Games / Maldito Games / Skellig Games,N/A,Ancient / City Building / Nautical,Contracts / End Game Bonuses / Income / Mancala / Resource to Move / Rondel / Set Collection / Track Movement / Variable Set-up,
1522,Royals,2014,Noble houses scramble to claim strongholds in 17th century Europe.,6.423,7.18,2933,,2–5–,60,10+,2.24 / 5,Peter Hawes,Jason Engle / Michael Menzel,ABACUSSPIELE / Arcane Wonders / Broadway Toys LTD / Dice Tower Essentials,N/A,N/A,Area Majority / Influence / Open Drafting / Set Collection,Reimplements: Heads of State
1523,On Tour,2019,Plan the best tour route for your band across the USA or Europe.,6.423,6.81,5956,$44.00,1–8–,20,7+,1.40 / 5,Chad DeShon,Anca Gavril,BoardGameTables.com / Maldito Games,N/A,Dice / Music / Number / Travel,Bingo / Connections / Dice Rolling / Line Drawing / Network and Route Building / Paper-and-Pencil / Push Your Luck / Simultaneous Action Selection / Solo / Solitaire Game,Reimplemented by: + 0more
1524,Kinfire Chronicles: Night's Fall,2023,A team of Seekers work together to fight back the Darkness threatening the world.,6.422,8.35,1337,$179.99,1–4–,45–60–,14+,2.78 / 5,Kevin Wilson / Darrell Hardy / Adela Kapuścińska / Brandon Perdue,"Vesna ""vesner"" Redesiuk / Katarzyna Bekus / Sandra Chlewińska / Adela Kapuścińska / Wiktor Kozyra / Kevin Wilson",Incredible Dream Studios / GaGa Games / Gameland 游戏大陆 / HIT Games / PIF GAMES,Kris Green,Adventure / Fantasy,Area Movement / Cooperative Game / Deck Construction / Hand Management / Minimap Resolution / Role Playing / Scenario / Mission / Campaign Game / Solo / Solitaire Game / Storytelling / Turn Order: Random / Variable Player Powers,
1525,Zombicide: Undead or Alive,2022,Battle together to fight off zombies in the Old West... or die trying.,6.420,7.96,1664,$94.99,1–6–,60,14+,2.49 / 5,Raphaël Guiton / Jean-Baptiste Lullien / Nicolas Raoult,Édouard Guiton / Giorgia Lanza,CMON Global Limited / Guillotine Games / ADC Blackfire Entertainment / Galápagos Jogos / Hobby World / Portal Games,N/A,American West / Fighting / Horror / Miniatures / Zombies,Action Points / Cooperative Game / Dice Rolling / Modular Board / Multiple Maps / Scenario / Mission / Campaign Game / Solo / Solitaire Game / Variable Player Powers,Reimplements: Zombicide / Zombicide: 2nd Edition
1526,Council of 4,2015,"Gain the favors of the council, even manipulate them, to build your trading posts.",6.420,7.11,3226,$29.99,2–4–,40–75–,14+,2.69 / 5,Simone Luciani / Daniele Tascini,Arnaud Demaegd / Giovanna BC Guimarães / Édouard Guiton / Valentina Moscon,CMON Global Limited / Cranio Creations / Heidelberger Spieleverlag,N/A,Economic,Hand Management / Network and Route Building / Point to Point Movement,
1527,Strasbourg,2011,Get your family members into craft guilds using a unique bidding system.,6.419,7.17,2864,,3–5–,60,12+,2.74 / 5,Stefan Feld,Alexander Jung / Hans-Georg Schneider,Pegasus Spiele,N/A,City Building / Economic / Medieval,Area Majority / Influence / Auction / Bidding / Auction: Once Around / Pattern Building / Tile Placement,Reimplemented by: + 0more
1528,Paper Dungeons: A Dungeon Scrawler Game,2020,"Explore dungeons, fight villains and conquer the glory in a hack n slash adventure.",6.419,7.10,3480,,1–8–,30,10+,2.12 / 5,Leandro Pires,Dan Ramos / Daniel Rocchi,MeepleBR / Alley Cat Games / Devil Dice Games / DV Games / Gémklub / Geronimo Games / Glyptodon / Grimspire / Lavka Games / Lucky Duck Games / Maldito Games / Super Meeple / TLAMA games,Diego Bianchini,Dice / Fantasy / Fighting / Medieval,Dice Rolling / Grid Movement / Line Drawing / Paper-and-Pencil / Set Collection / Simultaneous Action Selection,
1529,Pathfinder Adventure Card Game: Skull & Shackles – Base Set,2014,Level up your party in this card-and-dice fantasy campaign set on the high seas.,6.418,7.27,2796,$36.98,1–4–,90,13+,2.93 / 5,Chad Brown / Tanis O'Connor / Paul Peterson / Mike Selinker / Gaby Weidling,N/A,Paizo Publishing / Heidelberger Spieleverlag / Hobby World / Ulisses Spiele,N/A,Card Game / Fantasy / Fighting / Pirates,"Cooperative Game / Deck, Bag, and Pool Building / Dice Rolling / Move Through Deck / Role Playing / Scenario / Mission / Campaign Game / Variable Player Powers",
1530,Dungeon Fighter,2011,Test your dice-rolling skills to overcome tricky challenges in dangerous dungeons.,6.418,6.78,7190,$46.19,1–6–,45–60–,14+,1.76 / 5,Aureliano Buonfino / Lorenzo Silva / Lorenzo Tucci Sorrentino,Giulia Ghigini,"Cranio Creations / Edge Entertainment / Fantasy Flight Games / Galápagos Jogos / Heidelberger Spieleverlag / Horrible Guild / IELLO / Kaissa Chess & Games / Lucrum Games / More Fun Co., Ltd. / One Moment Games",N/A,Action / Dexterity / Exploration / Fantasy / Fighting / Humor / Party Game,Cooperative Game / Dice Rolling / Modular Board / Open Drafting / Point to Point Movement / Turn Order: Progressive / Variable Player Powers / Variable Set-up,Reimplemented by: + 5more
1531,Kitchen Rush (Revised Edition),2019,"Juggle orders, prepare dishes, and stock the pantry to satisfy your hungry customers.",6.418,7.43,2226,,2–4–,20–60–,8+,2.12 / 5,Vangelis Bagiartakis / Dávid Turczi,Natalia Kordowska / Bartłomiej Kordowski,Pegasus Spiele / Albi / Artipia Games / Compaya.hu: Gamer Café Kft. / Galakta / Tower Tactic Games,N/A,Real-time,Action Timer / Cooperative Game / Modular Board / Real-Time / Variable Phase Order / Worker Placement,Reimplements: Kitchen Rush
1532,Challengers! Beach Cup,2023,Capture the flag and hold onto it to win the tournament!,6.418,7.65,1831,$29.99,1–8–,45,8+,2.14 / 5,Johannes Krenner / Markus Slawitscheck,Olivier Fagnère,1 More Time Games / Pretzel Games / asmodee / Choo Choo Games / Gémklub / Hobby Japan / Korea Boardgames,N/A,Animals / Card Game / Sports,"Deck Construction / Deck, Bag, and Pool Building / Finale Ending / Hand Management / Open Drafting",
1533,Elfenland,1998,"Use elf transportation (dragon, cloud, raft, unicorn...) to visit the most cities.",6.417,6.67,9343,,2–6–,60,10+,2.15 / 5,Alan R. Moon,Doris Matthäus / Alan R. Moon,AMIGO / 999 Games / Albi / Corfix / Hobby World / Midgaard Games / Rio Grande Games,N/A,Fantasy / Travel,Hand Management / Network and Route Building / Open Drafting / Point to Point Movement / Programmed Movement / Turn Order: Progressive,Reimplements: Elfenroads | Reimplemented by: + 0more
1534,Liberty or Death: The American Insurrection,2016,"GMT COIN Vol V: Join the American Revolution as Patriots, British, Indians, or French",6.417,7.74,1765,$82.39,1–4–,180–360–,14+,4.07 / 5,Harold Buchanan,Charles Kibler / Terry Leeds / Rodger B. MacGowan / Howard Pyle,GMT Games,N/A,Age of Reason / American Revolutionary War / Political / Wargame,Area Majority / Influence / Dice Rolling / Simulation / Solo / Solitaire Game / Variable Phase Order / Variable Player Powers,
1535,Arkadia,2006,"Place workers and buildings, get and cash seals as you manipulate their market value.",6.417,6.91,4486,,2–4–,45–60–,10+,2.57 / 5,Rüdiger Dorn,Michael Menzel / Walter Pepperle,Ravensburger AG / Rio Grande Games,N/A,City Building,Area Majority / Influence / Set Collection / Stock Holding / Tile Placement,
1536,Kinfire Delve: Scorn's Stockade,2024,"A cooperative, dungeon-diving card game set in the Kinfire Chronicles universe.",6.417,7.95,1520,$24.99,1–2–,60,14+,2.09 / 5,Kevin Wilson,"Katarzyna Bekus / Sandra Chlewińska / Wiktor Kozyra / Vesna ""vesner"" Redesiuk",Incredible Dream Studios / Colossal Games / Gémklub / HIT Games / Old Dawg / PIF GAMES / Portal Games / Ігромаг,Kris Green,Card Game / Fantasy / Horror,Cooperative Game / Dice Rolling / Move Through Deck / Multi-Use Cards / Solo / Solitaire Game,
1537,Veiled Fate,2022,Divine beings vie to place their descendant on the throne.,6.417,7.52,2235,$99.95,2–8–,60–90–,14+,2.23 / 5,Max Anderson / Zac Dixon / Austin Harrison,Harry Conway,IV Studio,N/A,Ancient / Bluffing / Deduction / Miniatures,Action Points / Deduction / Hand Management / Hidden Roles / Voting,Reimplemented by: + 0more
1538,Imhotep: The Duel,2018,"Unload building materials from ships, but your opponent’s plans might mess up yours.",6.416,7.05,3506,,2,30,10+,1.96 / 5,Phil Walker-Harding,Miguel Coimbra / Michaela Kienle / Claus Stephan,KOSMOS / IELLO / IntelliGames.BG / Thames & Kosmos / White Goblin Games,N/A,Ancient,Area Majority / Influence / Modular Board / Set Collection / Worker Placement,Reimplements: Imhotep
1539,Dale of Merchants 2,2016,"Learn new techniques, trade goods, and manage your stock to build the master stall!",6.416,7.28,2659,,2–4–,30,10+,2.08 / 5,Sami Laakso,Sami Laakso,Snowdale Design / Board Game Leisure / Bragelonne Games / Devir / Fullcap Games / Games7Days / HOT Games / Lotus Frog Games / Popcorn Games / Reflexshop / Schwerkraft-Verlag / Vendetta,N/A,Animals / Card Game / Fantasy / Print & Play,"Deck, Bag, and Pool Building / Dice Rolling / Hand Management / Open Drafting / Set Collection / Take That / Team-Based Game",
1540,Star Wars: Unlock!,2020,"Rebels, Imperials, and Scum - adventure and mystery await in a galaxy far, far away..",6.416,7.04,3473,$33.20,1–6–,60,10+,1.89 / 5,Cyril Demaegd / Jay Little,Mercedes Opheim,Space Cowboys / Galápagos Jogos / Gémklub,N/A,Card Game / Movies / TV / Radio theme / Puzzle,Cooperative Game / Elapsed Real Time Ending / Storytelling,
1541,The Werewolves of Miller's Hollow,2001,Be a villager and lynch the werewolves... unless you are a werewolf yourself.,6.416,6.67,12883,,8–18–,30,10+,1.31 / 5,Philippe des Pallières / Hervé Marly,Philippe des Pallières / Hervé Marly / Alexios Tjoyas,"Lui-même / 999 Games / ADC Blackfire Entertainment / asmodee / Asterion Press / Crómola / förlAgo AB / Gémklub / Granna / Hobby Japan / Lex Games / Morapiaf / Rebel Sp. z o.o. / Swan Panasia Co., Ltd. / Zygomatic",N/A,Bluffing / Deduction / Horror / Murder / Mystery / Party Game,Hidden Roles / Player Elimination / Role Playing / Team-Based Game / Variable Player Powers / Voting,Reimplemented by: + 2more
1542,Copenhagen,2019,Polyomino your way to the grandest facades in the Danish capital.,6.415,6.92,4513,,2–4–,20–40–,8+,1.69 / 5,Asger Aleksandrov Granerud / Daniel Skjold Pedersen,Markus Erdt,Queen Games / Devil Dice Games / Devir / Lautapelit.fi / Piatnik Distribution,N/A,City Building / Puzzle,Connections / Contracts / Grid Coverage / Hand Management / Open Drafting / Pattern Building / Set Collection / Square Grid / Tile Placement,Reimplemented by: + 0more
1543,Rattus,2010,Manage your population throughout medieval Europe to survive the plague.,6.415,6.77,6287,,2–4–,45,10+,2.06 / 5,Åse Berg / Henrik Berg,Alexandre Roche,White Goblin Games / Axel / Cranio Creations / Hobby World / HUCH! / Vennerød Forlag AS / Z-Man Games,N/A,Animals / Medieval,Area Majority / Influence / Area Movement / Open Drafting / Stat Check Resolution / Variable Player Powers,Reimplemented by: + 0more
1544,Dice Throne: Santa v. Krampus,2022,Roll festive dice in an epic holiday duel to see who is naughty and who is nice!,6.414,7.98,1499,,2–6–,20–40–,8+,2.06 / 5,Gavan Brown / Nate Chatellier / Manny Trembley,Manny Trembley,Roxley / Grimspire / Lucky Duck Games,John Heidrich,Card Game / Dice / Fantasy / Fighting,Dice Rolling / Take That / Variable Player Powers,
1545,No Retreat! The Russian Front,2011,Choose a side and lead it to victory in this epic struggle!!,6.414,7.73,1780,,2,360,14+,3.17 / 5,Carl Paradis,Rodger B. MacGowan / Mark Simonitch,GMT Games / Banana Games / GaGa Games,N/A,Wargame / World War II,Campaign / Battle Card Driven / Dice Rolling / Grid Movement / Hexagon Grid / Movement Points / Ratio / Combat Results Table / Simulation / Zone of Control,Reimplements: Na Berlin! / No Retreat!: The Russian Front 1941-1944 / No Surrender! | Reimplemented by: + 0more
1546,Nanty Narking,2019,"Buy, bribe and murder your way to control of Victorian London's neighborhoods.",6.412,7.45,2239,$73.99,2–4–,60,14+,2.32 / 5,Martin Wallace,Bartek Jędrzejewski / Grzegorz Ryszko / Jakub Skop / Miłosz Wojtasik,PHALANX / ASYNCRON games / Choo Choo Games / Ediciones MasQueOca / Nova Era (Нова Ера),N/A,Bluffing / City Building / Deduction / Miniatures / Post-Napoleonic,Area Majority / Influence / Dice Rolling / Events / Hand Management / Hidden Roles / Interrupts / Roles with Asymmetric Information / Take That,Reimplements: Discworld: Ankh-Morpork
1547,burncycle,2022,Robots use creative action sequencing to infiltrate corrupt human corporations.,6.412,7.90,1601,,1–4–,45–180–,13+,4.07 / 5,Josh J. Carlson / Shannon Wedge,Yoann Boissonnet / Anthony LeTourneau,Chip Theory Games / GoKids 玩樂小子 / YOKA Games,Salem Scott / Josh Wielgus,Dice / Exploration / Puzzle / Science Fiction / Spies / Secret Agents,Action Points / Action Queue / Cooperative Game / Dice Rolling / Die Icon Resolution / Grid Movement / Modular Board / Moving Multiple Units / Resource to Move / Scenario / Mission / Campaign Game / Solo / Solitaire Game / Variable Player Powers / Variable Set-up,
1548,Time's Up! Party,2008,"Describe Cleopatra in few seconds. Then try in one word, a gesture or a posture.",6.411,7.57,1919,,4–12–,30,12+,1.08 / 5,Peter Sarrett,Peter Sarrett,asmodee / Crómola / Galápagos Jogos / Gémklub / MINDOK / Morapiaf / Popcorn Games / Rebel Sp. z o.o. / Repos Production,N/A,Humor / Party Game,Acting / Communication Limits / Memory / Team-Based Game,Reimplements: Time's Up!
1549,Machina Arcana (Second/Third Edition),2019,A group of explorers are traveling the unknown while  facing Lovecraftian horrors.,6.411,7.86,1726,,1–4–,150,13+,3.65 / 5,Juraj Bilich,Aleksandra Bilic / Richard Brownhill / Nele Diel / Sebastian Giacobino / Antal Kéninger / Maxim Kostin / Igor Krstic / Marek Madej / Kriśtian Pavlin / Elwira Pawlikowska / Damir Podhraški,Adreama Games / CrowD Games / Galakta / Giga Mech Games / Maldito Games / Matagot / Treetato Studio,N/A,Adventure / Dice / Exploration / Fighting / Horror / Mythology / Science Fiction,Action / Event / Action Points / Cooperative Game / Dice Rolling / Finale Ending / Grid Movement / Modular Board / Storytelling,Reimplements: Machina Arcana
1550,Fief: France 1429,2015,"Lead your noble house to greatness through war, negotiations and loads of betrayal.",6.411,7.42,2405,,3–6–,120–240–,13+,3.81 / 5,Philippe Mouchebeuf,Patrick Dallanegra / Jarek Nocoń,"ASYNCRON games / Academy Games, Inc. / Ediciones MasQueOca / Giochix.it / hobbity.eu",N/A,Medieval / Negotiation / Political / Territory Building / Wargame,Area Majority / Influence / Dice Rolling / Team-Based Game / Trading / Voting,Reimplements: Fief / Fief / Fief 2 | Reimplemented by: + 0more
1551,Timeline: Inventions,2010,"Which was invented first, dynamite or the typewriter?",6.411,6.70,8748,,2–8–,15,8+,1.09 / 5,Frédéric Henry,Xavier Collette / Jérémie Fleury / Nicolas Fructus / Gaël Lannurien / Mikmak Studio,"asmodee / Hazgaard Editions / ADC Blackfire Entertainment / Asterion Press / Esdevium / Galápagos Jogos / Gémklub / GoKids 玩樂小子 / Hobby Japan / Kaissa Chess & Games / Korea Boardgames / Lifestyle Boardgames Ltd / More Fun Co., Ltd. / Rebel Sp. z o.o. / Rexhry / Zygomatic",N/A,Card Game / Educational / Trivia,Ordering,Reimplemented by: + 0more
1552,Saboteur,2004,You are dwarves laying tunnel cards to get gold: but which one of you is the traitor?,6.411,6.54,36504,,3–10–,30,8+,1.32 / 5,Fréderic Moyersoen,Andrea Boekhoff / Alexander Jung / Fréderic Moyersoen,"AMIGO / 999 Games / Albi / asmodee / Boardgame Space / Brain Games / Bureau de Juegos / Buró / Corfix / Dal Negro / Dr. Wood Challenge Centre / Fractal Juegos / G3 / Gigamic / Giochi Uniti / HaKubia / Igroljub / Kaissa Chess & Games / Kikigagne? / Korea Boardgames / Land of Beautiful Mind (سرزمین ذهن زیبا) / Lautapelit.fi / Lifestyle Boardgames Ltd / Mayfair Games / Meeples Cafe / Mercurio / MIPL / Möbius Games / PaperGames (III) / Paradigm Infinitum Pte Ltd / Piatnik / Piatnik Distribution / Rebel Sp. z o.o. / Sun Team Day Hobby Company / Swan Panasia Co., Ltd. / VR Distribution / Z-Man Games / Взрослые дети / Ігромаг",N/A,Bluffing / Card Game / Deduction / Exploration / Fantasy / Party Game,Hand Management / Hidden Roles / Hidden Victory Points / Map Addition / Network and Route Building / Score-and-Reset Game / Take That / Traitor Game,Reimplemented by: + 0more
1553,Carcassonne: Winter Edition,2012,"Lay tiles to build roads, monasteries, cities & farms in a snowy medieval landscape.",6.411,7.50,2120,,2–5–,40,8+,1.78 / 5,Klaus-Jürgen Wrede,Irene Bressel / Marcel Gröber / Anne Pätzke,"Hans im Glück / 999 Games / Bard Centrum Gier / Devir / Fantasmagoria / Filosofia Éditions / Hobby World / Korea Boardgames / MINDOK / Oxygame / Piatnik Distribution / Swan Panasia Co., Ltd. / Z-Man Games",N/A,Medieval / Territory Building,Area Majority / Influence / Tile Placement,Reimplements: Carcassonne
1554,TransAmerica,2001,Connect your five cities across America on a shared rail network.,6.410,6.69,8500,,2–6–,30,13+,1.35 / 5,Franz-Benno Delonge,Marcel-André Casasola Merkle,Winning Moves Germany / Winsome Games / Corfix / Identity Games International B.V. / Immortal Eyes Games / Play Smart / Rio Grande Games / Winning Moves Games (USA),N/A,Trains,Connections / Race / Score-and-Reset Game,Reimplements: Iron Road | Reimplemented by: + 4more
1555,Qwinto,2015,"Toss the dice and mind your sums, columns, and pentagons in this Qwixx sequel.",6.410,6.91,4458,$32.00,2–6–,15,8+,1.31 / 5,Bernhard Lach / Uwe Rapp,Oliver Freudenreich,Nürnberger-Spielkarten-Verlag / Arclight Games / Fractal Juegos / Gigamic / Pandasaurus Games / Popcorn Games / White Goblin Games,N/A,Dice / Number,Dice Rolling / Follow / Paper-and-Pencil / Pattern Building,Reimplemented by: + 0more
1556,Coloma,2019,Strike it rich in the frontiers of California - will you boom or bust?,6.410,7.30,2450,,1–6–,60–90–,14+,2.97 / 5,Jonny Pac,Mihajlo Dimitrievski,Final Frontier Games / Super Meeple / Taverna Ludica Games / TCG Factory,Vojkan Krstevski / Jonny Pac / Toni Toshevski,American West / City Building,End Game Bonuses / Hand Management / Rondel / Simultaneous Action Selection / Solo / Solitaire Game / Variable Phase Order / Variable Player Powers / Worker Placement,Reimplements: Hangtown
1557,Carcassonne: South Seas,2013,"Lay tiles to gather fish, shells and bananas to trade with merchant ships.",6.410,7.05,3604,,2–5–,35,8+,1.88 / 5,Klaus-Jürgen Wrede,Harald Lieske / Dennis Lohausen / Christof Tisch,Hans im Glück / 999 Games / Devir / Enigma (Bergsala Enigma) / Filosofia Éditions / Giochi Uniti / Hobby World / Lautapelit.fi / Piatnik Distribution / Z-Man Games,N/A,Economic / Nautical,Area Majority / Influence / Set Collection / Tile Placement,Reimplements: Carcassonne
1558,Ubongo,2003,Race to fill the target shape using a set of polyominoes before your opponents do.,6.409,6.66,10527,,1–4–,25,8+,1.49 / 5,Grzegorz Rejchtman,Karl Holmes / Sandra Johansson / Nicolas Neubauer / Bernd Wagenfeld,"KOSMOS / Albi / Brain Games / Competo / Marektoy / Devir / Egmont Polska / Fantasmagoria / Filosofia Éditions / Four Esses / Giochi Uniti / GP Games / HomoLudicus / IELLO / Igroljub / Kaissa Chess & Games / Kärnan / Kod Kod / Korea Boardgames / Laser plus / Magellan / Piatnik Distribution / Stupor Mundi / SuperHeated Neurons / Swan Panasia Co., Ltd. / University Games / Vennerød Forlag AS / White Goblin Games / YOKA Games / Z-Man Games",N/A,Puzzle / Real-time,Grid Coverage / Pattern Building / Real-Time / Set Collection,Reimplemented by: + 8more
1559,Escape the Dark Castle,2017,"After years of wrongful incarceration, you embark on a desperate quest to escape...",6.409,7.31,4431,$48.74,1–4–,20–45–,14+,1.22 / 5,Alex Crispin / Thomas Pike / James Shelton,Alex Crispin,Themeborne Ltd. / Exod games / Ghenos Games / Rebel Sp. z o.o. / YingDi (旅法师营地),N/A,Adventure / Card Game / Dice / Fantasy / Horror / Medieval,Cooperative Game / Dice Rolling / Die Icon Resolution / Paper-and-Pencil / Push Your Luck / Role Playing / Solo / Solitaire Game / Storytelling,Reimplemented by: + 2more
1560,Medina,2001,"Collaboratively build a desert city of palaces, but claim the best ones for yourself.",6.409,7.04,3404,,3–4–,60,10+,2.78 / 5,Stefan Dorra,Mathias Dietze / Stefan Dorra / Franz Vohwinkel,999 Games / Giochi Rari / Hans im Glück / Rio Grande Games,N/A,Abstract Strategy / Arabian / City Building / Post-Napoleonic,Grid Coverage / Square Grid / Tile Placement,Reimplemented by: + 0more
1561,Sobek: 2 Players,2021,Pick the good tiles but beware of your opponent's possibilities.,6.409,7.14,3084,,2,20,10+,1.97 / 5,Bruno Cathala / Sébastien Pauchon,Xavier Gueniffey Durin,Catch Up Games / Arrakis Games / Galápagos Jogos / Geronimo Games / hobbity.eu / MINDOK / Pandasaurus Games / Pegasus Spiele / Playagame Edizioni,N/A,Ancient / Economic,End Game Bonuses / Hand Management / Set Collection / Variable Set-up,Reimplements: Sobek
1562,Watson & Holmes,2015,Be first to help Holmes solve the crime by following clues and investigating leads.,6.409,7.24,2740,,2–7–,45–75–,12+,2.16 / 5,Jesús Torres Castro,Javier González Cava / Arnaud Demaegd / Neriac / David Prieto / Pascal Quidault,"Ludonova / asmodee / Asterion Press / Hobby Japan / MYBG Co., Ltd. / Space Cowboys / Summon Games",N/A,Bluffing / Deduction / Murder / Mystery / Novel-based,Auction / Bidding / Modular Board / Player Elimination / Simultaneous Action Selection / Variable Player Powers,Reimplemented by: + 0more
1563,Sentient,2017,Draft cards to manipulate your dice and collect investors for your technology.,6.409,7.17,2852,,1–4–,30–60–,12+,2.22 / 5,J. Alex Kevern,Chris Ostrowski / Gordon Tucker,Renegade Game Studios / 2 Pionki / Gen-X Games (GenX) / Lavka Games / Portal Games,N/A,Dice / Industry / Manufacturing / Math / Science Fiction,Area Majority / Influence / Contracts / Open Drafting / Set Collection,
1564,Kronologic: Paris 1920,2024,Be the first to crack the case by interrogating suspects and deducing the culprit.,6.408,7.50,2074,$27.99,1–4–,30,10+,2.06 / 5,Fabien Gridel / Yoann Levet,Arch Apolar / Yann Valéani,Origames / Super Meeple / Gémklub / Geronimo Games / Ghenos Games / HIT Games / MeepleBR / Muduko / Pegasus Spiele / Tranjis Games / Zvezda,N/A,Deduction / Murder / Mystery / Puzzle,Deduction / Grid Movement / Point to Point Movement,
1565,Vikings Gone Wild,2017,Generate gold and beer and attack your neigbors to obtain the gods' favors.,6.408,7.08,3866,,2–4–,45–90–,10+,2.22 / 5,Julien Vergonjeanne,Mateusz Komada,Corax Games / Games Factory / Hobby World / Last Level / Lucky Duck Games,N/A,Card Game / City Building / Fantasy / Humor / Medieval / Mythology / Video Game Theme,"Deck, Bag, and Pool Building / Hand Management",
1566,Welcome to Everdell,2022,"Place friends to gather goodies, build your fort and win the parades.",6.408,7.53,2107,$45.00,1–4–,30,6+,1.89 / 5,James A. Wilson / Clarissa A. Wilson,Andrew Bosley / Jacqui Davis,Starling Games (II) / Tabletop Tycoon Inc. / Galápagos Jogos / Gémklub / Hobby World / Maldito Games / Matagot / Pegasus Spiele / Rebel Sp. z o.o. / Rexhry / Tycoon Games / White Goblin Games,N/A,Animals / Card Game / Children's Game / Fantasy,End Game Bonuses / Open Drafting / Set Collection / Solo / Solitaire Game / Worker Placement,Reimplements: Everdell
1567,Edge of Darkness,2019,Draft and upgrade cards to defend the city from monstrous threats.,6.408,7.46,2189,,1–4–,120,14+,3.47 / 5,John D. Clair,Sergio Camarena / Cristian Chihaia / Martin de Diego Sádaba / Nyra Drakae / Guillaume Ducos / Andre Garcia / Ray Greaves / Alexander Gustafson / Dani Hartel / Hector Herrera / Alayna Lemmer-Danner / Damien Mammoliti / Ben Peck / Oscar Römer / Isuardi Therianto / Carlos Nunez de Castro Torres,Alderac Entertainment Group,N/A,Fantasy,Cube Tower / Layering / Open Drafting / Solo / Solitaire Game / Turn Order: Progressive / Variable Set-up / Worker Placement,
1568,BattleTech,1985,Steer your giant Battlemech for one of the 5 Houses of the Inner Sphere into battle.,6.408,7.11,3705,,2–4–,,12+,3.41 / 5,"Forest Brown / L. R. ""Butch"" Leeper / Jordan Weisman",Tom Baxa / Tara Gallagher / Earl Geier / Alan Gutierrez / Ernie Hernandez / Jeff Laubenstein / Todd Lockwood / James Nelson,Altar Games / Catalyst Game Labs / Descartes Editeur / Devir / Diseños Orbitales / Ediciones Zinco S.A. / Encore / Falconer Printing / Fanpro / FASA / Group SNE / I Giochi dei Grandi / Imperium Jogos / Nexus Editrice / PRO-Games / אוליב (Olive),N/A,Collectible Components / Fighting / Miniatures / Science Fiction / Wargame,Dice Rolling / Grid Movement / Hexagon Grid / Movement Points / Role Playing / Simulation / Variable Player Powers,Reimplemented by: + 0more
1569,Ticket to Ride: Germany,2017,"Build routes, pick up passengers and score the most points.",6.408,7.58,2021,,2–5–,30–60–,8+,1.75 / 5,Alan R. Moon,Cyrille Daujean / Julien Delval,Days of Wonder / Galápagos Jogos / Hobby Japan / Rebel Sp. z o.o.,N/A,Trains / Transportation,Hand Management / Network and Route Building / Open Drafting / Set Collection,Reimplements: Ticket to Ride / Zug um Zug: Deutschland / Zug um Zug: Deutschland – Deutschland 1902
1570,Medieval Academy,2014,Train to become a knight in several areas of competition.,6.408,6.93,4185,,2–5–,30,8+,1.82 / 5,Nicolas Poncin,Pierô,Blue Cocker Games / GoKids 玩樂小子 / IELLO / Lifestyle Boardgames Ltd / uplay.it edizioni,N/A,Card Game / Medieval,Area Majority / Influence / Closed Drafting / Hand Management / Modular Board / Simultaneous Action Selection / Variable Set-up,Reimplemented by: + 0more
1571,"Air, Land, & Sea: Spies, Lies, & Supplies",2022,Submit orders on three more fronts to outwit your opponent.,6.407,7.73,1658,$19.99,2,15–30–,14+,1.78 / 5,Jon Perry,Valerio Buonfantino / Jose Angel Trancón Fernández / Derek Laufman / Damien Mammoliti,Arcane Wonders / Games7Days / Lucky Duck Games,Walter Barber / Bryan Pope,Animals / Card Game / World War II,Area Majority / Influence / Card Play Conflict Resolution / Hand Management,
1572,Fleet,2012,"Acquire licenses, launch boats, and fish the great briny blue.",6.406,6.81,5456,,2–4–,30–45–,10+,2.24 / 5,Ben Pinchback / Matt Riddle,Eric J. Carter,"Eagle-Gryphon Games / FRED Distribution, Inc. / Swan Panasia Co., Ltd.",N/A,Card Game / Nautical,Auction / Bidding / Auction: Turn Order Until Pass / Automatic Resource Growth / End Game Bonuses / Hand Management / Income / Multi-Use Cards / Set Collection / Turn Order: Progressive / Variable Set-up / Victory Points as a Resource,Reimplemented by: + 0more
1573,Hamburgum,2007,"Families produce and trade goods, and build up Hamburg in the 17th Century.",6.406,7.04,3339,,2–5–,75,12+,3.07 / 5,Mac Gerdts,Matthias Catrein,PD-Verlag / eggertspiele / Rio Grande Games,N/A,City Building / Economic / Pike and Shot,Rondel / Set Collection,
1574,Santiago de Cuba,2011,Collect goods and meet the demand of those ever-present cargo ships.,6.405,6.88,4736,,2–4–,40–75–,10+,2.15 / 5,Michael Rieneck,Michael Menzel / Hans-Georg Schneider,"eggertspiele / Eagle-Gryphon Games / Filosofia Éditions / Hobby World / Kaissa Chess & Games / Lacerta / Ludonova / MYBG Co., Ltd. / Pegasus Spiele / Piatnik Distribution",N/A,Economic,Commodity Speculation / Dice Rolling / Hidden Victory Points / Memory / Modular Board / Pick-up and Deliver / Resource to Move / Track Movement / Worker Placement,
1575,Unlock!: Exotic Adventures,2018,"Solve puzzles to escape the Boogeymen, Scheherazade's Last Tale, and the Challenger.",6.404,7.26,2557,$36.99,1–6–,60–90–,10+,2.20 / 5,Cyril Demaegd / Germain Winzenschtark,Florian de Gesincourt / Arnaud Demaegd / Amélie Guinet / Legruth / Martin Mottet / UmbreoNoctie,Space Cowboys / asmodee / Asterion Press / Gémklub / Hobby Japan / Korea Boardgames,N/A,Card Game / Exploration / Puzzle / Real-time,Cooperative Game / Scenario / Mission / Campaign Game / Storytelling,
1576,The Hunger,2021,"As a vampire, you want to hunt humans, but you must return home before sunrise...",6.404,7.00,4091,$22.99,2–6–,60,12+,2.34 / 5,Richard Garfield,Alexey Bogdanov / Marta Ivanova / Jocelyn 'Joc' Millet / Semyon Proskuryakov,Origames / Renegade Game Studios / Albi / Albi Polska / Banana Games / Cranio Creations / Delta Vision Publishing / Devir / Games7Days / Geronimo Games / Hobby World / Pegasus Spiele,N/A,Card Game / Horror,"Contracts / Deck, Bag, and Pool Building / End Game Bonuses / Increase Value of Unchosen Resources / Movement Points / Open Drafting / Push Your Luck / Set Collection / Track Movement / Turn Order: Stat-Based",
1577,Dungeon Twister,2004,Escape the dungeon or die trying in this head-to-head duel of wits.,6.404,6.80,6135,,2,60,11+,2.88 / 5,Christophe Boelinger,Thierry Masson / Wayne Reynolds,Pro Ludo / asmodee / Edge Entertainment / Nexus Editrice,N/A,Exploration / Fantasy / Fighting / Maze,Action Points / Card Play Conflict Resolution / Grid Movement / Hand Management / Map Deformation / Modular Board / Race / Secret Unit Deployment / Variable Player Powers,Reimplemented by: + 0more
1578,Unmatched: Slings and Arrows,2024,"The play's the thing, with Shakespeare and his creations fighting in the Globe.",6.404,8.38,1176,$39.95,2–4–,20–40–,9+,2.42 / 5,Noah Cohen / Rob Daviau / Jonathan Guberman / Jason Hager / Justin D. Jacobson / Brian Neff,Zoë van Dijk / Nastya Lehn,Restoration Games / CMON Global Limited / GaGa Games / Geekach LLC / HANALL M&C / IELLO / Mancalamaro / Ogry Games / Reflexshop / TCG Factory / White Goblin Games / YOKA Games,N/A,Card Game / Fantasy / Fighting,Action Points / Card Play Conflict Resolution / Hand Management / Line of Sight / Point to Point Movement / Team-Based Game / Variable Player Powers,Reimplements: Star Wars: Epic Duels
1579,Princes of the Renaissance,2003,Choose the most profitable side in a series of conflicts to further your own glory!,6.404,7.30,2410,$44.99,3–6–,180,12+,3.50 / 5,Martin Wallace,Michael Christopher / Peter Dennis / Richard Hanuschek,Mercury Games / Warfrog Games / Giochix.it / Heidelberger Spieleverlag,N/A,Economic / Negotiation / Renaissance,Area Majority / Influence / Auction / Bidding / Dice Rolling / Interrupts / Variable Player Powers,
1580,Agra,2017,Grow wealth and influence in India by leveraging the Emperor's birthday festivities.,6.403,7.26,2589,,2–4–,90–120–,12+,4.33 / 5,Michael Keller (II),Michael Menzel,Quined Games / Maldito Games / One Moment Games,N/A,Industry / Manufacturing,Area Majority / Influence / Trading / Worker Placement,
1581,CloudAge,2020,"Travel in airships above dried-up landscapes, visit cities, and battle Cloud militia.",6.403,7.18,2888,,1–4–,60–100–,10+,2.84 / 5,Alexander Pfister / Arno Steinwender,Christian Opperer,Nanox Games / Board Game Rookie / Capstone Games / dlp games / Hobby World / Maldito Games / Mandoo Games / Matagot / Surfin' Meeple China / 株式会社ケンビル (KenBill),N/A,Adventure / Aviation / Flight / Science Fiction,"Deck, Bag, and Pool Building / Grid Movement / Hand Management / Push Your Luck / Scenario / Mission / Campaign Game",
1582,Castell,2018,Train your Team to build the most impressive human towers in all of Catalonia.,6.403,7.37,2176,$53.95,2–4–,60–90–,12+,3.15 / 5,Aaron Vanderbeek,Ossi Hiekkala / Jeanne Torres,Banana Games / Renegade Game Studios / Schwerkraft-Verlag,N/A,Sports,Area Movement / Pattern Building / Set Collection,
1583,Yukon Airways,2019,Deliver passengers while managing your fuel and making improvements to your seaplane.,6.402,7.30,2438,,1–4–,60–90–,14+,2.77 / 5,Alan Leduc,Eric Hibbeler / David Prieto,Ludonova / Arclight Games / RollinGames / Stork Games / Tesla Games,N/A,Aviation / Flight / Card Game / Dice / Transportation,Action Drafting / Contracts / Hand Management / Open Drafting / Pick-up and Deliver / Point to Point Movement / Resource to Move / Solo / Solitaire Game / Turn Order: Claim Action / Variable Set-up / Victory Points as a Resource,
1584,Welcome To...: Collector's Edition,2023,"Design the most appealing 1950s neighborhood, with fences, parks, and swimming pools.",6.402,8.28,1152,,1–6–,25,10+,2.09 / 5,Alexis Allard / Benoit Turpin,Christine Alcouffe / Maud Chalmel / Vincent Dutrait / Ryan Goldsberry / Anne Heidsieck / Weberson Santiago / Beth Sobel,Blue Cocker Games / Jumping Turtle Games / Lifestyle Boardgames Ltd / Pegasus Spiele / SD Games,Alexis Allard / Benoit Turpin,City Building,Bingo / Contracts / Paper-and-Pencil / Pattern Building / Simultaneous Action Selection / Solo / Solitaire Game,Reimplements: Welcome To... / Welcome To...: Dry Erase Expansions / Welcome To...: Easter Egg Hunt & Doomsday Thematic Neighborhoods / Welcome To...: Halloween & Christmas Lights Thematic Neighborhoods / Welcome To...: Ice Cream Truck & Outbreak Thematic Neighborhoods / Welcome To...: Quack
1585,Last Light,2023,Alien factions gather light from a white dwarf star at the end of the universe.,6.402,7.33,2325,$44.99,2–4–,45–75–,14+,2.78 / 5,Roy Cannaday,Jose David Lanza Cebrian / Clark Miller / Christian Strain,Grey Fox Games / Mosaico Jogos,Joshua Lobkowicz,Civilization / Economic / Negotiation / Science Fiction / Space Exploration / Wargame,Action Retrieval / Area Majority / Influence / Dice Rolling / Grid Movement / Hand Management / King of the Hill / Map Deformation / Simultaneous Action Selection / Solo / Solitaire Game / Variable Phase Order / Variable Player Powers,
1586,Railroad Ink Challenge: Shining Yellow Edition,2021,Build a network of roads and rails in an arid landscape.,6.401,7.43,2060,,1–4–,15–30–,8+,2.00 / 5,Hjalmar Hach / Lorenzo Silva,Marta Tranquilli,Horrible Guild / Albi / Delta Vision Publishing / GaGa Games / Ghenos Games / HeidelBÄR Games / IELLO / White Goblin Games,N/A,Dice / Trains,Bingo / Connections / Dice Rolling / Line Drawing / Network and Route Building / Paper-and-Pencil / Simultaneous Action Selection / Solo / Solitaire Game,
1587,Axis & Allies: Europe 1940,2010,"WWII conflict in European Theater with plastic troops, tanks, planes, and ships.",6.400,7.57,2465,,2–6–,360,12+,3.49 / 5,"Larry Harris, Jr.",Blake Beasley / Ryan Sansaver,Avalon Hill / Game Harbor / Renegade Game Studios,Kevin T. Chapman / Mons Johnson,Economic / Wargame / World War II,Area Majority / Influence / Area Movement / Dice Rolling / Team-Based Game,Reimplements: Axis & Allies: Europe
1588,Dragon Eclipse,2025,Manage your cards and energy to brave your way through this fantastical realm.,6.399,8.35,1426,$156.75,1–2–,60–120–,12+,2.69 / 5,Andrzej Betkiewicz / Kamil 'Sanex' Cieśla / Wojciech Frelich,Bożena Chądzyńska / Lukasz Cywinski / Jakub Dzikowski / Patryk Jędraszek / Ewa Labak / Pamela Łuniewska / Mateusz Michalski / Piotr Orleański / Krzysztof Piasek / Marta Szudyga,Awaken Realms,Andrzej Betkiewicz / Wojciech Frelich / Adrian Krawczyk / Wiktoria Ślusarczyk / Jan Truchanowicz / Wojciech Zieliński,Adventure / Animals / Card Game / Fantasy / Fighting / Miniatures,Campaign / Battle Card Driven / Card Play Conflict Resolution / Cooperative Game / Deck Construction / Hand Management / Hexagon Grid / Narrative Choice / Paragraph / Scenario / Mission / Campaign Game / Solo / Solitaire Game,
1589,Super-Skill Pinball: 4-Cade,2020,Roll dice and ricochet around a diverse series of thematic pinball tables.,6.399,7.03,3463,$29.63,1–4–,30,12+,2.19 / 5,Geoff Engelstein,Gong Studios,WizKids (I) / Frosted Games / Geekach LLC / Pegasus Spiele,N/A,Dice,Bingo / Dice Rolling / Paper-and-Pencil / Roll / Spin and Move / Simulation / Solo / Solitaire Game,Reimplemented by: + 3more
1590,Manoeuvre,2008,Tactical napoleonic battles with chess-size 64 spaces game board.,6.398,7.28,2495,,2,60,12+,2.12 / 5,Jeff Horger,Jean Baptiste Édouard Detaille / Knut Grünitz / Rodger B. MacGowan,GMT Games,N/A,Napoleonic / Wargame,Campaign / Battle Card Driven / Dice Rolling / Grid Movement / Hand Management / Modular Board / Square Grid / Variable Player Powers,Reimplemented by: + 0more
1591,3 Ring Circus,2023,Hire artists and offer performances to become the most famous circus in the US.,6.398,7.16,2955,,1–4–,45–75–,12+,2.75 / 5,Remo Conzadori / Fabio Lopiano,Edu Valls,Devir / CrowD Games / IELLO / KOSMOS,N/A,N/A,Area Majority / Influence / End Game Bonuses / Hand Management / Movement Points / Point to Point Movement,
1592,Cartagena,2000,Groups of pirates race to reach their ship and escape from Cartegena.,6.398,6.68,8184,,2–5–,45,8+,1.60 / 5,Leo Colovini,Volkan Baga / Christoph Clasen / Didier Guiserix / Martin Hoffmann / Tomasz Larek / Nora Nowatzyk / Claus Stephan,Venice Connection / Corfix / Devir / Giochi Uniti / Hobby World / Identity Games International B.V. / Nordic Games ehf / Oya / Piatnik / Ravensburger AG / Rio Grande Games / Tilsit / White Goblin Games / Winning Moves Germany,N/A,Nautical / Pirates,Action Points / Catch the Leader / Hand Management / Modular Board / Race / Resource to Move / Track Movement,Reimplemented by: + 2more
1593,Hacienda,2005,"Become the savviest rancher, linking land & herds together before the deck runs out!",6.397,6.91,4276,,2–5–,60–90–,10+,2.63 / 5,Wolfgang Kramer,Michael Menzel,Hans im Glück / 999 Games / Rio Grande Games,N/A,Animals / Economic / Farming / Territory Building,Enclosure / Hexagon Grid / Network and Route Building / Open Drafting / Tile Placement,Reimplemented by: + 0more
1594,Starship Captains,2022,Take command of your crew to become the best starship captain in the galaxy.,6.396,7.12,3078,$136.99,1–4–,25–100–,12+,2.36 / 5,Peter B. Hoffgaard,Roman Bednář / Mergen Erdenebayar / Alena Kubíková / Jiří Kůs / Jiří Mikovec / Radim Pech / Jakub Politzer / František Sedláček,Czech Games Edition (CGE) / Cranio Creations / Devir / DiceTree Games / GaGa Games / HeidelBÄR Games / Hobby Japan / IELLO / Lord of Boards / MINDOK / Rebel Sp. z o.o. / White Goblin Games,Tomáš Uhlíř,Science Fiction / Space Exploration,"End Game Bonuses / Open Drafting / Solo / Solitaire Game / Turn Order: Progressive / Variable Set-up / Worker Placement, Different Worker Types",
1595,Trekking the World,2020,A light strategy game about the pleasures and wonders of world travel.,6.396,7.03,3584,$19.99,2–5–,30–60–,10+,1.89 / 5,Charlie Bink,Csaba Bernáth / Charlie Bink / Cold Castle Studios / Marta Danecka / Sebastian Koziner / Aleksey Shirokikh / Alexey Shirokikh,Underdog Games (I) / Game Factory,Kristi B. / Nick Bentley / John Brieger / Eric Slauson / Velgus,Educational / Environmental / Travel,Contracts / Hand Management / Multi-Use Cards / Open Drafting / Point to Point Movement / Set Collection,Reimplemented by: + 0more
1596,Folklore: The Affliction,2017,Scenario driven co-op adventure in a world of gothic horror.,6.396,7.62,2297,$64.99,1–5–,90–120–,14+,3.70 / 5,Nick Blain / Will Donovan,Jason Engle / Stephen Gibson / Henning Ludvigsen,"Greenbrier Games / Twin Fire Productions, LLC",N/A,Adventure / Exploration / Fantasy / Horror / Miniatures,Action Points / Cooperative Game / Dice Rolling / Events / Grid Movement / Modular Board / Narrative Choice / Paragraph / Role Playing / Scenario / Mission / Campaign Game / Solo / Solitaire Game / Storytelling / Variable Player Powers,
1597,One Deck Dungeon: Forest of Shadows,2017,The dice-chucking dungeon delver gets poison.,6.396,7.08,3543,$24.14,1–2–,30–45–,14+,2.33 / 5,Chris Cieslik,Alanna Cervenak / Will Pitzer / Vicki Sarkissian,Asmadi Games / Banana Games / Czacha Games / MS Edizioni / Nuts! Publishing / Schwerkraft-Verlag / TOY games,N/A,Adventure / Card Game / Dice / Fantasy,"Cooperative Game / Deck, Bag, and Pool Building / Dice Rolling / Melding and Splaying / Move Through Deck / Scenario / Mission / Campaign Game / Solo / Solitaire Game / Stat Check Resolution / Variable Player Powers",
1598,TEN,2021,An exciting push-your-luck and auction game for the whole family!,6.396,7.00,3710,$22.99,1–5–,15–30–,10+,1.44 / 5,Molly Johnson / Robert Melvin / Shawn Stankewich,Shawn Stankewich,Alderac Entertainment Group / Flatout Games / Devir / Game Factory / Korokorodou / Lucky Duck Games / Popcorn Games / Trefl / White Goblin Games,John Goodenough / Molly Johnson / Robert Melvin / Shawn Stankewich,Card Game,Auction / Bidding / Auction: Once Around / Push Your Luck / Set Collection,
1599,Peloponnes,2009,"In ancient Greece, build up your population and power. Beware the disasters!",6.395,7.09,3007,,1–5–,45,10+,2.37 / 5,Bernd Eisenstein,Matthias Catrein,Irongames / Jactalea,N/A,Ancient / City Building / Civilization,Auction / Bidding / Solo / Solitaire Game / Tile Placement / Variable Player Powers,Reimplemented by: + 0more
1600,La Cosa Nostra,2014,"Mafiosos compete to turn the greatest profit, but watch out for rival gangs!",6.395,7.54,2049,,3–5–,90,16+,2.58 / 5,Johannes Sich,Johannes Sich,Baldar / Choo Choo Games / Edge Entertainment / Hard Boiled Games / Niza Gams / Quined Games,N/A,Bluffing / Card Game / Mafia / Negotiation,Dice Rolling / Hand Management / Take That / Team-Based Game,
8101,Walls of York,2018,"The king wants you to erect walls around York buildings, but beware of barbarians.",5.631,6.13,643,$21.02,2–4–,30,10+,1.79 / 5,"Emiliano ""Wentu"" Venturini",Sabrina Miramon,Cranio Creations / CMON Global Limited / Gigamic,Simone Luciani,City Building / Medieval / Puzzle,Dice Rolling / Enclosure / Modular Board,
8102,Monopoly Gamer: Mario Kart,2018,"Race around iconic Mario Kart tracks, collect properties, and win Grand Prixes!",5.631,6.21,815,$63.97,2–4–,45–60–,8+,1.38 / 5,Joe Bradford,N/A,Hasbro,N/A,Economic / Video Game Theme,Roll / Spin and Move / Set Collection / Stock Holding / Take That / Variable Player Powers,Reimplements: Monopoly Gamer
8103,"Empires in America: The French and Indian War, 1754-1763 (Second Edition)",2016,Solitaire simulation of the French and British conflict in the mid-18th century.,5.631,7.53,191,,1,50,13+,2.86 / 5,Joseph Miranda,Tim Allen / Alan Emrich,Victory Point Games,N/A,Age of Reason / American Indian Wars / Wargame,Action Points / Campaign / Battle Card Driven / Dice Rolling / Point to Point Movement / Solo / Solitaire Game,Reimplements: Empires in America: The French and Indian War
8104,Devil May Cry: The Bloody Palace,2021,Devil hunters stylishly fight floors of The Blood Palace.,5.631,7.67,220,,1–4–,60–90–,14+,2.56 / 5,James M. Hewitt / Sophie Williams,Thomas Lishman,Steamforged Games Ltd.,Jamie Perkins,Video Game Theme,Pattern Building / Push Your Luck,
8105,"Barbarossa: Crimea, 1941-42",2010,Von Manstein in the Crimea - naval here matters in this Eastern front game.,5.631,7.89,162,,2,240,,4.20 / 5,Ed Rains / Vance von Borries,Todd Davis / Rodger B. MacGowan / Mark Simonitch,GMT Games,N/A,Wargame / World War II,Dice Rolling / Hexagon Grid,
8106,Splash!,2014,,5.631,6.28,509,,2–8–,10–20–,6+,1.00 / 5,Wilfried Fort / Marie Fort,Natalia Zelenina,"999 Games / Atalia / Brain Games / DV Games / Egmont Polska / Game Factory / Hobby Japan / Kaissa Chess & Games / Lifestyle Boardgames Ltd / Mercurio / PopcornEdu / Rexhry / Spin Master Ltd. / Swan Panasia Co., Ltd.",N/A,Action / Dexterity / Children's Game / Party Game,Pattern Building,
8107,Suzume-Jong,2018,,5.631,6.97,253,,2–5–,30,6+,1.67 / 5,Koji Malta / Takahiro Shinozaki (篠崎　高広),Takashi Haruyama,Sugorokuya / Clockwise / Mandoo Games / Party Ideas / SHINOJO,N/A,Abstract Strategy / Number,Set Collection,Reimplements: All Green
8108,Jass,1796,A Dutch and Swiss traditional trick-taker with many variants.,5.631,7.08,218,,3–4–,45,8+,2.73 / 5,(Uncredited),(Uncredited),(Public Domain) / AG Müller (AGMüller) / Dal Negro / Editoy / Piatnik / Schweizer Jass,N/A,Card Game,Trick-taking,
8109,Schichtwechsel: Die Förderung liegt in deiner Hand,2021,"Continuing line of coal-producing games by Thomas Spitzer, now in 1950s Germany.",5.630,7.19,201,,2–4–,60–90–,12+,3.25 / 5,Thomas Spitzer,Christoph Clasen,Spielefaible,N/A,Economic / Industry / Manufacturing,"Worker Placement / Worker Placement, Different Worker Types",
8110,Soulgivers,2022,"Capture the Fragment, absorb the Souls and save your universe from the Decay.",5.630,8.14,172,,2–4–,30–60–,14+,3.08 / 5,Luca Cervini,Luca Cervini,GravityGames,N/A,Abstract Strategy / Collectible Components / Fantasy / Miniatures / Science Fiction / Wargame,Action Points / Grid Movement / Modular Board / Square Grid / Take That / Variable Player Powers,
8111,Gold!,2011,,5.630,6.35,471,,2–3–,20,8+,1.50 / 5,Michael Schacht,Design/Main,ABACUSSPIELE / Hobby World,N/A,Card Game,Hand Management / Set Collection,Reimplemented by: + 0more
8112,Clue: 50th Anniversary Edition,1999,The game of Clue celebrates its 50th anniversary.,5.630,6.34,545,,3–6–,60,8+,1.63 / 5,Anthony E. Pratt,Drew Struzan,Hasbro / Parker Brothers,N/A,Deduction / Murder / Mystery,Roll / Spin and Move,Reimplements: Clue
8113,Kittin,2020,Stack polyomino-shaped cats as quick as you can!,5.630,6.21,616,$17.94,2–8–,3–15–,6+,1.00 / 5,Caezar Al-Jassar / Simon Milburn,Daniela Magalhães,Alley Cat Games / The Game Builders / Maldito Games,N/A,Action / Dexterity / Animals / Real-time,Pattern Building / Real-Time / Stacking and Balancing,Reimplemented by: + 0more
8114,Winter War: The Russo-Finnish Conflict,1972,Operational level game of the Winter War withFinnish ski troops in the game even!,5.630,7.15,225,,2,90,12+,2.33 / 5,James F. Goff,Redmond Aksel Simonsen,"SPI (Simulations Publications, Inc.)",N/A,Wargame / World War II,Dice Rolling / Hexagon Grid / Simulation,Reimplemented by: + 0more
8115,Catan: Family Edition,2012,,5.630,6.57,483,$69.99,3–4–,60–90–,10+,2.25 / 5,Klaus Teuber,Oliver Freudenreich / Patricia Raubo,Catan Studio / FunFair / Mayfair Games,N/A,Negotiation,Dice Rolling / Hand Management / Modular Board / Network and Route Building / Trading,Reimplements: Catan
8116,Panzer North Africa,2024,Tactical tank slug-fest in World War II North Africa.,5.630,8.63,147,$99.99,1–3–,60–180–,14+,3.90 / 5,James M. Day / Fernando Sola Ramos,James M. Day,GMT Games,N/A,Wargame / World War II,Hexagon Grid / Scenario / Mission / Campaign Game / Solo / Solitaire Game,"Reimplements: 88: A Tactical Game of Armored Combat on the North African Front, 1940-1942"
8117,Napoleon's War:  The 100 Days,2010,,5.630,7.16,212,,2,60,8+,2.30 / 5,Mike Wylie / Grant Wylie,Sean Cooke,Worthington Games,N/A,Napoleonic / Wargame,Action Points / Dice Rolling / Hexagon Grid / Simulation,
8118,Monster Fluxx,2013,Play cards and alter the rules in this ever changing horror themed card game!,5.630,6.20,647,,2–6–,5–20–,8+,1.17 / 5,Andrew Looney,Derek Ring,Looney Labs,N/A,Card Game,Hand Management / Set Collection,Reimplements: Fluxx
8119,Forbidden Bridge,1992,Race for treasure across a shaking bridge—but beware the idol’s wrath!,5.630,6.32,560,,2–4–,10,7+,1.35 / 5,John Wallis (II),Drew Struzan,Hasbro / MB Jeux / MB Juegos / MB Spellen / MB Spiele / Milton Bradley,N/A,Action / Dexterity / Adventure / Children's Game / Exploration / Fantasy,Roll / Spin and Move,
8120,Unrest,2023,The Rebellion and the Empire go head-to-head in the revolution.,5.630,6.52,365,,2,10–20–,10+,2.00 / 5,Brendan Hansen,Jor Ros,Pandasaurus Games / Devir / GaGa Games / Muduko,Alex Cutler,Card Game,Set Collection,
8121,Squad Seven,2002,Multiplayer real-time action brought to life with a plastic dart gun and CD of sounds,5.630,6.41,408,,2–4–,20,12+,1.32 / 5,Roberto Fraga,François Bruel,"Jumbo / Alga / Diset S. A. / Editrice Giochi / FoxMind / Mattel, Inc. / TF1 Games",N/A,Action / Dexterity / Adventure / Card Game / Real-time,Hand Management,Reimplemented by: + 0more
8122,Element: Silver,2019,"Manipulate metal, lightning and wood to pummel opponents to their doom.",5.630,7.47,188,,2–4–,30–60–,14+,2.14 / 5,Mike Richie,Grant Wilson,Rather Dashing Games / Gameland 游戏大陆,N/A,Abstract Strategy,Area Majority / Influence / Enclosure / Grid Movement / Square Grid / Tile Placement,Reimplements: Element
8123,Pandemain: Traditional Farmers' Bread,2021,,5.630,7.34,203,,1–4–,60–120–,12+,3.58 / 5,Javier Fuentes / Rafael Oliva,DanielRGB,Amphora Games,N/A,Farming / Industry / Manufacturing / Medieval,Set Collection / Simulation / Worker Placement,
8124,Quoridor Pac-Man,2024,Embark on a new Quoridor adventure with this exclusive edition!,5.630,6.40,481,$37.99,2–5–,15,8+,1.50 / 5,Mirko Marchesi,N/A,Gigamic / Broadway Toys LTD / Ghenos Games / Hachette Boardgames USA / Korea Boardgames / Lanlalen / Lifestyle Boardgames Ltd,N/A,Abstract Strategy / Maze / Video Game Theme,Connections / Grid Movement / Square Grid,Reimplements: Quoridor
8125,Aztlán,2012,"Deception, combat, and coexistence. Will you be the worthy tribe?",5.630,6.31,506,$24.99,2–4–,60,13+,2.39 / 5,Leo Colovini,Drew Baker / Peter Gifford / Matteo Macchi,Ares Games / Heidelberger Spieleverlag / Red Glove,N/A,Ancient / Civilization / Fighting,Area Majority / Influence / Area Movement / Simultaneous Action Selection,
8126,Unlock!: Enchanted Adventures,2025,Dive into three enchanting escape room-inspired scenarios.,5.630,6.98,224,$60.90,1–6–,60,10+,2.00 / 5,N/A,N/A,Space Cowboys,N/A,Card Game / Puzzle,Cooperative Game / Storytelling,
8127,Lost Lumina,2024,Thrive to defend the world of Amanaar in a battle over the lost lights.,5.630,6.67,315,$29.70,2,15–25–,10+,1.80 / 5,Julius Hsu,Folko Streese,Board Game Circus / Alis Games / Dranda Games,Daniel Theuerkaufer / Martin Zeeb,Animals / Fantasy / Fighting,Area Majority / Influence / Closed Drafting / Dice Rolling / Hand Management / Open Drafting,Reimplements: Cube War
8128,Don Quixote,2010,Tilt at windmills like the man of la Mancha in this competitive puzzle.,5.630,6.13,668,,1–4–,20,8+,1.63 / 5,Reinhard Staupe,Oliver Freudenreich,Pegasus Spiele,N/A,Medieval / Novel-based,Bingo / Hand Management / Tile Placement,
8129,Silberzwerg,2000,,5.630,6.41,428,,2–4–,60,10+,2.51 / 5,Gerd Deininger / Andreas Michaelis,Franz Vohwinkel,Queen Games,N/A,Economic,Set Collection / Simultaneous Action Selection,
8130,Neodreams,2024,Create and provide Dreams to customers through unique worker placement.,5.630,7.02,248,,2–4–,30–60–,12+,2.60 / 5,Ivan Lashin,Nick Gerts / Evgeny Zubkov,Open Borders Studio / Hobby World / 数寄ゲームズ (Suki Games),Andrey Kolupaev / Ivan Tuzovsky,Science Fiction,"Deck, Bag, and Pool Building / Open Drafting / Worker Placement",
8131,Black Hole Buccaneers,2023,"Collect valuable items and use their effects, but beware the pull of the black hole.",5.630,6.63,323,$8.40,3–6–,30–45–,10+,2.07 / 5,Peter Langkjær Møller,Bartłomiej Kordowski,Pegasus Spiele,N/A,Card Game / Science Fiction,Closed Drafting / Hand Management / Set Collection / Simultaneous Action Selection,
8132,Leningrad,1979,Classic hex and counter wargame about German operations to capture Leningrad.,5.630,6.73,302,,2,90,12+,1.92 / 5,Dick Rustin,Chris Dickson / Rodger B. MacGowan / Lise Patterson / Redmond Aksel Simonsen / Alan Wykes,"Decision Games (I) / Hobby Japan / SPI (Simulations Publications, Inc.)",N/A,Wargame / World War II,Dice Rolling / Grid Movement / Hexagon Grid / Ratio / Combat Results Table / Simulation / Zone of Control,
8133,Plague & Pestilence,1993,Gotcha game - 14th Century Europe and outbreak of the Plague!,5.630,6.22,723,,2–6–,15–45–,,1.38 / 5,Tray Green / Dawn Payn,Paul Dale,Chessex / Hillary's Toy Box,N/A,Card Game / Medieval,Dice Rolling / Open Drafting / Take That,Reimplemented by: + 0more
8134,Cappuccino,2013,For coffee lovers & thinkers. Move your cup onto not higher stack to be the highest.,5.630,6.18,573,,2–4–,10–20–,8+,1.24 / 5,Charles Chevallier,N/A,Matagot / asmodee / Egmont Polska / Pegasus Spiele,N/A,Abstract Strategy,Enclosure / Grid Movement / Modular Board,
8135,The Cursed Castle,2024,Cleanse the Cursed Castle from evil in this dice rolling adventure!,5.630,7.42,179,,1,25–45–,,2.20 / 5,Vesselin Alexiev,N/A,Best With 1 Games,Gabe Barrett / GameWeaver Games,Card Game / Dice / Fantasy / Horror,Dice Rolling / Solo / Solitaire Game,Reimplements: Cursed Castle
8136,Aristocracy,2019,Flip randomized tiles to build connections and claim areas for points.,5.630,6.67,281,$16.95,2–4–,45,14+,2.00 / 5,Reiner Knizia,Robert Gonzales / Andy Jewett,Tasty Minstrel Games,N/A,Fantasy,Area Majority / Influence / Set Collection,
8137,Cubed: Next Level Dominoes,2023,"Match colours, and heights to beat your opponents in this modern take on dominoes.",5.630,6.90,262,,1–11–,20–120–,5+,1.60 / 5,N/A,Jordan Marton,Friendly Rabbit Inc,Jordan Marton,Abstract Strategy,Hexagon Grid / Matching / Solo / Solitaire Game,
8138,La Bataille de Lützen,1999,Simulate the first major clash of Napoleons 1813 campaign.,5.630,7.80,169,,1–3–,240,12+,3.90 / 5,Monte Mattson / Ed Wimble,Terry Leeds,Clash of Arms Games,N/A,Napoleonic / Wargame,Hexagon Grid,
8139,Barbarian Kingdoms,2024,"As the ruler of a nascent kingdom, you compete for hegemony over Western Europe.",5.629,7.87,187,,2–6–,30–90–,14+,2.38 / 5,Christophe Lebrun,Aurélie Lebrun du Puytison / Nasos Maloudis / Sergey Shikin,Jester,N/A,Ancient / Civilization / Economic / Mature / Adult / Medieval / Territory Building / Wargame,Area Majority / Influence / Area Movement / Betting and Bluffing / Force Commitment / Take That / Variable Player Powers / Variable Set-up / Zone of Control,
8140,Throw Throw Avocado,2021,A dodgeball card game. Collect cards. Play cards. Throw Avocados at your friends.,5.629,6.28,577,$15.84,2–6–,15,7+,1.00 / 5,Matthew Inman / Elan Lee / Brian S. Spence,Matthew Inman / Elan Lee,Exploding Kittens,Ian Clayman,Action / Dexterity / Card Game / Children's Game / Party Game,Matching / Real-Time / Set Collection / Simultaneous Action Selection / Take That,
8141,Berried Treasure,2021,Grab the goodies or get left with the crumbs.,5.629,6.47,352,,2–5–,20,7+,1.17 / 5,Noah Cohen / Rob Daviau / Justin D. Jacobson / Brian Neff / Sid Sackson,Heather Vaughan,Restoration Games / Eagle-Gryphon Games,N/A,Card Game,Open Drafting / Take That,Reimplements: Buried Treasure
8142,Animal Upon Animal: Small and Yet Great!,2011,Get rid of your animals the quickest by building a tower out of them.,5.629,6.25,497,$12.99,2,15,5+,1.00 / 5,Klaus Miltenberger,Michael Bayer,"HABA / Swan Panasia Co., Ltd.",N/A,Action / Dexterity / Animals / Children's Game,Dice Rolling / Stacking and Balancing,Reimplements: Animal Upon Animal
8143,Siggil,2015,"Manage your hand, untie the Siggil and capture the most escaping spirits!",5.629,6.18,670,,1–4–,20,8+,1.38 / 5,Henri Kermarrec,Maud Chalmel,Capsicum Games / GaGa Games,N/A,Card Game / Mythology,Hand Management / Set Collection,
8144,Kanzume Goddess,2012,,5.629,6.54,409,,2–6–,45,10+,2.30 / 5,Zhu Rong,Cherry / Wang Junjian,Bianfeng Games / Japanime Games,N/A,Card Game / Mythology,"Deck, Bag, and Pool Building / Hand Management / Player Elimination / Take That / Variable Player Powers",Reimplemented by: + 4more
8145,Gorkamorka,1997,,5.629,6.57,386,,2–4–,120,12+,2.79 / 5,Andy Chambers / Rick Priestley / Gavin Thorpe,John Blanche / Wayne England / Des Hanley / Neil Hodgson / Paul Smith (I) / John Wigley,Games Workshop Ltd.,N/A,Fantasy / Humor / Miniatures / Wargame,Dice Rolling,Reimplemented by: + 0more
8146,Crossboule,2008,,5.629,7.08,208,,1–6–,45,6+,1.12 / 5,Mark Calin Caliman,Mark Calin Caliman / Eva Paster,(Self-Published) / Zoch Verlag,N/A,Action / Dexterity,Area Majority / Influence,
8147,白と黒でトリテ (Trick-Taking in Black and White),2021,Can you win the same number of tricks in both black and white?,5.629,6.80,255,,2–4–,20–30–,8+,1.20 / 5,Tsutomu Dejima (出嶋 勉),Tsutomu Dejima (出嶋 勉) / Fiore GmbH,Decoct Design / AMIGO,N/A,Animals / Card Game,Trick-taking,Reimplemented by: + 0more
8148,Italia,2006,„Britannia“-type Game where Rome and its many enemies fight for Italy.,5.629,6.67,331,,3–4–,240,10+,3.18 / 5,Andreas Steding,Craig Grando,Phalanx Games B.V.,N/A,Ancient / Medieval / Wargame,Area Movement / Dice Rolling / Simulation / Variable Player Powers,
8149,Ooga Booga,2011,,5.629,5.97,1086,,3–6–,10,7+,1.02 / 5,David Boniffacy / Daniel Quodbach,David Boniffacy,Blue Orange Games / Buró / Cocktail Games / Filosofia Éditions / Hutter Trade GmbH + Co KG / Rebel Sp. z o.o. / Reflexshop,N/A,Card Game / Humor / Memory / Party Game / Prehistoric,Acting / Memory,
8150,Adventure Time Card Wars: Finn vs. Jake,2014,"This is the most Epic card game ever found in the Land of Ooo, or anywhere.",5.629,6.12,1256,$49.95,2,30,10+,1.72 / 5,Matt Hyra / Cory Jones,N/A,Cryptozoic Entertainment / Edge Entertainment / Grow Jogos e Brinquedos / Hobby World,Richelle Brady,Card Game / Humor / Movies / TV / Radio theme,Hand Management,
8151,Bowl Bound,1978,Statistics based simulation of college football.,5.629,7.07,248,,1–4–,90–120–,12+,1.88 / 5,David S. Neft / Dr. Thomas Nicely,N/A,The Avalon Hill Game Co / Sports Illustrated,N/A,Dice / Sports,Dice Rolling / Simulation,Reimplements: Paydirt / A Sports Illustrated Game: College Football
8152,"Manila: The Savage Streets, 1945",2024,Solitaire area movement game on the Battle of Manila.,5.629,7.89,161,$68.29,1,120–240–,14+,1.85 / 5,Michael Rinella,James Dietz / Charles Kibler,Revolution Games (II) / Take Aim Designs,Roger Miller,Wargame / World War II,Area Movement / Dice Rolling / Simulation / Solo / Solitaire Game,
8153,Saigon 75,2023,,5.629,7.37,194,,1–2–,60–120–,10+,2.07 / 5,Jean-Philippe Barcus / Pascal Toupy,Tania Sanchez-Fortun / Christophe Sancy,Nuts! Publishing / Draco Ideas,N/A,Civil War / Modern Warfare / Vietnam War / Wargame,Action Points / Area Majority / Influence / Area Movement / Dice Rolling / Events / Hand Management / Simulation / Solo / Solitaire Game / Variable Set-up,
8154,Tumblin-Dice Jr.,2006,,5.629,6.73,265,,2,5,6+,1.00 / 5,Randy Nash,N/A,Nash Games,N/A,Action / Dexterity / Children's Game / Dice,Dice Rolling,Reimplements: Tumblin' Dice
8155,Storytailors,2020,Select the most popular animals to play roles in a book of fairy tales.,5.629,6.64,326,$40.00,2–6–,20–30–,5+,1.10 / 5,Marie Fort / Wilfried Fort,Irina Pechenkina / Eugene Smolenceva,Lifestyle Boardgames Ltd / ADC Blackfire Entertainment / APE Games / Blackrock Games / CMON Global Limited / Galápagos Jogos / Gémklub / Mercurio / Popcorn Games / Raven Distribution / Rebel Sp. z o.o. / Red Cat Games / Sugorokuya,N/A,Animals / Children's Game,Storytelling,
8156,Sheepshead,1830,A fast-playing Wisconsin tradition featuring trick-taking and hidden partnerships.,5.629,7.64,153,,3–7–,30,12+,2.71 / 5,(Uncredited),(Uncredited),(Public Domain),N/A,Card Game,Deduction / Hand Management / Hidden Roles / Team-Based Game / Trick-taking,
8157,Tracks: Siren Bay,2022,"A coop game of investigation based on the sounds. Listen, Track and find.",5.629,6.66,311,,1–6–,25–45–,12+,1.18 / 5,Juan Rodriguez / Christian Rubiella,Pierô,KYF Edition / Hobby World / Magellan / Muduko,N/A,Deduction / Murder / Mystery,Cooperative Game / Deduction / Investment,
8158,Lock 'n Load Tactical: Heroes of the Pacific,2015,,5.629,8.18,140,,2,120–240–,12+,3.82 / 5,David Heath / Jeff Lewis,Blackwell Hird / David Julien / Marc von Martial,"Lock 'n Load Publishing, LLC.",N/A,Wargame / World War II,Dice Rolling / Hexagon Grid / Line of Sight,
8159,The Wizard of Oz Adventure Book Game,2022,Cooperate to solve progressive challenges in a six-chapter Oz adventure!,5.629,6.73,287,$32.65,1–4–,90–120–,10+,2.36 / 5,Ryan Miller,George Caltsoudas / Tom Moore,Ravensburger AG,N/A,Miniatures / Movies / TV / Radio theme,Cooperative Game / Scenario / Mission / Campaign Game / Solo / Solitaire Game,
8160,Broadsides & Boarding Parties,1982,"Aye, mateys! Face-off against a friend in a duel between huge plastic sailing ships.",5.629,6.24,619,,2,60,10+,1.82 / 5,"Larry Harris, Jr.",N/A,Citadel's Game Series (CGS) / Milton Bradley,N/A,Nautical / Pirates / Wargame,Action Queue / Dice Rolling / Grid Movement / Hand Management / Point to Point Movement / Square Grid,
8161,Mini-Mutabo,2019,,5.629,7.64,147,,3–6–,25–45–,10+,1.25 / 5,Kathi Kappler / Johann Rüttinger,Kathi Kappler / Johann Rüttinger / Rolf Vogt,Drei Hasen in der Abendsonne,N/A,Humor / Party Game / Print & Play,Cooperative Game / Paper-and-Pencil / Real-Time / Storytelling,
8162,Old Town,2000,,5.629,6.39,403,,1–4–,45,10+,2.26 / 5,Stephan Riedel,Christian Opperer / Stephan Riedel,Clicker Spiele,N/A,American West / Deduction,Hand Management / Tile Placement,Reimplemented by: + 0more
8163,Yucatan,2023,Make your city the glorious and eternal sanctuary of the mighty Mayan gods.,5.629,6.58,430,$60.00,2–4–,90,14+,3.09 / 5,Guillaume Montiage,Karl Fitzgerald,Matagot / Delta Vision Publishing / Grimspire / Lord of Boards / Niza Gams / Studio Supernova,N/A,Ancient / Fighting / Mythology,Action Points / Area Majority / Influence / Area Movement,
8164,Napoleon's Battles,1989,,5.629,6.76,308,,2–10–,360,12+,3.43 / 5,Robert Coggins / S. Craig Taylor,N/A,The Avalon Hill Game Co,N/A,Miniatures / Napoleonic / Wargame,Dice Rolling / Line of Sight / Simulation,Reimplemented by: + 0more
8165,Europe in Turmoil II: The Interbellum Years 1920-1939,2024,"Two factions vie for control of Europe in the Interbellum, using the TS play system.",5.629,8.07,128,$64.91,2,180–240–,,3.08 / 5,Kris Van Beurden,Bill Morgal,Compass Games,N/A,Political / Wargame,Area Majority / Influence / Campaign / Battle Card Driven / Dice Rolling / Hand Management / Simulation,
8166,Federation & Empire,1986,Advanced strategic warfare in the Star Trek/Star Fleet Battles universe.,5.629,6.46,439,$129.95,2–8–,300–3000–,12+,4.36 / 5,Stephen V. Cole,"William H. Keith, Jr. / David Martin (II)","Amarillo Design Bureau, Inc. / Task Force Games",N/A,Science Fiction / Wargame,Dice Rolling / Grid Movement / Hexagon Grid / Movement Points / Simulation / Variable Set-up,Reimplements: Federation Space
8167,Number Drop,2021,Retrogaming-inspired theme with a clean graphic style.,5.629,6.14,608,$14.98,1–6–,20,10+,1.53 / 5,Florian Sirieix / Benoit Turpin,N/A,Alderac Entertainment Group / Débâcle Jeux,N/A,Dice / Math / Video Game Theme,Dice Rolling / Paper-and-Pencil / Simultaneous Action Selection / Solo / Solitaire Game,
8168,Blossoms,2018,"Push your luck in the world of flower growing, but make sure there's a pot to use!",5.629,6.00,967,,2,20,8+,1.19 / 5,Przemysław Fornal / Kajetan Kusina / Mateusz Pitulski / Kamil Rogowski,Bartłomiej Kordowski,ADC Blackfire Entertainment / Rebel Sp. z o.o. / Rebel Studio,N/A,Card Game / Farming,Push Your Luck / Set Collection,
8169,Fafnir,2019,Ever wanted to blind bid on gems that a magical chicken lays?,5.629,6.28,497,,2–4–,20,9+,1.64 / 5,Jun Sasaki,Jun Sasaki,Oink Games,N/A,N/A,Auction / Bidding,
8170,Kansas Pacific,2009,,5.629,6.60,292,,3–6–,100,14+,2.67 / 5,John Bohrer,Harald Lieske,Winsome Games / Queen Games,N/A,Economic / Trains,Auction / Bidding / Network and Route Building / Stock Holding,
8171,In their Quiet Fields II,1995,,5.629,7.27,210,,2,240,12+,3.18 / 5,Dean Essig,N/A,The Gamers,N/A,American Civil War / Wargame,Hexagon Grid,Reimplements: In their Quiet fields
8172,Dragons,2018,,5.629,6.34,472,,3–6–,30,8+,1.36 / 5,Bruno Faidutti,David Cochard,Board Game Box / Matagot / Buró / Tranjis Games,N/A,Card Game / Fantasy,Open Drafting / Push Your Luck / Set Collection,
8173,18SJ: Railways in the Frozen North,2021,"18xx in the frozen north, toward nationalization, personal bankruptcy and victory.",5.629,7.39,167,,2–6–,120–300–,14+,4.09 / 5,Örjan Wennman,Christopher Stenseth,(Self-Published) / All-Aboard Games,N/A,Economic / Trains / Transportation,Connections / Market / Network and Route Building / Stock Holding / Tile Placement,
8174,Carcassonne für 2,2017,,5.629,7.08,224,,2,25,7+,1.71 / 5,Klaus-Jürgen Wrede,Anne Pätzke / Chris Quilliams,Hans im Glück,N/A,Medieval / Territory Building,Area Majority / Influence / Tile Placement,Reimplements: Carcassonne
8175,Air & Armor,1986,Command land and air units in a hypothetical Warsaw Pact invasion of West Germany.,5.628,7.71,167,,2,120,12+,3.66 / 5,Bruce S. Maxwell,Stephen Crane / Richard A. Johnson / Kevin Wilkins,West End Games,N/A,Modern Warfare / Wargame,Action Points / Dice Rolling / Grid Movement / Hexagon Grid / Simulation,Reimplemented by: + 0more
8176,Chemical Overload,2025,"A deck-building, tableau-building, potion-creating adventure.",5.628,6.81,316,,1–4–,45–75–,13+,2.40 / 5,Michael Crandall / Katie Crandall,James Churchill / Viktoriya Fajardo / Maxim Khodyrev,Rebirth Games,N/A,Card Game / Fantasy,"Action Points / Deck, Bag, and Pool Building / Income / Multi-Use Cards / Open Drafting / Set Collection",
8177,Penny Lane,2019,Build your city lane by placing pennies to score the most points.,5.628,6.57,334,,2–5–,30,14+,1.63 / 5,Justin Blaske / Mel Primus,Denis Martynets,Sparkworks,Brenna Noonan,City Building,Worker Placement,
8178,Berlin '85: The Enemy at the Gates,1980,Operational-level simulation of the Warsaw Pact's attempt to seize Berlin in WWIII.,5.628,6.86,292,,2,180,12+,2.78 / 5,Jim Dunnigan,Redmond Aksel Simonsen,"SPI (Simulations Publications, Inc.)",N/A,Modern Warfare / Wargame,Dice Rolling / Grid Movement / Hexagon Grid / Simulation,
8179,The Treasure of Isla Tortuga,2016,,5.628,6.90,277,,2–5–,15–20–,10+,1.50 / 5,Leandro Félix,Juan M. López,DMZ Games,N/A,Card Game / Party Game / Pirates,Push Your Luck,
8180,The Sanctuary: Endangered Species,2017,,5.628,6.66,302,,2–4–,30–60–,10+,3.21 / 5,Przemek Wojtkowiak,Patrycja Ignaczak,Cube Factory of Ideas,N/A,Animals / Environmental,Line of Sight / Worker Placement,
8181,LIE,2015,Be the last person standing in this bluffing game.,5.628,6.23,541,$6.95,2–6–,20,12+,1.36 / 5,Chris Handy (I),N/A,Perplext / Lucrum Games / One Moment Games / Oya,N/A,Bluffing / Card Game / Dice,Auction / Bidding / Hand Management / Open Drafting / Player Elimination,
8182,Ultra Tiny Epic Kingdoms,2016,A tiny kingdom with big ambition. Expand your population throughout the realm!,5.628,6.57,368,$17.32,1–5–,30–45–,13+,2.14 / 5,Scott Almes,Scott Almes / William Bricker,Gamelyn Games,N/A,Bluffing / Civilization / Fantasy / Fighting / Medieval / Print & Play,Action Points / Area Majority / Influence / Area Movement / Auction / Bidding / Solo / Solitaire Game / Take That / Variable Phase Order / Variable Player Powers / Worker Placement,Reimplements: Tiny Epic Kingdoms
8183,Indiana Jones: Sands of Adventure,2023,"Race against the sand in suspenseful, cooperative gameplay!",5.628,6.69,303,,2–4–,45,8+,2.00 / 5,Prospero Hall / Chris Rowlands,N/A,Funko Games,Matt Christianson / Korby Sears,Card Game / Movies / TV / Radio theme / Real-time,Action / Event / Cooperative Game / Hand Management / Matching / Once-Per-Game Abilities / Real-Time / Variable Player Powers / Variable Set-up,
8184,Jena 20,2008,,5.628,6.74,284,,1–2–,50,12+,1.88 / 5,Alan Emrich / Rodger B. MacGowan / Joseph Miranda,John R. Cooper / Mark Simonitch,GMT Games / RBM Studio / Victory Point Games,N/A,Napoleonic / Wargame,Hexagon Grid,
8185,Romolo o Remo?,2013,,5.628,6.56,364,,1–4–,150,12+,3.86 / 5,Michele Quondam,Lamberto Azzariti / Paula Simonetti,Giochix.it,N/A,Ancient / City Building / Civilization / Territory Building,Area Majority / Influence / Area Movement / Trading / Worker Placement,
8186,"Minuit, Meurtre en Mer",2017,Un jeu d'enquêtes policières scénarisées (jeu de base 1ère Edition).,5.628,7.09,227,,2–6–,60–90–,12+,2.00 / 5,Alain Luttringer,Baptiste Reymann / Fabrice Weiss,Multifaces Editions / Playagame Edizioni,N/A,Bluffing / Deduction / Exploration / Murder / Mystery / Travel,Action Points / Area Movement / Paper-and-Pencil,Reimplemented by: + 0more
8187,Rubik's Race,1982,Be the first to arrange a sliding puzzle to match the random pattern!,5.628,6.07,1004,$19.46,2,5,7+,1.23 / 5,Erno Rubik / Marvin A. Silbermintz,(Uncredited),(Unknown) / Arxon / Estrela / Éveil & Jeux / Goliath Games / Green Board Game Co. / Hasbro / Hilco Corporation / Ideal / Jumbo / Korea Boardgames / Kroeger Inc. / MindWare / Spin Master Ltd. / University Games,N/A,Puzzle / Real-time,Grid Movement / Memory / Pattern Building,
8188,Ouch!,2022,Dare to take the card with the most flowers and risk being pricked by the cactus!,5.628,6.06,948,$16.99,2–5–,10–15–,5+,1.05 / 5,Romain Caterdjian / Théo Rivière,Fran Collado,Devir / 999 Games / Evrikus / Games7Days / KOSMOS,David Esbri,Environmental / Party Game,Push Your Luck,
8189,Adamastor,2017,Gain wealth by sailing the seas - if you overcome adverse weather and prevent mutiny.,5.628,7.41,198,,1–2–,15,12+,2.15 / 5,Orlando Sá,Orlando Sá,(Self-Published),N/A,Card Game / Exploration / Medieval / Nautical / Print & Play,Cooperative Game / Hand Management / Open Drafting / Point to Point Movement,Reimplemented by: + 0more
8190,1829,1974,Railroading begins in Britain with stock peddling.,5.628,6.97,250,,3–9–,360,12+,3.76 / 5,Francis Tresham,N/A,Hartland Trefoil Ltd.,N/A,Economic / Trains / Transportation,Commodity Speculation / Hexagon Grid / Network and Route Building / Stock Holding,
8191,The Best of Chronology,1997,Get historical events in correct chronological order.,5.628,6.66,313,,2–8–,30,8+,1.20 / 5,Jane Ruemmele,Sandra Johansson / Kisse Lindén,Great American Puzzle Factory / Kärnan / N.W. Damm & Søn (Damm),N/A,Card Game / Memory / Trivia,Memory / Push Your Luck,Reimplements: Chronology
8192,Swords & Sorcery: Quest and Conquest in the Age of Magic,1978,"Unique strategic fantasy battle in a richly thematic world, named with a wink and nod",5.628,6.98,272,,2–7–,180,12+,3.23 / 5,Greg Costikyan / Eric Goldberg,John H. Butterfield / Tim Kirk,"SPI (Simulations Publications, Inc.)",Greg Costikyan / Eric Goldberg,Adventure / Fantasy / Wargame,Action Points / Hexagon Grid / Ratio / Combat Results Table / Role Playing / Simulation / Variable Player Powers / Zone of Control,
8193,The Glorious Guilds of Buttonville,2025,Assemble villagers to help recover the glory of Buttonville.,5.628,7.14,205,$33.25,2–4–,30,8+,1.63 / 5,Christian Kudahl / Erik Andersson Sundén,Matt Owen,Ravensburger AG,Thorsten Gimmler,Fantasy,Set Collection,
8194,Q-Less,2018,Roll letter dice in this crossword solitaire game.,5.628,8.11,130,$14.95,1,,,1.25 / 5,Tom Sturdevant,N/A,Grand Isle Games,N/A,Word Game,Dice Rolling / Solo / Solitaire Game / Spelling,
8195,Terra Prime,2009,"Explore planets, expand Terran territory, exploit resources, and exterminate aliens.",5.628,6.25,485,$30.99,2–5–,60,10+,2.58 / 5,Seth Jaffee,Josh Cappel,Tasty Minstrel Games,N/A,Economic / Science Fiction / Space Exploration,Action Points / Dice Rolling / Modular Board / Pick-up and Deliver / Point to Point Movement,
8196,"Grand Illusion: Mirage of Glory, 1914",2004,German invasion of France and Belgium in 1914.,5.628,6.85,265,,1–2–,,12+,3.16 / 5,Ted Raicer,Rodger B. MacGowan / Mark Simonitch,GMT Games,N/A,Wargame / World War I,Action Points / Area-Impulse / Dice Rolling / Grid Movement / Hexagon Grid / Simulation,
8197,Einauge sei wachsam!,2009,Collect sets of cards to gather gems and compound your income.,5.628,6.26,479,,2–5–,45,10+,1.82 / 5,Michael Kiesling / Wolfgang Kramer,Eckhard Freytag / Markus Wagner,AMIGO,N/A,Card Game / Pirates,Set Collection,
8198,Three Battles of Manassas,2004,"Same battlefield, 2 historical battles, 1 hypothetical one.",5.628,7.81,159,,2,180,14+,3.29 / 5,Dean Essig / David A. Powell / Thomas Prowell,Dean Essig / Mark Maritato,The Gamers / Multi-Man Publishing,N/A,American Civil War / Wargame,Hexagon Grid,Reimplements: August Fury: The Second Battle of Manassas
8199,18VA: The Railroads Come to Virginia,2001,,5.628,7.11,198,,2–5–,210,14+,4.31 / 5,David G. D. Hecht,N/A,"(Self-Published) / (Web published) / Deep Thought Games, LLC / Golden Spike Games",N/A,Economic / Trains,Auction / Bidding / Market / Network and Route Building / Stock Holding / Tile Placement / Victory Points as a Resource,
8200,Prohis,2014,,5.628,6.21,545,,3–6–,20,10+,1.79 / 5,Marc Brunnenkant,Tony Rochon,Blackrock Games / ABBA Games / Arclight Games / Blue Orange Games / Heidelberger Spieleverlag / hobbity.eu / Mancalamaro / Playhouse Ltd,N/A,Bluffing / Card Game / Mafia,Bribery / Deduction / Hand Management / Negotiation / Pick-up and Deliver,
8201,Great War at Sea: The Mediterranean,1996,,5.628,6.85,285,,2,120,12+,2.78 / 5,Michael Bennighof / Brian L. Knipple,Peggy Coleman / Brien J. Miller,Avalanche Press Ltd.,N/A,Nautical / Wargame / World War I,Hexagon Grid / Minimap Resolution / Simultaneous Action Selection,Reimplemented by: + 0more
8202,Red Flags,2015,Players play matchmaker as they try to set up the 'Single' with the best date.,5.628,6.09,1123,,3–20–,15,16+,1.00 / 5,Jack Dire,Jack Dire,Jack Dire Studios / Skybound Tabletop,N/A,Card Game / Humor / Party Game,Storytelling,
8203,Munchkin Fu,2003,,5.628,5.86,2460,$109.99,3–6–,90,10+,1.73 / 5,Steve Jackson (I),Alex Fernandez (I) / Greg Hyland / John Kovalic / Gabby Ruenes,Hobby World / Pegasus Spiele / Raven Distribution / Steve Jackson Games,N/A,Card Game / Fighting / Humor,Dice Rolling / Trading / Variable Player Powers,Reimplements: Munchkin
8204,Farmageddon,2012,"Farmers plant, fertilize, and sabotage to compete for the best harvest.",5.628,6.09,794,,2–4–,30,14+,1.63 / 5,Grant Rodiek,Brett Bean / Erin Fusco / Phil Kilcrease,5th Street Games / (Self-Published) / Trefl Joker Line,N/A,Card Game / Farming / Humor,Hand Management / Take That,Reimplemented by: + 0more
8205,Shinobi WAT-AAH!,2014,,5.628,6.29,511,,2–4–,20–45–,10+,1.88 / 5,Théo Rivière,Mikael Brodu / Xavier Gueniffey Durin,Purple Brain Creations / IELLO / uplay.it edizioni,N/A,Card Game / Fantasy / Fighting,Hand Management / Worker Placement,
8206,Lock 'n Load Tactical: Heroes of the Nam,2015,,5.628,8.35,122,,2,60–240–,12+,3.50 / 5,Jeff Lewis,Nicolás Eskubi / David Julien / Marc von Martial,"Lock 'n Load Publishing, LLC.",N/A,Modern Warfare / Vietnam War / Wargame,Dice Rolling / Hexagon Grid / Simulation,Reimplements: Lock 'N Load: ANZAC Attack / Lock 'n Load: Forgotten Heroes – Vietnam
8207,Test of Fire: Bull Run 1861,2011,A great introductory ACW game - brings the battle to life in so many ways!,5.628,6.46,369,,2,45,10+,1.87 / 5,Martin Wallace,Jared Blando / Don Troiani,Mayfair Games,N/A,American Civil War / Wargame,Action Points / Area Majority / Influence / Dice Rolling,
8208,Critical Mass: Raijin vs Archon,2018,"Hardcore, Heavy Hitting Mech-On-Mech Combat!",5.628,6.84,263,,2,30,14+,2.00 / 5,Kevin Chang,Víctor Pérez Corbella / Stephen Gibson / John Guytan / Dimas Wijil Pamungkas / Michael Penn / Júlio Rocha / Andreas Zafiratos,Arcane Wonders / Dice Tower Essentials,N/A,Card Game / Fighting / Science Fiction,"Deck, Bag, and Pool Building / Hand Management / Rock-Paper-Scissors / Simultaneous Action Selection / Variable Player Powers",
8209,Letnisko,2013,Keep your resorts filled with Warsaw tourists. There's always money on the train!,5.628,6.64,324,,2–5–,45,8+,2.17 / 5,Karol Madaj,Urszula Michalska,Leonardo Games,N/A,Card Game / Economic,Worker Placement,
8210,"The Killing Ground: Campaign for Normandy, July-August 1944",2002,Regimental game of the Normandy campaign after D-Day.,5.628,8.14,136,,2–4–,300–2880–,14+,4.15 / 5,Mark Hinkle,Mark Hinkle,New England Simulations,N/A,Wargame / World War II,Chit-Pull System / Dice Rolling / Grid Movement / Hexagon Grid / Movement Points / Ratio / Combat Results Table / Scenario / Mission / Campaign Game / Simulation / Variable Set-up / Zone of Control,
8211,Disney Robin Hood: Sheriff of Nottingham Game,2023,"Help the poor, over-taxed villagers by sneaking goods past the Sheriff.",5.628,7.00,233,$14.99,3–5–,45,10+,1.83 / 5,Erica Bouyouris / Sérgio Halaban / André Zatz,Justin Gray,CMON Global Limited / Spin Master Ltd. / MIPL,N/A,Animals / Bluffing / Card Game / Fantasy / Humor / Medieval / Movies / TV / Radio theme / Negotiation / Party Game,Betting and Bluffing / Hand Management / Negotiation / Set Collection,Reimplements: Sheriff of Nottingham
8212,Apples to Apples,1999,Choose silly or clever word matches to win this popular party game.,5.627,5.74,19912,,4–10–,20–30–,12+,1.15 / 5,Matthew Kirby / Mark Alan Osterhaus,John Kovalic,"(Unknown) / 64 Ounce Games / Beverly Enterprises, Inc. / Excalibur Electronics / Holiday Games / Mattel, Inc. / Out of the Box Publishing / Pegasus Spiele / Tactic",N/A,Card Game / Humor / Party Game / Word Game,Hand Management / Player Judge / Simultaneous Action Selection,Reimplemented by: + 3more
8213,Dark Horse,2014,Careful timing and unexpected moves may help your secret racers - or will you switch?,5.627,6.50,360,,2–6–,15,8+,1.07 / 5,Lee Ju-Hwa,(Uncredited) / Lee Ju-Hwa,Bombyx / Magpie (Korean Co) / Moonster Games / Popcorn Games / ADC Blackfire Entertainment / Happy Baobab,N/A,Card Game / Racing / Sports,Betting and Bluffing / Hand Management,
8214,Forest Sky,2022,Get the most valuable sky of birds of prey.,5.627,6.82,254,,2–4–,15,8+,1.57 / 5,Scott Allen Czysz,Anastasia Khmelevska,Button Shy / Casual Game Revolution / Matagot,N/A,Animals / Card Game / Print & Play,Hand Management,
8215,Blood Bowl,1986,,5.627,6.14,709,,2,120,12+,2.67 / 5,Jervis Johnson,Brett Ewins / Piotr Łukaszewski / Aly Morrison,Descartes Editeur / Games Workshop Ltd. / Sfera,N/A,Fantasy / Sports / Wargame,Grid Movement / Simulation / Square Grid,Reimplemented by: + 3more
8216,Masters of Crime: Vendetta,2021,Can you track down the mole within your crime organization?,5.627,7.48,169,$18.49,1–6–,120–240–,14+,2.00 / 5,Lukas Setzke / Martin Student / Verena Wiechens,Jens Bringmann / Valentin Kopetzki,Noctis Verlag / KOSMOS / Thames & Kosmos,N/A,Adventure / Deduction / Mafia / Murder / Mystery,Connections / Cooperative Game / Deduction / Scenario / Mission / Campaign Game / Storytelling,
8217,Ape Town,2025,Rumble in the urban jungle.,5.627,7.30,183,$32.99,2–4–,45–60–,10+,2.25 / 5,Reiner Knizia,Lars Besten,Piatnik / Outset Media,N/A,Animals / Science Fiction / Territory Building,Area Majority / Influence / Hexagon Grid / Increase Value of Unchosen Resources / Open Drafting / Tile Placement,
8218,BEEEEES!,2017,Build your hive in this real time dice rolling and tile placement frenzy.,5.627,6.60,326,,2–5–,30,14+,2.13 / 5,Marcus Ross / Cara Ryan,Josh Cappel / Cara Ryan / Daniel Solis,Action Phase Games / Indie Boards & Cards / Water Bear Games,Travis R. Chance / Nick Little (I),Action / Dexterity / Dice / Real-time,Dice Rolling / Tile Placement,
8219,Dungeoneer: Den of the Wererats,2004,,5.627,6.32,497,,2,30,12+,2.11 / 5,Thomas Denmark,Thomas Denmark,Atlas Games / Truant Spiele,N/A,Adventure / Card Game / Dice / Exploration / Fantasy,Action Points / Dice Rolling / Hand Management / Modular Board / Variable Player Powers,
8220,Ninja Dice,2013,"A light, fast paced, push your luck, strategy dice game!",5.627,5.97,1071,,2–5–,30,9+,1.29 / 5,Rocco Privetera,N/A,(Web published) / Edge Entertainment / Greenbrier Games / Heidelberger Spieleverlag,N/A,Dice / Party Game,Dice Rolling / Push Your Luck,
8221,Magic: The Gathering – Explorers of Ixalan,2017,,5.627,7.14,229,,2–4–,30,13+,3.00 / 5,Bryan Hawley / Peter Lee / Yoni Skolnik / Gavin Verhey,N/A,Wizards of the Coast,N/A,Card Game / Exploration / Fantasy / Territory Building,Hand Management / Player Elimination / Variable Player Powers,
8222,Hattrick,1995,Try to keep your hat on as you play two tricks at once!,5.627,6.49,331,,4–6–,30,10+,1.57 / 5,Klaus Palesch,Franz Vohwinkel,"AMIGO / U.S. Games Systems, Inc.",N/A,Card Game,Trick-taking,
8223,Crash Tackle Rugby Board Game,2001,Coach a team of 15 Rugby Union Players in a game of tactics and skill.,5.627,7.70,171,,2,40–160–,10+,2.47 / 5,Marco Fuini,N/A,(Self-Published),N/A,Sports,Action Points / Dice Rolling / Grid Coverage / Grid Movement / Hexagon Grid,
8224,Black Powder: Second Edition,2009,,5.627,7.36,192,$48.05,2–120–,120–360–,12+,2.60 / 5,Jervis Johnson / Rick Priestley / John Stallard,Anna Bereza / Peter Dennis / Daniel Faulconbridge / Alan Perry / Michael Perry,Warlord Games,N/A,Age of Reason / American Civil War / American Revolutionary War / Book / Miniatures / Napoleonic / Post-Napoleonic / Wargame,Dice Rolling / Simulation,Reimplemented by: + 0more
8225,Prowler's Passage,2018,"Steal the best items, create the longest passages, and control districts!",5.627,6.71,292,$19.96,2,25,12+,1.88 / 5,J. Alex Kevern,Csaba Bernáth / Pedro Henrique Cardoso,Renegade Game Studios,Stephanie Straw,Medieval / Territory Building,Area Majority / Influence / Network and Route Building / Set Collection,
8226,Dungeon Decorators,2021,Nefarious interior designers create a dungeon design to impress their evil clients.,5.627,6.99,234,$28.00,2–4–,40–80–,10+,2.50 / 5,Jeff LaFlam,T.L. Simons,SlugFest Games,N/A,Fantasy / Humor / Maze / Territory Building,Contracts / End Game Bonuses / Map Addition / Open Drafting / Set Collection / Tile Placement / Turn Order: Auction,
8227,1980 Sixtina,2024,Restore Michelangelo's Sistine Chapel to the best of your ability.,5.627,7.03,218,,2–4–,45,10+,2.09 / 5,José Antonio Abascal Acebo,Pedro Soto,Looping Games / Biberstein Spiele,Ferran Renalias,Religious,Area Majority / Influence / Hand Management,
8228,Time Agent,1992,Rewrite galactic history with time machines and agents until you get it right!,5.627,6.64,292,,2–6–,180–360–,12+,3.46 / 5,Thomas Lehmann,Armand Cabrera / Carolyn Wales,Prism Games / TimJim Games,N/A,Science Fiction,Variable Player Powers,
8229,BrilliAnts,2017,Are you the most brilliant of ant queens?  Outwit rivals to prove it!,5.627,6.83,338,,1–6–,30–80–,14+,2.29 / 5,Maxime Tardif,Angga Satriohadi,Sphere Games,N/A,Animals / Card Game / Environmental / Territory Building,Action Queue / Area Majority / Influence / Grid Movement / Hand Management / Variable Player Powers,Reimplemented by: + 0more
8230,Dark Horse,2012,"Build towns, cities, and rails to grow your wild west territories.",5.627,6.67,296,,1–4–,90,10+,2.64 / 5,Don Lloyd,"Thomas P. Reidy, III","Knight Works, LLC",Paul Incao,American West / Dice / Territory Building / Trains,Dice Rolling / Network and Route Building / Variable Player Powers / Worker Placement / Worker Placement with Dice Workers,
8231,Forgotten Depths,2022,A light dungeon-crawling adventure with unique puzzle mechanisms.,5.627,7.11,222,,1–3–,45–135–,10+,2.41 / 5,Peter Albertson,Marian Churchland,Grand Gamers Guild / Void Knight Games,N/A,Adventure / Exploration / Fantasy,"Cooperative Game / Deck, Bag, and Pool Building / Hand Management / Modular Board / Tile Placement",
8232,Unlock!: Timeless Adventures – Arsène Lupin und der große weiße Diamant,2019,Experience a jewel race in the early 20th century Paris,5.627,7.41,161,,1–6–,60,10+,0.00 / 5,Aristide Bruyant,Pierre Santamaria,Space Cowboys,N/A,Card Game / Exploration / Novel-based / Puzzle / Real-time,Cooperative Game / Storytelling,
8233,Lobositz: First Battle of the Seven Years War,2005,Hex-and-counter game of tactical level linear warfare in the Age of Reason.,5.627,8.07,156,,2,360,12+,3.93 / 5,Paul Dangel,Rick Barber / Terry Leeds,Clash of Arms Games,N/A,Age of Reason / Wargame,Dice Rolling / Hexagon Grid / Line of Sight / Simulation,
8234,Dice Heist,2016,Daring art heists with a roll of the dice!,5.627,6.23,526,,2–5–,20,14+,1.08 / 5,Trevor Benjamin / Brett J. Gilbert,Natalie Riess / Steven Tu,Alderac Entertainment Group,N/A,Dice,Dice Rolling / Push Your Luck / Set Collection,
8235,Choose Your Own Adventure: War with the Evil Power Master,2019,The Evil Power Master will destroy the galaxy unless you can stop him!,5.627,6.05,865,$129.95,1–99–,60,10+,1.42 / 5,Prospero Hall / Ket Ng,Forrest-Pruzan Creative,Z-Man Games,Korby Sears,Card Game / Novel-based,Cooperative Game / Dice Rolling / Hand Management / Narrative Choice / Paragraph / Solo / Solitaire Game / Storytelling,
8236,Scripts and Scribes: The Dice Game,2012,,5.627,6.51,343,,2–5–,30,10+,1.61 / 5,Steve Finn,Sean S,Dr. Finn's Games,N/A,Bluffing / Dice / Medieval,Auction / Bidding / Dice Rolling / Push Your Luck / Set Collection,Reimplements: Biblios | Reimplemented by: + 0more
8237,Ark & Noah,2012,,5.627,6.61,318,,2–4–,45,8+,2.74 / 5,Stefano Groppi,Paolo Vallerga / Ivan Zoni,ElfinWerks / Placentia Games / Post Scriptum,P.S. Martensen,Animals / Nautical / Novel-based / Religious,Area Majority / Influence / Enclosure / Variable Phase Order / Worker Placement,
8238,Shadows of Brimstone: Valley of the Serpent Kings,2023,,5.627,8.53,129,$93.03,1–4–,90–180–,15+,3.25 / 5,Jason C. Hill,Brian Snoddy,Flying Frog Productions,N/A,Adventure / Fantasy / Fighting / Horror / Miniatures,Cooperative Game / Dice Rolling / Grid Movement / Modular Board / Role Playing / Variable Player Powers,
8239,Roll'n Bump,2011,"Roll dice to claim point cards, and collect different sets, if you don't get bumped.",5.627,6.23,589,,2–5–,20,8+,1.17 / 5,Louis-Nicolas Dozois,Bernard Cabarrou / Louis-Nicolas Dozois,"BOOM Editions / The Game Crafter, LLC / Gigamic / Les jouets BOOM, Inc.",N/A,Card Game / Dice,Dice Rolling / Ladder Climbing / Push Your Luck / Set Collection,
8240,Los Banditos,2008,"Two player dice game where bandits compete head to head for ""booty tiles"".",5.627,6.31,433,,2,15,8+,1.41 / 5,Reiner Knizia,Dennis Lohausen,Schmidt Spiele,N/A,Dice,Dice Rolling / Set Collection,Reimplements: Schotten Totten
8241,Studies in Sorcery,2021,"Complete arcane projects with spooky, chilling components.",5.627,7.08,219,,1–4–,30–60–,10+,2.29 / 5,Chris Glein,Chris Glein / Katie Khau,Weird Giraffe Games,N/A,Card Game / Fantasy,Contracts / Hand Management / Open Drafting / Push Your Luck,
8242,"Escape Room: The Game – Puzzle Adventures: The Baron, The Witch & The Thief",2021,Assemble the jigsaw puzzles to find the clues to help your wife escape execution!,5.627,7.30,181,,1–2–,150,16+,1.67 / 5,N/A,N/A,Identity Games International B.V. / Cranio Creations / Noris Spiele / ToyRock Oy (TRG Games),N/A,Puzzle,Cooperative Game / Deduction / Elapsed Real Time Ending / Solo / Solitaire Game,Reimplements: Escape Room: The Game
8243,Claim It!,2006,Stake gold claims with 2 dice and try to string them together.,5.627,6.19,545,,2–5–,40,8+,1.45 / 5,Kris Gould,Mike Raabe,Wattsalpoag Games,N/A,American West / Dice,Area Majority / Influence / Dice Rolling / Push Your Luck,
8244,Harry's Grand Slam Baseball Game,1962,"Two managers use a three-card hand to play a quick, but full, baseball game.",5.627,6.34,428,,2,15–20–,8+,1.12 / 5,Harry Obst,Cathleen Quinn-Kinney / Lisa Teach-Swaziek,Olympic Card Company / Out of the Box Publishing,N/A,Card Game / Sports,Hand Management / Simulation,
8245,Moonshine,2025,Grow your speakeasy in the shadow of Prohibition to reach 12 prestige points.,5.627,6.43,410,,2–5–,30,10+,1.89 / 5,Thomas Dupont,Maxime Morin,BLAM ! / 25th Century Games / Hachette Boardgames UK,N/A,Animals / Card Game / Dice / Mafia,Contracts / Dice Rolling / Die Icon Resolution / Hand Management / Melding and Splaying / Multi-Use Cards / Race / Real-Time / Set Collection / Simultaneous Action Selection / Tags,
8246,A4 Quest,2017,Roll your way though a dangerous adventure to complete the quest.,5.627,6.62,405,,1–2–,5–15–,8+,1.88 / 5,Michał Jagodziński / Paweł Niziołek / Jarosław Wajs,Paweł Niziołek / Jarosław Wajs,(Web published) / Board&Dice / Thistroy Games,N/A,Adventure / Fantasy / Print & Play,Area Movement / Dice Rolling / Solo / Solitaire Game,Reimplemented by: + 0more
8247,Double Bananagrams,2009,"Double the tiles, Double the fun! Real time crosswords, now with up to 16 players!",5.627,6.96,226,,2–16–,15,7+,1.13 / 5,Abe Nathanson / Rena Nathanson,N/A,"Bananagrams, Inc.",N/A,Real-time / Word Game,Race / Real-Time / Spelling / Tile Placement,Reimplements: Bananagrams
8248,Donnerschlag: Escape from Stalingrad,2022,Will the German player be able to relieve the Stalingrad pocket?,5.626,8.02,149,,2,300–480–,14+,2.77 / 5,Patrick Gebhardt / Pepito Sbazzeguti,Pablo Bazerque,VUCA Simulations,Patrick Gebhardt,Wargame / World War II,Hexagon Grid,
8249,Octopus' Garden,2011,Compete to create the most beautiful octopus' garden.,5.626,6.52,355,,2–4–,45,10+,1.52 / 5,Roberta Taylor,Mark Poole,"Valley Games, Inc.",N/A,Animals / Educational / Environmental,Bias / Income / Market / Pattern Building / Set Collection / Simulation / Static Capture / Tile Placement,Reimplemented by: + 0more
8250,Paramedics: Clear!,2017,Use your resources to heal your patients quickly in this raucous timed-turns game.,5.626,6.75,272,,1–4–,30–40–,14+,2.29 / 5,Gary Kagan,Curt Covert / Gary Kagan / Eric Wilkerson,Boardgame Mall / Mandoo Games / Smirk & Dagger Games,N/A,Card Game / Medical / Real-time,Hand Management / Push Your Luck,
8251,Anno Domini 1666,2019,A swashbuckling game of intrigue and mystery set in alternate reality of 17th century,5.626,8.52,192,,2,60–120–,14+,3.47 / 5,Konrad Sosiński / Rafał Szwelicki,Pavel Chuvin / Monika Sochacka / Marek Szyszko,Wargamer Games Studio,N/A,Adventure / Age of Reason / Fantasy / Miniatures,Grid Movement / Hand Management / Variable Player Powers,
8252,Pumafiosi,2022,Earn your way to the top of the Pumafia Hierarchy while knocking down rival families!,5.626,6.41,400,$25.00,2–5–,10–30–,8+,1.34 / 5,Reiner Knizia,Paul Halkyon,Bitewing Games,N/A,Animals / Card Game / Mafia,Hand Management / Once-Per-Game Abilities / Push Your Luck / Score-and-Reset Game / Slide / Push / Trick-taking / Turn Order: Stat-Based,Reimplements: Rooster Booster
8253,Rapa Nui,2020,"Carve, transport, and erect Moaï to secure your spiritual and political prowess.",5.626,6.76,306,,2–4–,45,10+,2.50 / 5,Fabrice Besson / Guillaume Montiage,Miguel Coimbra,Matagot,N/A,N/A,Network and Route Building / Ownership / Pick-up and Deliver / Set Collection / Worker Placement,Reimplements: Giants
8254,Candy Lab,2020,,5.626,6.44,403,,2–4–,15,8+,1.27 / 5,Thomas Danede,Alain Boyer,Funnyfox / Arrakis Games / Cranio Creations / Geronimo Games / Hobby Japan,N/A,N/A,Hand Management / Pattern Building,
8255,Rowdy Partners,2025,Western wrestlers work together to defeat opposing teams.,5.626,7.08,219,$24.99,2–4–,30–60–,14+,1.67 / 5,Jason Hager / Darren Reckner,Amelia Sales,Capstone Games,Christopher Paul High,American West / Card Game / Sports,Team-Based Game / Trick-taking / Variable Player Powers,
8256,Ciúb,2014,Rival druids must master fluctuating mana/dice pools to perform rituals.,5.626,6.14,597,,2–4–,45,10+,1.92 / 5,Thomas Lehmann,Dennis Lohausen,AMIGO,N/A,Dice,Dice Rolling / Set Collection,
8257,Streets of Stalingrad (Third Edition),2003,,5.626,7.47,200,,2–8–,120,12+,4.17 / 5,Dana Lombardy / Art Lupinacci,Art Lupinacci / Rodger B. MacGowan / Joe Youst,L2 Design Group,N/A,Wargame / World War II,Hexagon Grid,Reimplements: Battle for the Factories / Streets of Stalingrad
8258,Humanity,2023,Expand your base on Titan and achieve scientific experiences.,5.626,6.64,337,,2–4–,90,14+,2.60 / 5,Yoann Levet,Fred Augis / Paul Chadeisson / Pierre Lazarevic / Remy Paul,Bombyx / Hobby Japan / MM-Spiele,N/A,City Building / Space Exploration,Hidden Victory Points / Order Counters / Tech Trees / Tech Tracks / Tile Placement / Worker Placement / Worker Placement with Dice Workers,
8259,Cthulhu: A Deck Building Game,2016,,5.626,6.76,309,,1–6–,45–120–,14+,2.63 / 5,Philip Loyer,Graham Sisk,Wyvern Gaming,N/A,Card Game / Horror,"Cooperative Game / Deck, Bag, and Pool Building / Hand Management",
8260,Offshore,2019,Semi-cooperatively build oil reserves off the coast of Norway.,5.626,6.79,277,,3–5–,60,10+,2.31 / 5,Thor Egil Braadland / Kristian Amundsen Østby / Eilif Svensson,Gjermund Bohne / Knut Løvås,Aporta Games,N/A,Economic / Negotiation,Network and Route Building / Push Your Luck / Team-Based Game,
8261,Slide Blast,2016,Launch yourself down the waterpark's exhilarating rides!,5.626,6.60,311,,2–6–,20,7+,1.22 / 5,Sam-goo / Evan Song,Agsty Im / Tomasz Larek / Christophe Swal,Broadway Toys LTD / FoxGames / FoxMind / Happy Baobab / Mandoo Games,N/A,Sports / Territory Building,Hand Management / Network and Route Building / Tile Placement,Reimplemented by: + 0more
8262,Cantaloop: Book 3 – Against All Odds,2023,Solve puzzles to gather your team and take revenge.,5.626,7.62,148,$14.89,1–2–,360–720–,16+,2.00 / 5,Friedemann Findeisen / Grzegorz Kobiela,Kerstin Buzelan / Anna Ginsman,Lookout Games,N/A,Adventure / Book / Deduction / Exploration / Humor / Puzzle / Video Game Theme,Cooperative Game / Deduction / Role Playing / Scenario / Mission / Campaign Game / Solo / Solitaire Game / Storytelling,
8263,The Thing,2010,Antarctica 1982. One team starts human - the other is weird and pissed off.,5.626,6.87,259,,2–4–,45,18+,2.45 / 5,Mark Chaplin,Viktor Csete,(Self-Published) / (Web published),N/A,Bluffing / Card Game / Deduction / Fighting / Horror / Mature / Adult / Movies / TV / Radio theme / Print & Play / Science Fiction,Cooperative Game / Dice Rolling / Hand Management / Secret Unit Deployment / Team-Based Game / Worker Placement,
8264,Mound Builders,2014,Defend the Mississippian culture of ancient America in this solitaire game.,5.626,7.15,198,,1,60,13+,2.63 / 5,Wes Erni / Ben Madison,Tim Allen / Michelle Ball,Victory Point Games,N/A,Ancient / Civilization / Economic,Area Movement / Campaign / Battle Card Driven / Dice Rolling / Solo / Solitaire Game,
8265,Buffalo Wings,2010,Dip your wing into the history of the 1940's air battles between Finland and USSR.,5.626,8.14,156,,2,180,,2.88 / 5,J. D. Webster,Dave Friedrichs / Craig Grando / Ian Wedge,"Against the Odds / LPS, Inc.",N/A,Aviation / Flight / Wargame / World War II,Dice Rolling / Hexagon Grid / Simulation,Reimplemented by: + 0more
8266,Imperial Tide: The Great War 1914-1918,2022,Card-driven simulation of the entire Great War - 2-player and solitaire game.,5.626,7.93,142,,1–2–,180–240–,14+,2.31 / 5,Gregory M. Smith,Tim Allen / Brien J. Miller,Compass Games,N/A,Wargame / World War I,Area Movement / Card Play Conflict Resolution / Dice Rolling / Point to Point Movement / Simulation / Solo / Solitaire Game,
8267,Templar: The Secret Treasures,2013,,5.626,6.38,429,,2–5–,60,8+,2.23 / 5,Jesús Torres Castro,Oliver Schlemmer / Claus Stephan,Queen Games,N/A,Adventure / Exploration / Medieval,Area Movement,Reimplements: Palacio de Viana
8268,Duck,2020,Keep a high card for scoring or bet that you are the lowest. What's your move?,5.626,6.61,302,,3–5–,15,8+,1.20 / 5,Johannes Krenner,Christian Fiore / Fiore GmbH / Manu Palau,HUCH! / Brain Picnic / Egmont Polska / White Goblin Games / Zacatrus / Zvezda,N/A,Card Game,Push Your Luck / Set Collection,
8269,Neue Spiele im alten Rom,1994,Compendium of rules for games you can make yourself.,5.626,6.85,254,,2–7–,20–60–,10+,2.31 / 5,Reiner Knizia,Franz Vohwinkel,"New Games Order, LLC / Piatnik",N/A,Abstract Strategy / Game System,N/A,Reimplemented by: + 0more
8270,"Bloody April, 1917: Air War Over Arras, France",2012,"An operational simulation of WWI air combat on the Western Front, 1917.",5.626,7.24,230,,1–2–,120,,4.09 / 5,Terry Simo,Rodger B. MacGowan / Ian Wedge,GMT Games,N/A,Aviation / Flight / Wargame / World War I,Dice Rolling / Events / Grid Movement / Hexagon Grid / Scenario / Mission / Campaign Game / Simulation,
8271,Decktective: The Will without an Heir,2021,Investigate on a murder connected to the Dutch East India Company in 1698.,5.626,6.79,254,,1–6–,60,12+,1.40 / 5,Martino Chiacchiera / Silvano Sorrentino,Cristiana Leone,DV Games / ABACUSSPIELE / Albi / FoxGames / Hobby World / Super Meeple,N/A,Card Game / Deduction / Murder / Mystery / Puzzle,Cooperative Game / Hand Management / Memory / Storytelling,
8272,Heckmeck Barbecue,2010,,5.626,6.26,489,,2–5–,25,8+,1.48 / 5,Reiner Knizia,Doris Matthäus / Eva Paster,999 Games / Noris Spiele / Zoch Verlag,N/A,Animals / Dice,Dice Rolling / Push Your Luck,Reimplements: Pick-omino
8273,Dead Man's Hand,2013,,5.626,7.82,149,,2–6–,45,11+,2.14 / 5,Stuart McCorquodale / Mark Wheatley (II),N/A,Great Escape Games / Studio Tomahawk,N/A,American West / Book / Miniatures / Post-Napoleonic / Wargame,Dice Rolling / Measurement Movement / Simulation,Reimplemented by: + 0more
8274,Dragonbond: Lords of Vaala,2023,"Dragons raid, generals raise armies to command, play as both, find your dragonbond.",5.626,7.11,292,,1–4–,60,14+,2.58 / 5,William Burgos / Tamsin Caesar / Alessio Cavatore,Irene Aretia / Tom Babbey / Aldo Domínguez (Eyari) / Steve Prescott / Todd Ulrich / Tyler Walpole / Adam Wesierski,Draco Studios / Lifestyle Boardgames Ltd / River Horse (Europe) Ltd,William Burgos / Alessio Cavatore,Dice / Fantasy / Miniatures,Action / Event / Action Queue / Area Majority / Influence / Command Cards / Critical Hits and Failures / Dice Rolling / Hand Management / Programmed Movement / Semi-Cooperative Game / Variable Player Powers / Victory Points as a Resource,
8275,Super-Skill Pinball: Holiday Special,2022,A holiday themed pinball roll-and-write.,5.626,7.11,196,$19.99,1–4–,15–45–,12+,2.00 / 5,Geoff Engelstein,N/A,WizKids (I),N/A,Dice / Movies / TV / Radio theme,Bingo / Dice Rolling / Paper-and-Pencil / Roll / Spin and Move / Solo / Solitaire Game,Reimplements: Super-Skill Pinball: 4-Cade / Super-Skill Pinball: Ramp it Up! | Reimplemented by: + 0more
8276,Web of Spies,2014,Travel the World Battling Other Spies Using Various Resources.,5.626,7.33,218,,2–4–,60,14+,1.94 / 5,Cole Medeiros,Christine MacTernan / Kyle Van Meurs,Cole Medeiros Games / (Web published),N/A,Spies / Secret Agents,"Deck, Bag, and Pool Building / Hand Management / Push Your Luck / Take That",
8277,Moon Bunny,2025,"Hop around the moon, collect ingredients, and craft the ultimate elixir of life.",5.626,7.32,193,$44.99,1–4–,30–60–,14+,2.11 / 5,Pauline Kong / Marie Wong,Serene Chan,Hot Banana Games,N/A,Animals / Fantasy,Grid Movement / Set Collection / Solo / Solitaire Game / Tile Placement,
8278,FantasyForm,2024,"Rival alchemists, changing events, and powerful elemental forms shape your journey.",5.626,7.23,187,,1,10–30–,10+,2.20 / 5,Lucas Gentry,Dimitrije Crvencanin,Button Shy,Dustin Dobson,Card Game / Fantasy / Print & Play,Commodity Speculation / Solo / Solitaire Game,Reimplements: SpaceShipped
8279,Dice Cards,2023,A super-variable roll & write game featuring 50 unique mini games.,5.626,7.40,164,,1–99–,15–30–,7+,1.40 / 5,Tucker Smedes,Tristam Rossin,CardLords,N/A,Children's Game / Dice / Print & Play,Dice Rolling / Paper-and-Pencil / Solo / Solitaire Game / Variable Set-up,
8280,Yamslam,2008,A great mashup of Yahtzee and Poker.,5.626,6.28,515,$20.98,2–4–,15,8+,1.20 / 5,Thierry Denoual,Thierry Denoual,Blue Orange Games / Brainteasers / Gigamic / HUCH! / Schmidt Spiele,N/A,Dice / Party Game / Travel,Dice Rolling / Push Your Luck,
8281,Echoes of Emperors,2025,Develop your medieval empire's army and economy to conquer your opponents.,5.626,8.38,135,,2–4–,45–90–,14+,2.75 / 5,N/A,N/A,Volcaban Studio,N/A,Card Game / Civilization / Medieval / Renaissance,"Deck, Bag, and Pool Building / Grid Movement / Hand Management / Income / Moving Multiple Units / Multiple Maps / Variable Player Powers",
8282,"Into the Woods: The Battle of Shiloh, April 6-7, 1862",2022,The pivotal Western theater Civil War battle between Grant and A. S. Johnston.,5.626,8.17,149,,1–4–,180–480–,14+,4.26 / 5,Richard H. Berg / Bill Byrne / Richard Whitaker,Charles Kibler / Rodger B. MacGowan,GMT Games,Bill Byrne,American Civil War / Wargame,Dice Rolling / Hexagon Grid / Line of Sight,"Reimplements: Bloody April: The Battle of Shiloh, 1862"
8283,61 Feuilles d'automne,2022,Roll dice and make the best of them to enjoy Autumn before it's over.,5.626,6.52,349,,1–10–,20,8+,1.33 / 5,Théo Rivière,Hervine Galliou,Editions Philibert,N/A,Dice / Environmental / Print & Play,Bingo / Dice Rolling / Paper-and-Pencil / Race / Solo / Solitaire Game,Reimplemented by: + 2more
8284,Solar Titans,2023,Build your own ship and destroy your enemy ships by building the strongest card deck.,5.626,7.53,209,,1–4–,30–60–,14+,2.14 / 5,Phillip Gee / Xian Wu,Gainne Arban / Gloria R. / Riya Santra / Hong Sun,Solsora Games,N/A,Card Game / Fighting / Science Fiction / Wargame,Cooperative Game / Deck Construction / Grid Movement / Hand Management / Market / Resource to Move / Take That / Tile Placement,
8285,Par Odin,2018,"A solo, immersive and evolving puzzle game !",5.626,6.85,259,,1,5–30–,8+,2.27 / 5,Antonin Boccara,Michel Verdu,OldChap Games,N/A,Deduction / Mythology,Dice Rolling,
8286,Bahamas,2019,"The robbery was perfect, we had everything planned, except having parachutes...",5.626,6.39,429,,4–8–,30–45–,10+,1.30 / 5,Nicolas Normandon,Pierô,Matagot / Tranjis Games,N/A,Bluffing / Card Game / Dice,Dice Rolling / Open Drafting,
8287,Magic Trick,2023,A trick-taking game where you can't see your cards!,5.626,7.11,190,,3–5–,25–40–,13+,2.20 / 5,Christopher Wray,Megan Russell,(Self-Published),N/A,Card Game,Trick-taking,Reimplemented by: + 0more
8288,Masque of the Red Death,2018,Be the most popular noble to survive the night in Edgar Allan Poe's classic tale.,5.626,6.52,361,,4–7–,60–90–,14+,2.44 / 5,Adam Wyse,Gris Grimly,IDW Games,Nate Murray,Deduction / Novel-based,Action Queue / Hand Management / Memory / Take That,
8289,Priorities,2020,Try to predict player’ ranking of crazy choices,5.626,6.56,344,,3–6–,30,14+,1.00 / 5,N/A,N/A,Clarendon Games / Hasbro,N/A,Party Game,Cooperative Game,
8290,Cambria,2008,Surround the Romans and kick them out of Brittania!,5.626,6.41,415,,2–5–,20,8+,1.83 / 5,Eric B. Vogel,Brent Knudson / Eric B. Vogel,Closet Nerd Games / Sandstorm Productions LLC / Vainglorious Games,N/A,Ancient,Area Majority / Influence / Dice Rolling,
8291,En Route,2025,Become the best tour guide in a flip-and-write game with intense player interaction.,5.626,7.42,189,$35.00,1–4–,20–40–,14+,2.17 / 5,Philipp Ivanov,Ekaterina Mamontova,CrowD Games,Dan Lièvre / Alex Irons / Irina Sokolova,Transportation / Travel,Connections / Grid Coverage / Line Drawing / Network and Route Building / Paper-and-Pencil / Solo / Solitaire Game,
8292,Thud,2002,Dwarves and Trolls have been at war since forever. Who will win this battle?,5.626,6.28,551,,2,60,8+,2.59 / 5,Trevor Truran,Bernard Pearson,The Cunning Artificer / Mongoose Publishing / PS-Games,N/A,Abstract Strategy / Fantasy / Novel-based,Square Grid / Variable Player Powers,
8293,Dark Tomb: The Crypts of Aurelian,2023,Cooperative dungeon crawl through the tombs under Gorriah.,5.626,6.68,388,,1–5–,20–50–,12+,1.50 / 5,Andy Bergmann,Andy Bergmann / Daniel Rubio,Kozz Games,N/A,Adventure / Fantasy,Action / Event / Campaign / Battle Card Driven / Cooperative Game / Dice Rolling / Die Icon Resolution / Line of Sight / Solo / Solitaire Game / Variable Player Powers / Variable Set-up,
8294,Robotory,2006,A tug-of-war for control of three robots using a dwindling common suply of energy.,5.625,6.27,474,,2,15,8+,1.73 / 5,Susumu Kawasaki,Susumu Kawasaki,asmodee / Japon Brand / Kawasaki Factory,N/A,Abstract Strategy,Grid Movement,
8295,Hitster: Celebration,2025,With Hitster Celebration will add more to your Hitster party game.,5.625,7.47,163,$53.57,2–10–,30,16+,1.00 / 5,Marcus Carleson,N/A,Jumbo,N/A,Card Game / Music / Party Game / Trivia,N/A,
8296,Travel Blog,2010,Beat your fellow bloggers to countries that avoid too many costly border crossings.,5.625,6.07,683,,2–6–,25,8+,1.52 / 5,Vlaada Chvátil,David Cochard / Radim Pech / Milan Vavroň,Czech Games Edition (CGE) / Albi / Z-Man Games,N/A,Educational / Real-time / Travel,Point to Point Movement,
8297,Dokojong,2021,Keep your pooch hidden while spotting the dogs of other players.,5.625,6.38,406,,2–5–,20,9+,1.50 / 5,Jun Sasaki / Hayashi Shiina (椎名隼也),Jun Sasaki,Oink Games / Popcorn Games,N/A,Animals,Betting and Bluffing / Deduction,
8298,Swindler,2022,Swindle your way into the moneybags. But beware of police raids and fellow players!,5.625,6.36,435,$24.98,2–4–,45–60–,10+,1.88 / 5,Matthias Cramer,Lisa Forsch,Edition Spielwiese / Hobby Japan / Pegasus Spiele,N/A,Economic,Push Your Luck / Take That,
8299,Colorado Midland,2011,Mine owners compete to build railways in the Rocky Mountains.,5.625,6.91,223,$24.99,3–5–,45,12+,2.53 / 5,John Bohrer,Todd Sanders,Winsome Games / Rio Grande Games,N/A,Economic / Trains,Network and Route Building,
8300,Ausgerechnet Uppsala,2006,Is Berlin west or east to Copenhagen? And what about Uppsala?!,5.625,6.47,356,,2–6–,20,10+,1.30 / 5,Bernhard Lach / Uwe Rapp,Daniele Barletta / Cyril Bouquet / Sabine Kondirolli / Volker Maas,Ajax Games / Belleville (Бельвіль) / DV Games / Gémklub / Granna / HUCH! / KADABRA / MINDOK / Zvezda,N/A,Bluffing / Educational / Trivia,Betting and Bluffing / Score-and-Reset Game / Tile Placement,
